{
"type": "FeatureCollection",
"name": "barrios_oficiales_131",
"crs": { "type": "name", "properties": { "name": "urn:ogc:def:crs:OGC:1.3:CRS84" } },
"features": [
{ "type": "Feature", "properties": { "id_barrio": "17171", "nombre_barrio": "Villaverde Alto - Casco Histórico de Villaverde", "nombre_distrito": "Villaverde", "area_km2": 9.255, "distancia_centro_km": 8.214, "lat_c": 40.343037308646757, "lon_c": -3.708355090405588 }, "geometry": { "type": "Polygon", "coordinates": [ [ [ -3.692968130687341, 40.345845777482147 ], [ -3.692948130148007, 40.345835777180213 ], [ -3.692928129608673, 40.345115755441398 ], [ -3.692908129069339, 40.344185727362095 ], [ -3.692808126372669, 40.341875657616725 ], [ -3.692738124485, 40.339585588475217 ], [ -3.692648122057997, 40.33632549004669 ], [ -3.692648122057997, 40.336285488838975 ], [ -3.692648122057997, 40.336145484611983 ], [ -3.692588120439995, 40.334075422112889 ], [ -3.69253811909166, 40.33272538135261 ], [ -3.692508118282659, 40.331585346932819 ], [ -3.692488117743325, 40.330865325193997 ], [ -3.69243811639499, 40.32912527265853 ], [ -3.69233811369832, 40.325815172720361 ], [ -3.692298112619652, 40.324105121090675 ], [ -3.692278112080318, 40.323165092709438 ], [ -3.692328113428653, 40.321865053458801 ], [ -3.692288112349985, 40.320585014812018 ], [ -3.692298112619652, 40.320585014812018 ], [ -3.692308112889319, 40.320495012094661 ], [ -3.69233811369832, 40.320495012094661 ], [ -3.692548119361327, 40.320365008169603 ], [ -3.692748124754667, 40.320205003338749 ], [ -3.692868127990671, 40.320115000621399 ], [ -3.692998131496342, 40.32005499880983 ], [ -3.693018132035676, 40.320115000621399 ], [ -3.696158216711114, 40.322225064328208 ], [ -3.699618310015896, 40.322355068253273 ], [ -3.703118404399346, 40.322125061308931 ], [ -3.70803853707551, 40.323015088180519 ], [ -3.710078592087578, 40.323405099955714 ], [ -3.71253865842566, 40.323495102673064 ], [ -3.712908668403339, 40.325625166983727 ], [ -3.714448709932057, 40.328055240352235 ], [ -3.720168864181581, 40.330805323382428 ], [ -3.722688932137665, 40.332785383164179 ], [ -3.723668958565031, 40.333555406412628 ], [ -3.724928992543073, 40.334985449588338 ], [ -3.724418978790056, 40.338745563113264 ], [ -3.723988967194375, 40.341885657918652 ], [ -3.723498953980692, 40.345545768424302 ], [ -3.722408924586989, 40.354336033819017 ], [ -3.721778907597968, 40.358936172705896 ], [ -3.721168891148281, 40.363326305252286 ], [ -3.720988886294275, 40.364786349333777 ], [ -3.714158702111714, 40.364356336350873 ], [ -3.709768583727901, 40.36401632608532 ], [ -3.708098538693512, 40.363936323669897 ], [ -3.707988535727175, 40.363936323669897 ], [ -3.707098511726812, 40.363876321858328 ], [ -3.706368492041121, 40.363816320046759 ], [ -3.705158459411414, 40.363686316121694 ], [ -3.706068483951111, 40.359836199879418 ], [ -3.706498495546792, 40.358166149457439 ], [ -3.706608498513129, 40.357696135266821 ], [ -3.70683850471547, 40.356886110810656 ], [ -3.706998509030142, 40.356026084844849 ], [ -3.707068510917811, 40.35552606974845 ], [ -3.707068510917811, 40.354906051028912 ], [ -3.706898506333472, 40.354216030195879 ], [ -3.706728501749133, 40.353776016911048 ], [ -3.706328490962453, 40.353105996681869 ], [ -3.705988481793775, 40.352735985510535 ], [ -3.705768475861101, 40.352525979170046 ], [ -3.705418466422756, 40.352265971319916 ], [ -3.70513845887208, 40.352055964979435 ], [ -3.704878451860738, 40.351845958638947 ], [ -3.70313840493868, 40.350455916670953 ], [ -3.702548389028327, 40.349995902782261 ], [ -3.700698339139932, 40.348565859606559 ], [ -3.69903829437521, 40.347265820355922 ], [ -3.698348275768187, 40.346735804353735 ], [ -3.697898263633172, 40.34645579589975 ], [ -3.697568254734161, 40.346285790766977 ], [ -3.697178244217148, 40.346115785634197 ], [ -3.696818234509136, 40.345985781709139 ], [ -3.696328221295453, 40.345845777482147 ], [ -3.695798207003102, 40.345765775066717 ], [ -3.69493818381174, 40.345675772349367 ], [ -3.694498171946392, 40.345655771745513 ], [ -3.694108161429379, 40.345635771141659 ], [ -3.693388142013355, 40.345785775670578 ], [ -3.692968130687341, 40.345845777482147 ] ] ] } },
{ "type": "Feature", "properties": { "id_barrio": "17172", "nombre_barrio": "San Cristóbal", "nombre_distrito": "Villaverde", "area_km2": 1.082, "distancia_centro_km": 8.454, "lat_c": 40.341685754635783, "lon_c": -3.6882756516690143 }, "geometry": { "type": "Polygon", "coordinates": [ [ [ -3.692548119361327, 40.332735381654537 ], [ -3.692588120439995, 40.334075422112889 ], [ -3.692648122057997, 40.336145484611983 ], [ -3.692648122057997, 40.336285488838975 ], [ -3.692648122057997, 40.33632549004669 ], [ -3.692738124485, 40.339585588475217 ], [ -3.692808126372669, 40.341875657616725 ], [ -3.692908129069339, 40.344185727362095 ], [ -3.692928129608673, 40.345115755441398 ], [ -3.692968130687341, 40.345855777784074 ], [ -3.692468117203991, 40.34592577989757 ], [ -3.690328059495253, 40.346465796201677 ], [ -3.688007996932509, 40.347075814619288 ], [ -3.687227975898483, 40.347355823073272 ], [ -3.687117972932146, 40.347405824582914 ], [ -3.686657960527464, 40.347615830923402 ], [ -3.686267950010451, 40.347805836660029 ], [ -3.686097945426112, 40.347905839679314 ], [ -3.685927940841773, 40.348005842698591 ], [ -3.685717935178766, 40.348135846623656 ], [ -3.685557930864094, 40.348245849944867 ], [ -3.685297923852752, 40.348445855983421 ], [ -3.685087918189745, 40.348625861418128 ], [ -3.68483791144807, 40.348865868664397 ], [ -3.684767909560401, 40.34894587107982 ], [ -3.684717908212066, 40.349005872891389 ], [ -3.684667906863731, 40.349055874401031 ], [ -3.684497902279392, 40.34926588074152 ], [ -3.684457901200724, 40.349325882553089 ], [ -3.684427900391723, 40.349375884062731 ], [ -3.68433789796472, 40.34952588859165 ], [ -3.684267896077051, 40.349635891912854 ], [ -3.684177893650048, 40.349815897347561 ], [ -3.684097891492712, 40.349995902782261 ], [ -3.684007889065709, 40.350235910028537 ], [ -3.683787883133035, 40.350215909424676 ], [ -3.683787883133035, 40.348875868966324 ], [ -3.683787883133035, 40.347205818544353 ], [ -3.683787883133035, 40.346115785634197 ], [ -3.683787883133035, 40.345025752724048 ], [ -3.683777882863368, 40.344315731287161 ], [ -3.683767882593701, 40.343545708038704 ], [ -3.683767882593701, 40.342735683582532 ], [ -3.683757882324034, 40.342625680261328 ], [ -3.683747882054367, 40.341495646143464 ], [ -3.683747882054367, 40.34027560930825 ], [ -3.683787883133035, 40.339695591796421 ], [ -3.683847884751037, 40.339325580625086 ], [ -3.683927886908373, 40.338975570057606 ], [ -3.683977888256708, 40.338755563415191 ], [ -3.684067890683711, 40.338475554961207 ], [ -3.684157893110714, 40.33822554741301 ], [ -3.684297896886052, 40.33787553684553 ], [ -3.684527903088393, 40.337405522654912 ], [ -3.684757909290734, 40.337005510577789 ], [ -3.684967914953741, 40.336705501519951 ], [ -3.68533792493142, 40.336215486725479 ], [ -3.685727935448433, 40.335785473742575 ], [ -3.686187947853115, 40.335355460759672 ], [ -3.686517956752126, 40.335065452003761 ], [ -3.68693796807814, 40.334755442643988 ], [ -3.687327978595153, 40.334485434491938 ], [ -3.687697988572832, 40.334255427547589 ], [ -3.68813800043818, 40.33401542030132 ], [ -3.688608013112529, 40.333785413356978 ], [ -3.688988023359875, 40.333615408224198 ], [ -3.689488036843225, 40.33342540248757 ], [ -3.689968049787241, 40.333275397958644 ], [ -3.690328059495253, 40.333155394335513 ], [ -3.690688069203265, 40.333055391316229 ], [ -3.691118080798946, 40.332955388296952 ], [ -3.691488090776625, 40.332875385881529 ], [ -3.691928102641973, 40.332805383768033 ], [ -3.692548119361327, 40.332735381654537 ] ] ] } },
{ "type": "Feature", "properties": { "id_barrio": "17173", "nombre_barrio": "Butarque", "nombre_distrito": "Villaverde", "area_km2": 6.377, "distancia_centro_km": 8.907, "lat_c": 40.340081015722021, "lon_c": -3.6734014252684988 }, "geometry": { "type": "Polygon", "coordinates": [ [ [ -3.657517359950354, 40.32893193501247 ], [ -3.659887238628905, 40.327885235219455 ], [ -3.659867238089571, 40.327775231898251 ], [ -3.660317250224586, 40.327765231596317 ], [ -3.660517255617926, 40.32775523129439 ], [ -3.660687260202265, 40.327725230388609 ], [ -3.66083726424727, 40.327715230086682 ], [ -3.660987268292275, 40.327725230388609 ], [ -3.661107271528279, 40.327725230388609 ], [ -3.661227274764283, 40.32775523129439 ], [ -3.661367278539621, 40.327805232804032 ], [ -3.661477281505958, 40.327855234313674 ], [ -3.661567283932961, 40.327945237031024 ], [ -3.661667286629631, 40.32801523914452 ], [ -3.661807290404969, 40.32810524186187 ], [ -3.661957294449974, 40.328215245183081 ], [ -3.662187300652315, 40.328385250315854 ], [ -3.662267302809651, 40.32845525242935 ], [ -3.662317304157986, 40.328475253033204 ], [ -3.66243730739399, 40.328505253938992 ], [ -3.662477308472658, 40.3285452551467 ], [ -3.66253731009066, 40.328565255750561 ], [ -3.66263731278733, 40.328565255750561 ], [ -3.662697314405332, 40.328595256656342 ], [ -3.662737315484, 40.328635257864057 ], [ -3.662887319529005, 40.328755261487188 ], [ -3.663017323034676, 40.328835263902619 ], [ -3.663157326810014, 40.328915266318042 ], [ -3.663277330046018, 40.328935266921896 ], [ -3.663407333551689, 40.32895526752575 ], [ -3.663527336787693, 40.328945267223823 ], [ -3.663647340023697, 40.328945267223823 ], [ -3.663727342181033, 40.32895526752575 ], [ -3.663767343259701, 40.328995268733465 ], [ -3.663817344608036, 40.329055270545034 ], [ -3.664117352698046, 40.328885265412254 ], [ -3.665027377237743, 40.328475253033204 ], [ -3.664927374541073, 40.328415251221642 ], [ -3.665077378586078, 40.328255246390789 ], [ -3.665197381822082, 40.328145243069585 ], [ -3.665307384788419, 40.328055240352235 ], [ -3.665457388833424, 40.327955237332951 ], [ -3.665567391799761, 40.327875234917528 ], [ -3.6657373963841, 40.327785232200178 ], [ -3.665997403395442, 40.327635227671259 ], [ -3.666177408249448, 40.327515224048121 ], [ -3.666427414991123, 40.327335218613413 ], [ -3.666627420384463, 40.327205214688348 ], [ -3.666687422002465, 40.327155213178713 ], [ -3.666697422272132, 40.327135212574852 ], [ -3.666717422811466, 40.327105211669071 ], [ -3.666747423620467, 40.327055210159429 ], [ -3.666777424429468, 40.327005208649794 ], [ -3.666807425238469, 40.326945206838225 ], [ -3.666827425777803, 40.326885205026656 ], [ -3.666877427126138, 40.326765201403518 ], [ -3.666977429822808, 40.326615196874599 ], [ -3.667027431171143, 40.32655519506303 ], [ -3.667097433058812, 40.326455192043753 ], [ -3.667197435755482, 40.326325188118687 ], [ -3.66723743683415, 40.326295187212907 ], [ -3.667277437912818, 40.326265186307118 ], [ -3.66733743953082, 40.32622518509941 ], [ -3.667467443036491, 40.32614518268398 ], [ -3.667687448969165, 40.326035179362776 ], [ -3.667817452474836, 40.325975177551207 ], [ -3.667907454901839, 40.325935176343492 ], [ -3.667997457328842, 40.32587517453193 ], [ -3.668107460295179, 40.325785171814573 ], [ -3.668267464609851, 40.325665168191442 ], [ -3.66833746649752, 40.325625166983727 ], [ -3.668477470272858, 40.325545164568304 ], [ -3.668717476744866, 40.325405160341312 ], [ -3.668827479711203, 40.325345158529743 ], [ -3.668987484025875, 40.32526515611432 ], [ -3.669157488610214, 40.325185153698897 ], [ -3.669347493733887, 40.325125151887327 ], [ -3.669497497778892, 40.325075150377685 ], [ -3.669627501284563, 40.325045149471904 ], [ -3.66983750694757, 40.32502514886805 ], [ -3.670127514767913, 40.324995147962262 ], [ -3.670427522857923, 40.32502514886805 ], [ -3.671127541734613, 40.32526515611432 ], [ -3.671417549554956, 40.325335158227816 ], [ -3.672127568701313, 40.325555164870231 ], [ -3.672827587578003, 40.325715169701077 ], [ -3.673597608342362, 40.325945176645426 ], [ -3.674257626140384, 40.326095181174345 ], [ -3.674857642320404, 40.326085180872418 ], [ -3.675387656612755, 40.326105181476272 ], [ -3.675887670096105, 40.326105181476272 ], [ -3.676277680613118, 40.326195184193622 ], [ -3.67683769571447, 40.326355189024468 ], [ -3.677107702995479, 40.326425191137965 ], [ -3.677697718905832, 40.32646519234568 ], [ -3.677967726186841, 40.326485192949534 ], [ -3.678227733198183, 40.32646519234568 ], [ -3.678527741288193, 40.326385189930257 ], [ -3.678887750996205, 40.326345188722541 ], [ -3.679187759086215, 40.326345188722541 ], [ -3.679467766636891, 40.326235185401337 ], [ -3.679907778502239, 40.326065180268557 ], [ -3.680207786592249, 40.325865174229996 ], [ -3.680487794142925, 40.325635167285654 ], [ -3.680647798457597, 40.325375159435531 ], [ -3.6807378008846, 40.325185153698897 ], [ -3.680817803041936, 40.32494514645262 ], [ -3.680897805199272, 40.324755140715993 ], [ -3.68093780627794, 40.324615136489001 ], [ -3.681027808704943, 40.324525133771651 ], [ -3.681247814637617, 40.324375129242725 ], [ -3.681587823806295, 40.324125121694529 ], [ -3.681797829469302, 40.323955116561748 ], [ -3.682087837289645, 40.323755110523194 ], [ -3.682417846188656, 40.323585105390414 ], [ -3.682707854008999, 40.323495102673064 ], [ -3.682967861020341, 40.323445101163422 ], [ -3.683197867222682, 40.323385099351853 ], [ -3.68333787099802, 40.323325097540291 ], [ -3.683567877200361, 40.323205093917153 ], [ -3.683847884751037, 40.323035088784373 ], [ -3.684227894998383, 40.322745080028461 ], [ -3.684407899852389, 40.322605075801469 ], [ -3.684677907133398, 40.32245507127255 ], [ -3.684897913066072, 40.322355068253273 ], [ -3.685047917111077, 40.322265065535916 ], [ -3.685217921695416, 40.322205063724354 ], [ -3.685717935178766, 40.32210506070507 ], [ -3.686227948931783, 40.322035058591574 ], [ -3.686587958639795, 40.321995057383866 ], [ -3.686927967808473, 40.321935055572297 ], [ -3.687487982909825, 40.321945055874224 ], [ -3.687817991808836, 40.321915054968443 ], [ -3.688778017696868, 40.321655047118313 ], [ -3.689858046820904, 40.321365038362401 ], [ -3.690998077562942, 40.321025028096848 ], [ -3.691268084843951, 40.320935025379498 ], [ -3.691878101293638, 40.320615015717799 ], [ -3.69213810830498, 40.320515012698522 ], [ -3.692298112619652, 40.320495012094661 ], [ -3.692298112619652, 40.320585014812018 ], [ -3.692288112349985, 40.320585014812018 ], [ -3.692328113428653, 40.321865053458801 ], [ -3.692278112080318, 40.323165092709438 ], [ -3.692298112619652, 40.324105121090675 ], [ -3.69233811369832, 40.325815172720361 ], [ -3.69243811639499, 40.32912527265853 ], [ -3.692488117743325, 40.330865325193997 ], [ -3.692508118282659, 40.331585346932819 ], [ -3.692548119361327, 40.332735381654537 ], [ -3.691928102641973, 40.332805383768033 ], [ -3.691488090776625, 40.332875385881529 ], [ -3.691118080798946, 40.332955388296952 ], [ -3.690688069203265, 40.333055391316229 ], [ -3.690328059495253, 40.333155394335513 ], [ -3.689968049787241, 40.333275397958644 ], [ -3.689488036843225, 40.33342540248757 ], [ -3.688988023359875, 40.333615408224198 ], [ -3.688608013112529, 40.333785413356978 ], [ -3.68813800043818, 40.33401542030132 ], [ -3.687697988572832, 40.334255427547589 ], [ -3.687327978595153, 40.334485434491938 ], [ -3.68693796807814, 40.334755442643988 ], [ -3.686517956752126, 40.335065452003761 ], [ -3.686187947853115, 40.335355460759672 ], [ -3.685727935448433, 40.335785473742575 ], [ -3.68533792493142, 40.336215486725479 ], [ -3.684967914953741, 40.336705501519951 ], [ -3.684757909290734, 40.337005510577789 ], [ -3.684527903088393, 40.337405522654912 ], [ -3.684297896886052, 40.33787553684553 ], [ -3.684157893110714, 40.33822554741301 ], [ -3.684067890683711, 40.338475554961207 ], [ -3.683977888256708, 40.338755563415191 ], [ -3.683927886908373, 40.338975570057606 ], [ -3.683847884751037, 40.339325580625086 ], [ -3.683787883133035, 40.339695591796421 ], [ -3.683747882054367, 40.34027560930825 ], [ -3.683747882054367, 40.341495646143464 ], [ -3.683757882324034, 40.342625680261328 ], [ -3.683767882593701, 40.342735683582532 ], [ -3.683767882593701, 40.343545708038704 ], [ -3.683777882863368, 40.344315731287161 ], [ -3.683787883133035, 40.345025752724048 ], [ -3.683787883133035, 40.346115785634197 ], [ -3.683787883133035, 40.347205818544353 ], [ -3.683787883133035, 40.348875868966324 ], [ -3.683787883133035, 40.350235910028537 ], [ -3.683667879897031, 40.351325942938686 ], [ -3.683567877200361, 40.351495948071467 ], [ -3.683577877470028, 40.352755986114389 ], [ -3.683587877739695, 40.353626012382129 ], [ -3.683627878818363, 40.353756016307194 ], [ -3.68363787908803, 40.353886020232252 ], [ -3.683647879357697, 40.354586041367213 ], [ -3.683847884751037, 40.354846049217343 ], [ -3.683817883942036, 40.355166058879043 ], [ -3.683767882593701, 40.355516069446523 ], [ -3.683687880436365, 40.355856079712069 ], [ -3.683577877470028, 40.356226090883411 ], [ -3.683447873964357, 40.35655610084703 ], [ -3.683317870458686, 40.356826108999087 ], [ -3.683207867492349, 40.357026115037648 ], [ -3.683017862368676, 40.35734612469934 ], [ -3.682817856975336, 40.357626133153325 ], [ -3.682607851312329, 40.357896141305382 ], [ -3.682367844840321, 40.358176149759366 ], [ -3.682067836750311, 40.358496159421065 ], [ -3.681797829469302, 40.358806168780831 ], [ -3.681347817334287, 40.359326184481091 ], [ -3.680927806008273, 40.359716196256279 ], [ -3.680657798727264, 40.359506189915791 ], [ -3.679967780120241, 40.35877616787505 ], [ -3.679567769333561, 40.358386156099854 ], [ -3.679327762861553, 40.35819615036322 ], [ -3.679167758546881, 40.358086147042016 ], [ -3.678757747490534, 40.357886141003455 ], [ -3.678397737782522, 40.357746136776463 ], [ -3.67803772807451, 40.357606132549471 ], [ -3.677767720793501, 40.357456128020551 ], [ -3.677647717557497, 40.357386125907055 ], [ -3.677397710815822, 40.357116117754998 ], [ -3.677377710276488, 40.357086116849217 ], [ -3.677187705152815, 40.356796108093306 ], [ -3.677067701916811, 40.356336094204615 ], [ -3.676807694905469, 40.355456067634954 ], [ -3.676647690590797, 40.354926051632766 ], [ -3.676497686545792, 40.354566040763359 ], [ -3.676317681691786, 40.354186029290098 ], [ -3.676157677377114, 40.353966022647683 ], [ -3.675917670905106, 40.353786017212975 ], [ -3.675687664702765, 40.353716015099479 ], [ -3.675477659039758, 40.35365601328791 ], [ -3.675097648792412, 40.353606011778268 ], [ -3.675027646904743, 40.353596011476341 ], [ -3.674597635309062, 40.353466007551276 ], [ -3.674227625331383, 40.353326003324291 ], [ -3.67413762290438, 40.353296002418503 ], [ -3.67383761481437, 40.353005993662592 ], [ -3.673747612387367, 40.352765986416323 ], [ -3.673707611308699, 40.352465977358477 ], [ -3.673657609960364, 40.352125967092931 ], [ -3.673597608342362, 40.351865959242801 ], [ -3.673407603218689, 40.351355943844474 ], [ -3.67323759863435, 40.350895929955783 ], [ -3.673127595668013, 40.350655922709514 ], [ -3.673097594859012, 40.350605921199872 ], [ -3.673027592971343, 40.350545919388303 ], [ -3.672897589465672, 40.350425915765165 ], [ -3.672697584072332, 40.350295911840107 ], [ -3.672497578678992, 40.350195908820822 ], [ -3.672047566543977, 40.350015903386122 ], [ -3.671287546049285, 40.349755895535992 ], [ -3.670527525554593, 40.349575890101285 ], [ -3.67013751503758, 40.349435885874293 ], [ -3.66993750964424, 40.349325882553089 ], [ -3.669717503711566, 40.349185878326097 ], [ -3.669567499666561, 40.348975871985608 ], [ -3.669407495351889, 40.348625861418128 ], [ -3.669097486992212, 40.347705833640752 ], [ -3.669017484834876, 40.347415824884841 ], [ -3.668997484295542, 40.347145816732784 ], [ -3.669007484565209, 40.346785805863377 ], [ -3.669117487531546, 40.346185787747693 ], [ -3.66923749076755, 40.345805776274432 ], [ -3.669367494273221, 40.345655771745513 ], [ -3.66943749616089, 40.345505767216594 ], [ -3.66943749616089, 40.345365762989601 ], [ -3.669367494273221, 40.345235759064536 ], [ -3.669247491037217, 40.345135756045252 ], [ -3.66913748807088, 40.345045753327902 ], [ -3.66893748267754, 40.344925749704771 ], [ -3.668527471621193, 40.344795745779706 ], [ -3.667977456789508, 40.344665741854641 ], [ -3.667377440609488, 40.344515737325722 ], [ -3.666587419305795, 40.344315731287161 ], [ -3.665507390181759, 40.34414572615438 ], [ -3.665247383170417, 40.344095724644745 ], [ -3.664947375080407, 40.34396572071968 ], [ -3.664587365372395, 40.343745714077265 ], [ -3.664347358900387, 40.343465705623281 ], [ -3.664227355664383, 40.343185697169297 ], [ -3.664117352698046, 40.342825686299889 ], [ -3.664027350271043, 40.342615679959401 ], [ -3.664017350001376, 40.342595679355547 ], [ -3.66383734514737, 40.342345671807344 ], [ -3.663667340563031, 40.342115664863002 ], [ -3.663557337596694, 40.341885657918652 ], [ -3.663287330315685, 40.341345641614545 ], [ -3.663097325192012, 40.340825625914285 ], [ -3.66303732357401, 40.340575618366088 ], [ -3.66303732357401, 40.339885597533055 ], [ -3.663027323304343, 40.339485585455932 ], [ -3.662967321686341, 40.339185576398094 ], [ -3.662847318450337, 40.338985570359533 ], [ -3.662667313596331, 40.338855566434475 ], [ -3.662387306045655, 40.338675560999768 ], [ -3.662207301191649, 40.33855555737663 ], [ -3.662007295798309, 40.33837555194193 ], [ -3.661697287438632, 40.338095543487945 ], [ -3.66153728312396, 40.337865536543596 ], [ -3.66143728042729, 40.337605528693473 ], [ -3.661457280966624, 40.337055512087431 ], [ -3.661317277191286, 40.336495495179463 ], [ -3.660957267483274, 40.335965479177283 ], [ -3.66053725615726, 40.335415462571241 ], [ -3.65993723997724, 40.334885446569054 ], [ -3.659197220021882, 40.334205426037954 ], [ -3.658857210853204, 40.333825414564686 ], [ -3.658647205190197, 40.333385401279855 ], [ -3.658597203841862, 40.332805383768033 ], [ -3.658527201954193, 40.332495374408261 ], [ -3.658417198987856, 40.332135363538853 ], [ -3.658387198178855, 40.331855355084869 ], [ -3.658307196021519, 40.331595347234746 ], [ -3.657977187122508, 40.331035330326777 ], [ -3.657767181459501, 40.330555315834232 ], [ -3.657617177414496, 40.329835294095417 ], [ -3.657527174987493, 40.329285277489376 ], [ -3.657517359950354, 40.32893193501247 ] ] ] } },
{ "type": "Feature", "properties": { "id_barrio": "17174", "nombre_barrio": "Los Rosales", "nombre_distrito": "Villaverde", "area_km2": 1.541, "distancia_centro_km": 6.96, "lat_c": 40.355313356048768, "lon_c": -3.6884634573509536 }, "geometry": { "type": "Polygon", "coordinates": [ [ [ -3.683787883133035, 40.350235910028537 ], [ -3.683787883133035, 40.350215909424676 ], [ -3.684007889065709, 40.350235910028537 ], [ -3.684097891492712, 40.349995902782261 ], [ -3.684177893650048, 40.349815897347561 ], [ -3.684267896077051, 40.349635891912854 ], [ -3.68433789796472, 40.34952588859165 ], [ -3.684427900391723, 40.349375884062731 ], [ -3.684457901200724, 40.349325882553089 ], [ -3.684497902279392, 40.34926588074152 ], [ -3.684667906863731, 40.349055874401031 ], [ -3.684717908212066, 40.349005872891389 ], [ -3.684767909560401, 40.34894587107982 ], [ -3.68483791144807, 40.348865868664397 ], [ -3.685087918189745, 40.348625861418128 ], [ -3.685297923852752, 40.348445855983421 ], [ -3.685557930864094, 40.348245849944867 ], [ -3.685717935178766, 40.348135846623656 ], [ -3.685927940841773, 40.348005842698591 ], [ -3.686097945426112, 40.347905839679314 ], [ -3.686267950010451, 40.347805836660029 ], [ -3.686657960527464, 40.347615830923402 ], [ -3.687117972932146, 40.347405824582914 ], [ -3.687227975898483, 40.347355823073272 ], [ -3.688007996932509, 40.347075814619288 ], [ -3.690328059495253, 40.346465796201677 ], [ -3.692468117203991, 40.34592577989757 ], [ -3.692978130957008, 40.345835777180213 ], [ -3.693088133923345, 40.349575890101285 ], [ -3.693078133653678, 40.350935931163498 ], [ -3.693058133114344, 40.351685953808094 ], [ -3.693048132844677, 40.352215969810281 ], [ -3.693058133114344, 40.35277598671825 ], [ -3.693088133923345, 40.353886020232252 ], [ -3.693128135002013, 40.355066055859758 ], [ -3.693168136080681, 40.35655610084703 ], [ -3.69323813796835, 40.357816138889959 ], [ -3.693318140125686, 40.358986174215538 ], [ -3.693418142822356, 40.360036205917979 ], [ -3.693518145519026, 40.360876231279924 ], [ -3.693628148485363, 40.361726256943811 ], [ -3.694018159002376, 40.364526341483646 ], [ -3.693888155496705, 40.364516341181719 ], [ -3.693258138507684, 40.364466339672077 ], [ -3.69223811100165, 40.364386337256654 ], [ -3.691658095360964, 40.364316335143158 ], [ -3.691258084574284, 40.364266333633516 ], [ -3.690628067585263, 40.364166330614239 ], [ -3.690058052214244, 40.364056327293035 ], [ -3.689458036034224, 40.363906322764109 ], [ -3.68903802470821, 40.363786319140978 ], [ -3.687247976437817, 40.363196301327221 ], [ -3.685407926819089, 40.362536281399976 ], [ -3.683147865874347, 40.361726256943811 ], [ -3.681917832705306, 40.361296243960901 ], [ -3.681517821918626, 40.360216211352679 ], [ -3.681507821648959, 40.360186210446898 ], [ -3.681467820570291, 40.360086207427614 ], [ -3.681317816525286, 40.359916202294841 ], [ -3.680947806547607, 40.35974619716206 ], [ -3.681347817334287, 40.359326184481091 ], [ -3.681797829469302, 40.358806168780831 ], [ -3.682067836750311, 40.358496159421065 ], [ -3.682367844840321, 40.358176149759366 ], [ -3.682607851312329, 40.357896141305382 ], [ -3.682817856975336, 40.357626133153325 ], [ -3.683017862368676, 40.35734612469934 ], [ -3.683207867492349, 40.357026115037648 ], [ -3.683317870458686, 40.356826108999087 ], [ -3.683447873964357, 40.35655610084703 ], [ -3.683577877470028, 40.356226090883411 ], [ -3.683687880436365, 40.355856079712069 ], [ -3.683767882593701, 40.355516069446523 ], [ -3.683817883942036, 40.355166058879043 ], [ -3.683847884751037, 40.354846049217343 ], [ -3.683647879357697, 40.354586041367213 ], [ -3.68363787908803, 40.353886020232252 ], [ -3.683627878818363, 40.353756016307194 ], [ -3.683587877739695, 40.353626012382129 ], [ -3.683577877470028, 40.352755986114389 ], [ -3.683567877200361, 40.351495948071467 ], [ -3.683667879897031, 40.351325942938686 ], [ -3.683787883133035, 40.350235910028537 ] ] ] } },
{ "type": "Feature", "properties": { "id_barrio": "17175", "nombre_barrio": "Ángeles", "nombre_distrito": "Villaverde", "area_km2": 1.934, "distancia_centro_km": 6.85, "lat_c": 40.355296250768333, "lon_c": -3.7001019833144029 }, "geometry": { "type": "Polygon", "coordinates": [ [ [ -3.694008158732709, 40.364526341483646 ], [ -3.693628148485363, 40.361726256943811 ], [ -3.693518145519026, 40.360876231279924 ], [ -3.693418142822356, 40.360036205917979 ], [ -3.693318140125686, 40.358986174215538 ], [ -3.69323813796835, 40.357816138889959 ], [ -3.693168136080681, 40.35655610084703 ], [ -3.693128135002013, 40.355066055859758 ], [ -3.693088133923345, 40.353886020232252 ], [ -3.693058133114344, 40.35277598671825 ], [ -3.693048132844677, 40.352215969810281 ], [ -3.693058133114344, 40.351685953808094 ], [ -3.693078133653678, 40.350935931163498 ], [ -3.693088133923345, 40.349575890101285 ], [ -3.692968130687341, 40.345845777482147 ], [ -3.693388142013355, 40.345785775670578 ], [ -3.694108161429379, 40.345635771141659 ], [ -3.694498171946392, 40.345655771745513 ], [ -3.69493818381174, 40.345675772349367 ], [ -3.695798207003102, 40.345765775066717 ], [ -3.696328221295453, 40.345845777482147 ], [ -3.696818234509136, 40.345985781709139 ], [ -3.697178244217148, 40.346115785634197 ], [ -3.697568254734161, 40.346285790766977 ], [ -3.697898263633172, 40.34645579589975 ], [ -3.698348275768187, 40.346735804353735 ], [ -3.69903829437521, 40.347265820355922 ], [ -3.700698339139932, 40.348565859606559 ], [ -3.702548389028327, 40.349995902782261 ], [ -3.70313840493868, 40.350455916670953 ], [ -3.704878451860738, 40.351845958638947 ], [ -3.70513845887208, 40.352055964979435 ], [ -3.705418466422756, 40.352265971319916 ], [ -3.705768475861101, 40.352525979170046 ], [ -3.705988481793775, 40.352735985510535 ], [ -3.706328490962453, 40.353105996681869 ], [ -3.706728501749133, 40.353776016911048 ], [ -3.706898506333472, 40.354216030195879 ], [ -3.707068510917811, 40.354906051028912 ], [ -3.707068510917811, 40.35552606974845 ], [ -3.706998509030142, 40.356026084844849 ], [ -3.70683850471547, 40.356886110810656 ], [ -3.706608498513129, 40.357696135266821 ], [ -3.706498495546792, 40.358166149457439 ], [ -3.706068483951111, 40.359836199879418 ], [ -3.70513845887208, 40.363686316121694 ], [ -3.704888452130405, 40.36366631551784 ], [ -3.704488441343725, 40.363626314310125 ], [ -3.704268435411051, 40.363606313706271 ], [ -3.704068430017711, 40.363586313102417 ], [ -3.703998428130042, 40.363586313102417 ], [ -3.70363841842203, 40.363566312498563 ], [ -3.703218407096016, 40.363556312196629 ], [ -3.702598390376662, 40.36357631280049 ], [ -3.702088376623645, 40.363616314008198 ], [ -3.70163836448863, 40.36366631551784 ], [ -3.701108350196279, 40.363746317933263 ], [ -3.701058348847944, 40.36375631823519 ], [ -3.700778341297268, 40.363806319744832 ], [ -3.700688338870265, 40.363826320348686 ], [ -3.70003832134191, 40.363966324575678 ], [ -3.699328302195553, 40.364126329406531 ], [ -3.699108296262879, 40.364166330614239 ], [ -3.6987382862852, 40.364236332727735 ], [ -3.698148270374847, 40.364326335445085 ], [ -3.69743825122849, 40.364416338162442 ], [ -3.697128242868813, 40.364436338766296 ], [ -3.696898236666472, 40.36445633937015 ], [ -3.696758232891134, 40.364466339672077 ], [ -3.696598228576462, 40.364476339974004 ], [ -3.696228218598783, 40.364496340577865 ], [ -3.695528199722093, 40.364516341181719 ], [ -3.694008158732709, 40.364526341483646 ] ] ] } },
{ "type": "Feature", "properties": { "id_barrio": "18183", "nombre_barrio": "Ensanche de Vallecas", "nombre_distrito": "Villa de Vallecas", "area_km2": 6.34, "distancia_centro_km": 10.47, "lat_c": 40.365797489257019, "lon_c": -3.599877241555113 }, "geometry": { "type": "Polygon", "coordinates": [ [ [ -3.600705642739599, 40.376716709533881 ], [ -3.600695642469932, 40.376696708930027 ], [ -3.600205629256249, 40.375806682058432 ], [ -3.600005623862909, 40.375506673000594 ], [ -3.599775617660568, 40.375216664244682 ], [ -3.599515610649226, 40.374936655790698 ], [ -3.59923560309855, 40.374696648544422 ], [ -3.599015597165876, 40.374536643713576 ], [ -3.598825592042203, 40.374406639788511 ], [ -3.598665587727531, 40.374306636769234 ], [ -3.598405580716189, 40.37414663193838 ], [ -3.597425554288823, 40.373656617143915 ], [ -3.595665506827431, 40.372806591480028 ], [ -3.592255414870984, 40.371166541963838 ], [ -3.590755374420934, 40.370446520225023 ], [ -3.589395337746222, 40.369816501203559 ], [ -3.587725292711833, 40.368976475841606 ], [ -3.585945244711107, 40.368036447460376 ], [ -3.585595235272762, 40.367866442327596 ], [ -3.585255226104084, 40.367726438100611 ], [ -3.584895216396072, 40.367586433873619 ], [ -3.584325201025053, 40.367436429344693 ], [ -3.583805187002369, 40.367336426325416 ], [ -3.583325174058353, 40.367286424815774 ], [ -3.582515152215326, 40.367246423608066 ], [ -3.581595127405962, 40.367216422702278 ], [ -3.580105087225579, 40.367156420890709 ], [ -3.579645074820897, 40.367126419984928 ], [ -3.579285065112885, 40.367076418475285 ], [ -3.578915055135206, 40.367006416361789 ], [ -3.578545045157527, 40.366916413644439 ], [ -3.578265037606851, 40.366826410927089 ], [ -3.577945028977507, 40.366706407303951 ], [ -3.577675021696498, 40.36659640398274 ], [ -3.577405014415489, 40.366466400057682 ], [ -3.577005003628809, 40.366246393415267 ], [ -3.576744996617467, 40.366086388584414 ], [ -3.576254983403784, 40.36574637831886 ], [ -3.576784997696135, 40.365156360505111 ], [ -3.577075005516478, 40.364906352956915 ], [ -3.577355013067154, 40.364716347220281 ], [ -3.577655021157164, 40.364486340275938 ], [ -3.578005030595509, 40.364216332123881 ], [ -3.578265037606851, 40.36401632608532 ], [ -3.578515044348526, 40.363826320348686 ], [ -3.578655048123864, 40.363736317631336 ], [ -3.578885054326205, 40.363646314913986 ], [ -3.579485070506225, 40.363416307969636 ], [ -3.580225090461583, 40.363146299817586 ], [ -3.580495097742592, 40.363036296496375 ], [ -3.580515098281926, 40.363026296194448 ], [ -3.580545099090927, 40.36299629528866 ], [ -3.580555099360594, 40.362976294684806 ], [ -3.580565099630261, 40.36290629257131 ], [ -3.580555099360594, 40.362826290155887 ], [ -3.580525098551593, 40.362736287438537 ], [ -3.580455096663924, 40.362646284721187 ], [ -3.580355093967254, 40.362536281399976 ], [ -3.580195089652582, 40.362406277474911 ], [ -3.579925082371573, 40.362196271134422 ], [ -3.579715076708566, 40.362036266303576 ], [ -3.579645074820897, 40.361976264492007 ], [ -3.579685075899565, 40.361936263284292 ], [ -3.579755077787234, 40.361846260566942 ], [ -3.579765078056901, 40.361806259359234 ], [ -3.579775078326568, 40.361776258453446 ], [ -3.579785078596235, 40.361716256641877 ], [ -3.579785078596235, 40.361646254528381 ], [ -3.579785078596235, 40.361586252716819 ], [ -3.579785078596235, 40.361536251207177 ], [ -3.579785078596235, 40.361496249999462 ], [ -3.579785078596235, 40.361456248791754 ], [ -3.579795078865902, 40.361386246678258 ], [ -3.579805079135569, 40.361326244866689 ], [ -3.579815079405236, 40.36126624305512 ], [ -3.57983507994457, 40.361216241545478 ], [ -3.579875081023238, 40.361146239431982 ], [ -3.580015084798576, 40.360986234601135 ], [ -3.580165088843581, 40.360846230374143 ], [ -3.580205089922249, 40.360806229166428 ], [ -3.58023509073125, 40.360746227354866 ], [ -3.580315092888586, 40.360586222524013 ], [ -3.580415095585256, 40.360446218297021 ], [ -3.580545099090927, 40.360316214371963 ], [ -3.580605100708929, 40.360186210446898 ], [ -3.580645101787597, 40.360096207729541 ], [ -3.580705103405599, 40.359876201087125 ], [ -3.5807351042146, 40.359766197765921 ], [ -3.580785105562935, 40.359666194746637 ], [ -3.580905108798939, 40.359466188708076 ], [ -3.58103511230461, 40.359286183273376 ], [ -3.581105114192279, 40.359186180254099 ], [ -3.581205116888949, 40.3588661705924 ], [ -3.581305119585619, 40.358666164553838 ], [ -3.581405122282289, 40.358466158515277 ], [ -3.581445123360957, 40.358316153986358 ], [ -3.581555126327294, 40.358036145532374 ], [ -3.581675129563298, 40.357726136172609 ], [ -3.581755131720634, 40.357486128926332 ], [ -3.581865134686971, 40.35716611926464 ], [ -3.581915136035306, 40.357006114433794 ], [ -3.58213514196798, 40.356396096016184 ], [ -3.582305146552319, 40.355916081523638 ], [ -3.582495151675992, 40.355316063407962 ], [ -3.582665156260331, 40.354826048613489 ], [ -3.582875161923338, 40.354256031403594 ], [ -3.58313516893468, 40.353576010872487 ], [ -3.583385175676355, 40.352965992454877 ], [ -3.583505178912359, 40.352645982793184 ], [ -3.583715184575366, 40.352025964073647 ], [ -3.585675237430098, 40.352225970112208 ], [ -3.586945271677807, 40.352445976754623 ], [ -3.587805294869169, 40.352585980981615 ], [ -3.588065301880511, 40.352645982793184 ], [ -3.588195305386182, 40.352685984000892 ], [ -3.588265307273851, 40.352725985208608 ], [ -3.588355309700854, 40.352765986416323 ], [ -3.588495313476192, 40.352845988831746 ], [ -3.588855323184204, 40.353075995776088 ], [ -3.589165331543881, 40.353256001210795 ], [ -3.589245333701217, 40.353296002418503 ], [ -3.589345336397887, 40.353346003928145 ], [ -3.589665345027231, 40.353446006947422 ], [ -3.590655371724264, 40.353706014797552 ], [ -3.591715400308966, 40.353986023251537 ], [ -3.591915405702306, 40.354046025063106 ], [ -3.592065409747311, 40.354106026874675 ], [ -3.592205413522649, 40.354186029290098 ], [ -3.592325416758653, 40.354266031705521 ], [ -3.592425419455323, 40.354366034724798 ], [ -3.592485421073325, 40.354436036838294 ], [ -3.59253542242166, 40.354526039555651 ], [ -3.592575423500328, 40.354646043178782 ], [ -3.592605424309329, 40.354806048009628 ], [ -3.592585423769995, 40.354976053142408 ], [ -3.592545422691327, 40.355116057369401 ], [ -3.59243541972499, 40.355296062804101 ], [ -3.592155412174314, 40.355636073069654 ], [ -3.592165412443981, 40.355636073069654 ], [ -3.594885485793405, 40.356326093902688 ], [ -3.597585558603495, 40.357046115641502 ], [ -3.59813557343518, 40.357186119868494 ], [ -3.598715589075866, 40.357386125907055 ], [ -3.599215602559216, 40.357596132247544 ], [ -3.599745616851567, 40.357836139493813 ], [ -3.600225629795583, 40.358096147343943 ], [ -3.6007356435486, 40.358386156099854 ], [ -3.60113565433528, 40.358646163949984 ], [ -3.601595666739962, 40.359016175121319 ], [ -3.60203567860531, 40.359376185990726 ], [ -3.602475690470658, 40.359836199879418 ], [ -3.602795699100002, 40.360176210144971 ], [ -3.603055706111344, 40.36050622010859 ], [ -3.603305712853019, 40.360836230072216 ], [ -3.603515718516026, 40.361066237016558 ], [ -3.603885728493705, 40.361346245470543 ], [ -3.604205737123049, 40.361506250301389 ], [ -3.606125788899113, 40.362446278682626 ], [ -3.609055867911544, 40.363886322160255 ], [ -3.612485960407325, 40.360346215277744 ], [ -3.615406039150089, 40.3617962590573 ], [ -3.619486149174225, 40.363826320348686 ], [ -3.622606233310329, 40.365356366543672 ], [ -3.625566313131761, 40.366806410323228 ], [ -3.625816319873436, 40.36694641455022 ], [ -3.629486418841225, 40.368756469199191 ], [ -3.631696478437632, 40.369846502109347 ], [ -3.63253650108966, 40.370256514488389 ], [ -3.632546501359327, 40.371066538944561 ], [ -3.632556501628994, 40.371696557966025 ], [ -3.632566501898661, 40.372816591781962 ], [ -3.632566501898661, 40.373056599028232 ], [ -3.632576502168328, 40.373936625597892 ], [ -3.632586502437995, 40.374796651563706 ], [ -3.632586502437995, 40.375386669377455 ], [ -3.632446498662657, 40.375456671490952 ], [ -3.632206492190649, 40.375586675416017 ], [ -3.631976485988308, 40.375736679944936 ], [ -3.631766480325301, 40.375876684171928 ], [ -3.631576475201628, 40.376006688096993 ], [ -3.631396470347622, 40.376126691720131 ], [ -3.631206465223949, 40.376256695645189 ], [ -3.630576448234928, 40.376696708930027 ], [ -3.630306440953919, 40.376906715270515 ], [ -3.630016433133576, 40.377116721611003 ], [ -3.629806427470569, 40.377166723120638 ], [ -3.629716425043566, 40.377166723120638 ], [ -3.62943641749289, 40.377176723422565 ], [ -3.629166410211881, 40.377186723724499 ], [ -3.62883640131287, 40.377196724026426 ], [ -3.628406389717189, 40.37721672463028 ], [ -3.628346388099187, 40.37721672463028 ], [ -3.628196384054182, 40.37721672463028 ], [ -3.627896375964172, 40.377236725234134 ], [ -3.627326360593153, 40.377276726441849 ], [ -3.62713635546948, 40.377286726743776 ], [ -3.626846347649137, 40.37730672734763 ], [ -3.626626341716463, 40.377346728555345 ], [ -3.626246331469117, 40.376986717685938 ], [ -3.625716317176766, 40.376536704099173 ], [ -3.625266305041751, 40.376146692323985 ], [ -3.625066299648411, 40.376046689304701 ], [ -3.624816292906736, 40.375966686889278 ], [ -3.624706289940399, 40.375916685379643 ], [ -3.624756291288734, 40.375806682058432 ], [ -3.625056299378744, 40.375516673302521 ], [ -3.625856320952104, 40.374866653677202 ], [ -3.626566340098461, 40.374286636165372 ], [ -3.624826293176403, 40.373056599028232 ], [ -3.625776318794768, 40.372266575175921 ], [ -3.625716317176766, 40.372216573666279 ], [ -3.62553631232276, 40.372056568835433 ], [ -3.625446309895757, 40.37197656642001 ], [ -3.625276305311418, 40.371836562193018 ], [ -3.62523630423275, 40.371796560985302 ], [ -3.625196303154082, 40.37174655947566 ], [ -3.625176302614748, 40.371726558871806 ], [ -3.62513630153608, 40.371666557060237 ], [ -3.625026298569743, 40.371456550719749 ], [ -3.624656288592064, 40.370676527169365 ], [ -3.624366280771721, 40.370076509053689 ], [ -3.624176275648048, 40.369686497278494 ], [ -3.623876267558038, 40.369086479162817 ], [ -3.623806265670369, 40.368976475841606 ], [ -3.623826266209703, 40.36872646829341 ], [ -3.621596206073962, 40.369116480068598 ], [ -3.620946188545607, 40.369216483087882 ], [ -3.619046137308877, 40.369496491541867 ], [ -3.617666100094831, 40.369746499090063 ], [ -3.617186087150815, 40.369906503920909 ], [ -3.615466040768091, 40.370676527169365 ], [ -3.616146059105447, 40.371626555852529 ], [ -3.615276035644418, 40.372016567627718 ], [ -3.615386038610755, 40.372176572458571 ], [ -3.615556043195094, 40.372516582724117 ], [ -3.615656045891764, 40.372826592083889 ], [ -3.615716047509766, 40.373146601745582 ], [ -3.615726047779433, 40.373306606576435 ], [ -3.615726047779433, 40.373536613520777 ], [ -3.615706047240099, 40.373776620767046 ], [ -3.615646045622097, 40.37405662922103 ], [ -3.615596044273762, 40.374236634655738 ], [ -3.615516042116426, 40.374456641298153 ], [ -3.615306036453419, 40.37499665760226 ], [ -3.615176032947748, 40.375326667565886 ], [ -3.61503602917241, 40.375686678435294 ], [ -3.614216007059716, 40.377816742745956 ], [ -3.613885998160705, 40.378646767805982 ], [ -3.613765994924701, 40.378956777165754 ], [ -3.613685992767365, 40.379236785619739 ], [ -3.613675992497698, 40.379236785619739 ], [ -3.612705966339999, 40.379156783204309 ], [ -3.612165951777981, 40.379096781392747 ], [ -3.611875943957638, 40.379046779883105 ], [ -3.61153593478896, 40.378986778071535 ], [ -3.611095922923612, 40.378876774750324 ], [ -3.610665911327931, 40.378746770825266 ], [ -3.610045894608577, 40.378516763880917 ], [ -3.609385876810555, 40.378256756030794 ], [ -3.607895836630172, 40.377676738518964 ], [ -3.605795780000102, 40.376846713458946 ], [ -3.60393572984204, 40.376116691418197 ], [ -3.603485717707025, 40.375936685983497 ], [ -3.603085706920345, 40.376096690814343 ], [ -3.602795699100002, 40.376186693531693 ], [ -3.602585693436995, 40.376236695041335 ], [ -3.602445689661657, 40.376256695645189 ], [ -3.602295685616652, 40.37627669624905 ], [ -3.601925675638973, 40.376296696852904 ], [ -3.601795672133302, 40.376306697154831 ], [ -3.601665668627631, 40.376326697758685 ], [ -3.601555665661294, 40.376356698664473 ], [ -3.601385661076955, 40.376406700174108 ], [ -3.601245657301617, 40.376466701985677 ], [ -3.601015651099276, 40.376566705004961 ], [ -3.600705642739599, 40.376716709533881 ] ] ] } },
{ "type": "Feature", "properties": { "id_barrio": "11116", "nombre_barrio": "Buenavista", "nombre_distrito": "Carabanchel", "area_km2": 5.619, "distancia_centro_km": 6.285, "lat_c": 40.368329668505822, "lon_c": -3.741482790670462 }, "geometry": { "type": "Polygon", "coordinates": [ [ [ -3.73643930292979, 40.373856623182469 ], [ -3.736459303469124, 40.373846622880542 ], [ -3.736269298345451, 40.373846622880542 ], [ -3.736129294570113, 40.373846622880542 ], [ -3.736089293491445, 40.373846622880542 ], [ -3.736049292412777, 40.373846622880542 ], [ -3.735799285671102, 40.373826622276688 ], [ -3.734879260861738, 40.373746619861265 ], [ -3.734679255468398, 40.373736619559338 ], [ -3.73393923551304, 40.373686618049696 ], [ -3.731969182388641, 40.373496612313062 ], [ -3.731679174568298, 40.373466611407281 ], [ -3.731449168365957, 40.373446610803427 ], [ -3.729999129264242, 40.373306606576435 ], [ -3.729389112814555, 40.373246604764866 ], [ -3.728889099331205, 40.373196603255224 ], [ -3.72763906562283, 40.373276605670647 ], [ -3.72643903326279, 40.373346607784143 ], [ -3.722718932946666, 40.373606615634273 ], [ -3.719768853394901, 40.373806621672834 ], [ -3.720198864990582, 40.370686527471292 ], [ -3.72043887146259, 40.367866442327596 ], [ -3.720718879013266, 40.366436399151894 ], [ -3.720888883597605, 40.365546372280306 ], [ -3.720888883597605, 40.365536371978372 ], [ -3.723458952902024, 40.365356366543672 ], [ -3.727109051330479, 40.364526341483646 ], [ -3.730549144095927, 40.363326305252286 ], [ -3.734119240367046, 40.362536281399976 ], [ -3.738549359829527, 40.361536251207177 ], [ -3.743379490078688, 40.360456218598955 ], [ -3.746669578799131, 40.359766197765921 ], [ -3.750359678306254, 40.358946173007823 ], [ -3.754409787521389, 40.357976143720805 ], [ -3.754419787791056, 40.357976143720805 ], [ -3.757699876241832, 40.35725612198199 ], [ -3.761509978984959, 40.357936142513097 ], [ -3.76624010653745, 40.358766167573123 ], [ -3.77114023867428, 40.359866200785198 ], [ -3.771620251618296, 40.359826199577491 ], [ -3.770760228426934, 40.360556221618232 ], [ -3.77054022249426, 40.360626223731728 ], [ -3.768980180426208, 40.36205626690743 ], [ -3.7667401200208, 40.364096328500743 ], [ -3.763700038042032, 40.365776379224648 ], [ -3.761819987344636, 40.366896413040585 ], [ -3.762169996782981, 40.367486430854335 ], [ -3.762920017008006, 40.368786470104979 ], [ -3.762950017817007, 40.369026477351248 ], [ -3.762590008108995, 40.370866532906 ], [ -3.762249998940317, 40.372616585743401 ], [ -3.761849988153637, 40.374426640392365 ], [ -3.760019938804576, 40.374876653979129 ], [ -3.758889908332205, 40.375226664546609 ], [ -3.757879881095838, 40.375536673906375 ], [ -3.757929882444173, 40.375826682662286 ], [ -3.757909881904839, 40.375916685379643 ], [ -3.757859880556504, 40.376136692022058 ], [ -3.757809879208169, 40.376306697154831 ], [ -3.757749877590167, 40.376536704099173 ], [ -3.757579873005828, 40.376906715270515 ], [ -3.757419868691156, 40.377176723422565 ], [ -3.75723986383715, 40.37747673248041 ], [ -3.756769851162801, 40.377996748180664 ], [ -3.75593982878044, 40.378546764786705 ], [ -3.755519817454426, 40.378116751803802 ], [ -3.755499816915092, 40.378096751199941 ], [ -3.75513980720708, 40.377836743349818 ], [ -3.75493980181374, 40.377706739424752 ], [ -3.754849799386737, 40.37765673791511 ], [ -3.754259783476384, 40.377366729159199 ], [ -3.753859772689704, 40.377166723120638 ], [ -3.753529763790693, 40.377046719497507 ], [ -3.753499762981692, 40.377036719195573 ], [ -3.753399760285022, 40.377016718591719 ], [ -3.753199754891682, 40.376976717384011 ], [ -3.753259756509684, 40.376876714364727 ], [ -3.752049723879977, 40.376356698664473 ], [ -3.750789689901935, 40.375836682964213 ], [ -3.750769689362601, 40.375506673000594 ], [ -3.750329677497253, 40.374926655488771 ], [ -3.750249675339917, 40.374826652469487 ], [ -3.750179673452248, 40.374716649148283 ], [ -3.750179673452248, 40.374696648544422 ], [ -3.750209674261249, 40.374546644015503 ], [ -3.750259675609584, 40.374386639184657 ], [ -3.750269675879251, 40.374346637976942 ], [ -3.750299676688252, 40.374266635561519 ], [ -3.750349678036587, 40.37414663193838 ], [ -3.750359678306254, 40.374126631334526 ], [ -3.749769662395901, 40.37414663193838 ], [ -3.749749661856567, 40.374116631032599 ], [ -3.749649659159897, 40.373976626805607 ], [ -3.74963965889023, 40.37396662650368 ], [ -3.749519655654226, 40.373896624390184 ], [ -3.74943965349689, 40.373846622880542 ], [ -3.749179646485548, 40.373686618049696 ], [ -3.748989641361875, 40.373596615332346 ], [ -3.748909639204539, 40.373566614426558 ], [ -3.74823962113685, 40.373386608991858 ], [ -3.747729607383833, 40.373246604764866 ], [ -3.747149591743147, 40.372996597216662 ], [ -3.747009587967809, 40.372936595405093 ], [ -3.746769581495801, 40.372896594197385 ], [ -3.746649578259797, 40.372876593593524 ], [ -3.745589549675095, 40.372926595103166 ], [ -3.744969532955741, 40.372916594801239 ], [ -3.744789528101735, 40.372906594499312 ], [ -3.744709525944399, 40.372896594197385 ], [ -3.744579522438728, 40.372886593895458 ], [ -3.744329515697053, 40.372866593291597 ], [ -3.743929504910373, 40.372846592687743 ], [ -3.743379490078688, 40.372966596310881 ], [ -3.742669470932331, 40.373136601443655 ], [ -3.742049454212977, 40.373286605972574 ], [ -3.741449438032957, 40.373406609595712 ], [ -3.741299433987952, 40.373436610501493 ], [ -3.740749419156267, 40.373566614426558 ], [ -3.740609415380929, 40.373596615332346 ], [ -3.740479411875258, 40.373626616238127 ], [ -3.739649389492897, 40.373736619559338 ], [ -3.739189377088215, 40.373776620767046 ], [ -3.738729364683533, 40.373786621068973 ], [ -3.738389355514855, 40.3737966213709 ], [ -3.738309353357519, 40.3737966213709 ], [ -3.737559333132494, 40.373826622276688 ], [ -3.737329326930153, 40.373836622578615 ], [ -3.736799312637802, 40.373856623182469 ], [ -3.736699309941132, 40.373856623182469 ], [ -3.73643930292979, 40.373856623182469 ] ] ] } },
{ "type": "Feature", "properties": { "id_barrio": "18181", "nombre_barrio": "Casco Histórico de Vallecas", "nombre_distrito": "Villa de Vallecas", "area_km2": 42.952, "distancia_centro_km": 10.74, "lat_c": 40.347578895977392, "lon_c": -3.6153203624634327 }, "geometry": { "type": "Polygon", "coordinates": [ [ [ -3.613665992228031, 40.379246785921666 ], [ -3.613765994924701, 40.378956777165754 ], [ -3.613885998160705, 40.378646767805982 ], [ -3.614216007059716, 40.377816742745956 ], [ -3.61503602917241, 40.375686678435294 ], [ -3.615176032947748, 40.375326667565886 ], [ -3.615306036453419, 40.37499665760226 ], [ -3.615516042116426, 40.374456641298153 ], [ -3.615596044273762, 40.374236634655738 ], [ -3.615646045622097, 40.37405662922103 ], [ -3.615706047240099, 40.373776620767046 ], [ -3.615726047779433, 40.373536613520777 ], [ -3.615726047779433, 40.373306606576435 ], [ -3.615716047509766, 40.373146601745582 ], [ -3.615656045891764, 40.372826592083889 ], [ -3.615556043195094, 40.372516582724117 ], [ -3.615386038610755, 40.372176572458571 ], [ -3.615276035644418, 40.372016567627718 ], [ -3.616146059105447, 40.371626555852529 ], [ -3.615466040768091, 40.370676527169365 ], [ -3.617186087150815, 40.369906503920909 ], [ -3.617666100094831, 40.369746499090063 ], [ -3.619046137308877, 40.369496491541867 ], [ -3.620946188545607, 40.369216483087882 ], [ -3.621596206073962, 40.369116480068598 ], [ -3.623826266209703, 40.36872646829341 ], [ -3.623806265670369, 40.368976475841606 ], [ -3.623876267558038, 40.369086479162817 ], [ -3.624176275648048, 40.369686497278494 ], [ -3.624366280771721, 40.370076509053689 ], [ -3.624656288592064, 40.370676527169365 ], [ -3.625026298569743, 40.371456550719749 ], [ -3.62513630153608, 40.371666557060237 ], [ -3.625176302614748, 40.371726558871806 ], [ -3.625196303154082, 40.37174655947566 ], [ -3.62523630423275, 40.371796560985302 ], [ -3.625276305311418, 40.371836562193018 ], [ -3.625446309895757, 40.37197656642001 ], [ -3.62553631232276, 40.372056568835433 ], [ -3.625716317176766, 40.372216573666279 ], [ -3.625776318794768, 40.372266575175921 ], [ -3.624826293176403, 40.373056599028232 ], [ -3.626566340098461, 40.374286636165372 ], [ -3.625856320952104, 40.374866653677202 ], [ -3.625056299378744, 40.375516673302521 ], [ -3.624756291288734, 40.375806682058432 ], [ -3.624706289940399, 40.375916685379643 ], [ -3.624816292906736, 40.375966686889278 ], [ -3.625066299648411, 40.376046689304701 ], [ -3.625266305041751, 40.376146692323985 ], [ -3.625716317176766, 40.376536704099173 ], [ -3.626246331469117, 40.376986717685938 ], [ -3.626626341716463, 40.377346728555345 ], [ -3.626846347649137, 40.37730672734763 ], [ -3.62713635546948, 40.377286726743776 ], [ -3.627326360593153, 40.377276726441849 ], [ -3.627896375964172, 40.377236725234134 ], [ -3.628196384054182, 40.37721672463028 ], [ -3.628346388099187, 40.37721672463028 ], [ -3.628406389717189, 40.37721672463028 ], [ -3.62883640131287, 40.377196724026426 ], [ -3.629166410211881, 40.377186723724499 ], [ -3.62943641749289, 40.377176723422565 ], [ -3.629716425043566, 40.377166723120638 ], [ -3.629806427470569, 40.377166723120638 ], [ -3.630016433133576, 40.377116721611003 ], [ -3.630306440953919, 40.376906715270515 ], [ -3.630576448234928, 40.376696708930027 ], [ -3.631206465223949, 40.376256695645189 ], [ -3.631396470347622, 40.376126691720131 ], [ -3.631576475201628, 40.376006688096993 ], [ -3.631766480325301, 40.375876684171928 ], [ -3.631976485988308, 40.375736679944936 ], [ -3.632206492190649, 40.375586675416017 ], [ -3.632446498662657, 40.375456671490952 ], [ -3.632586502437995, 40.375386669377455 ], [ -3.632586502437995, 40.374796651563706 ], [ -3.632576502168328, 40.373936625597892 ], [ -3.632566501898661, 40.373056599028232 ], [ -3.632566501898661, 40.372816591781962 ], [ -3.632556501628994, 40.371696557966025 ], [ -3.632546501359327, 40.371066538944561 ], [ -3.63253650108966, 40.370256514488389 ], [ -3.631696478437632, 40.369846502109347 ], [ -3.629486418841225, 40.368756469199191 ], [ -3.625816319873436, 40.36694641455022 ], [ -3.625566313131761, 40.366806410323228 ], [ -3.622606233310329, 40.365356366543672 ], [ -3.619486149174225, 40.363826320348686 ], [ -3.615406039150089, 40.3617962590573 ], [ -3.612485960407325, 40.360346215277744 ], [ -3.609055867911544, 40.363886322160255 ], [ -3.606125788899113, 40.362446278682626 ], [ -3.604205737123049, 40.361506250301389 ], [ -3.603885728493705, 40.361346245470543 ], [ -3.603515718516026, 40.361066237016558 ], [ -3.603305712853019, 40.360836230072216 ], [ -3.603055706111344, 40.36050622010859 ], [ -3.602795699100002, 40.360176210144971 ], [ -3.602475690470658, 40.359836199879418 ], [ -3.60203567860531, 40.359376185990726 ], [ -3.601595666739962, 40.359016175121319 ], [ -3.60113565433528, 40.358646163949984 ], [ -3.6007356435486, 40.358386156099854 ], [ -3.600225629795583, 40.358096147343943 ], [ -3.599745616851567, 40.357836139493813 ], [ -3.599215602559216, 40.357596132247544 ], [ -3.598715589075866, 40.357386125907055 ], [ -3.59813557343518, 40.357186119868494 ], [ -3.597585558603495, 40.357046115641502 ], [ -3.594885485793405, 40.356326093902688 ], [ -3.592165412443981, 40.355636073069654 ], [ -3.592155412174314, 40.355636073069654 ], [ -3.59243541972499, 40.355296062804101 ], [ -3.592545422691327, 40.355116057369401 ], [ -3.592585423769995, 40.354976053142408 ], [ -3.592605424309329, 40.354806048009628 ], [ -3.592575423500328, 40.354646043178782 ], [ -3.59253542242166, 40.354526039555651 ], [ -3.592485421073325, 40.354436036838294 ], [ -3.592425419455323, 40.354366034724798 ], [ -3.592295415949652, 40.354266031705521 ], [ -3.592245414601317, 40.354216030195879 ], [ -3.592205413522649, 40.354186029290098 ], [ -3.592065409747311, 40.354106026874675 ], [ -3.591915405702306, 40.354046025063106 ], [ -3.591705400039299, 40.353966022647683 ], [ -3.591455393297624, 40.353906020836114 ], [ -3.590655371724264, 40.353706014797552 ], [ -3.589665345027231, 40.353446006947422 ], [ -3.589345336397887, 40.353346003928145 ], [ -3.589245333701217, 40.353296002418503 ], [ -3.589165331543881, 40.353256001210795 ], [ -3.588855323184204, 40.353075995776088 ], [ -3.588495313476192, 40.352845988831746 ], [ -3.588355309700854, 40.352765986416323 ], [ -3.588265307273851, 40.352725985208608 ], [ -3.588195305386182, 40.352685984000892 ], [ -3.588065301880511, 40.352645982793184 ], [ -3.587805294869169, 40.352585980981615 ], [ -3.586945271677807, 40.352445976754623 ], [ -3.585675237430098, 40.352225970112208 ], [ -3.583715184575366, 40.352025964073647 ], [ -3.583505178912359, 40.352645982793184 ], [ -3.583385175676355, 40.35295599215295 ], [ -3.583295173249352, 40.353175998795365 ], [ -3.58313516893468, 40.35356601057056 ], [ -3.582875161923338, 40.354256031403594 ], [ -3.582665156260331, 40.354826048613489 ], [ -3.582495151675992, 40.355316063407962 ], [ -3.582305146552319, 40.355916081523638 ], [ -3.58213514196798, 40.356396096016184 ], [ -3.581915136035306, 40.357006114433794 ], [ -3.581865134686971, 40.35716611926464 ], [ -3.581755131720634, 40.357486128926332 ], [ -3.581675129563298, 40.357726136172609 ], [ -3.581555126327294, 40.358036145532374 ], [ -3.581445123360957, 40.358316153986358 ], [ -3.581405122282289, 40.358466158515277 ], [ -3.581305119585619, 40.358666164553838 ], [ -3.581205116888949, 40.3588661705924 ], [ -3.581105114192279, 40.359186180254099 ], [ -3.58103511230461, 40.359286183273376 ], [ -3.580905108798939, 40.359466188708076 ], [ -3.580785105562935, 40.359666194746637 ], [ -3.5807351042146, 40.359766197765921 ], [ -3.580705103405599, 40.359876201087125 ], [ -3.580645101787597, 40.360096207729541 ], [ -3.580605100708929, 40.360186210446898 ], [ -3.580545099090927, 40.360316214371963 ], [ -3.580415095585256, 40.360446218297021 ], [ -3.580315092888586, 40.360586222524013 ], [ -3.58023509073125, 40.360746227354866 ], [ -3.580205089922249, 40.360806229166428 ], [ -3.580165088843581, 40.360846230374143 ], [ -3.580015084798576, 40.360986234601135 ], [ -3.579875081023238, 40.361146239431982 ], [ -3.57983507994457, 40.361216241545478 ], [ -3.579815079405236, 40.36126624305512 ], [ -3.579805079135569, 40.361326244866689 ], [ -3.579795078865902, 40.361386246678258 ], [ -3.579785078596235, 40.361456248791754 ], [ -3.579785078596235, 40.361496249999462 ], [ -3.579785078596235, 40.361536251207177 ], [ -3.579785078596235, 40.361586252716819 ], [ -3.579785078596235, 40.361646254528381 ], [ -3.579785078596235, 40.361716256641877 ], [ -3.579775078326568, 40.361776258453446 ], [ -3.579765078056901, 40.361806259359234 ], [ -3.579755077787234, 40.361846260566942 ], [ -3.579685075899565, 40.361936263284292 ], [ -3.579645074820897, 40.361976264492007 ], [ -3.579715076708566, 40.362036266303576 ], [ -3.579925082371573, 40.362196271134422 ], [ -3.580195089652582, 40.362406277474911 ], [ -3.580355093967254, 40.362536281399976 ], [ -3.580455096663924, 40.362646284721187 ], [ -3.580525098551593, 40.362736287438537 ], [ -3.580555099360594, 40.362826290155887 ], [ -3.580565099630261, 40.36290629257131 ], [ -3.580555099360594, 40.362976294684806 ], [ -3.580545099090927, 40.36299629528866 ], [ -3.580515098281926, 40.363026296194448 ], [ -3.580495097742592, 40.363036296496375 ], [ -3.580225090461583, 40.363146299817586 ], [ -3.579485070506225, 40.363416307969636 ], [ -3.578885054326205, 40.363646314913986 ], [ -3.578655048123864, 40.363736317631336 ], [ -3.578515044348526, 40.363826320348686 ], [ -3.578265037606851, 40.36401632608532 ], [ -3.578005030595509, 40.364216332123881 ], [ -3.577655021157164, 40.364486340275938 ], [ -3.577355013067154, 40.364716347220281 ], [ -3.577075005516478, 40.364906352956915 ], [ -3.576784997696135, 40.365156360505111 ], [ -3.576224982594783, 40.365716377413079 ], [ -3.57413492623438, 40.364316335143158 ], [ -3.570414825918256, 40.361816259661161 ], [ -3.570164819176581, 40.361666255132242 ], [ -3.569794809198902, 40.361486249697535 ], [ -3.56933479679422, 40.361286243658974 ], [ -3.568814782771536, 40.361096237922347 ], [ -3.568084763085845, 40.360826229770289 ], [ -3.567404744748489, 40.36059622282594 ], [ -3.566694725602132, 40.360396216787386 ], [ -3.566124710231113, 40.360266212862321 ], [ -3.565184684882415, 40.360116208333402 ], [ -3.564614669511396, 40.359996204710264 ], [ -3.564044654140377, 40.359876201087125 ], [ -3.563474638769358, 40.359756197463994 ], [ -3.562914623668006, 40.359626193538929 ], [ -3.562354608566654, 40.359496189613864 ], [ -3.561794593465302, 40.359356185386872 ], [ -3.56123457836395, 40.35921618115988 ], [ -3.560674563262598, 40.359076176932888 ], [ -3.560114548161246, 40.358926172403969 ], [ -3.559564533329561, 40.35877616787505 ], [ -3.559014518497876, 40.358616163044196 ], [ -3.558464503666191, 40.35845615821335 ], [ -3.557914488834506, 40.358296153382504 ], [ -3.557364474002821, 40.358136148551658 ], [ -3.556814459171136, 40.357976143720805 ], [ -3.556274444609118, 40.357806138588032 ], [ -3.555744430316767, 40.357616132851398 ], [ -3.555244416833417, 40.357386125907055 ], [ -3.554774404159068, 40.357116117754998 ], [ -3.554344392563387, 40.356806108395233 ], [ -3.554224389327383, 40.356706105375949 ], [ -3.554964409282741, 40.356306093298834 ], [ -3.555044411440077, 40.356256091789191 ], [ -3.555164414676081, 40.356186089675695 ], [ -3.555174414945748, 40.356176089373768 ], [ -3.556874460789138, 40.355196059784824 ], [ -3.55693446240714, 40.355166058879043 ], [ -3.556984463755475, 40.355136057973255 ], [ -3.556904461598139, 40.355076056161685 ], [ -3.556824459440803, 40.355016054350116 ], [ -3.556724456744133, 40.35494605223662 ], [ -3.55663445431713, 40.354876050123124 ], [ -3.55653445162046, 40.354806048009628 ], [ -3.556474450002458, 40.354756046499993 ], [ -3.556384447575455, 40.354686044386497 ], [ -3.556224443260783, 40.354586041367213 ], [ -3.55613444083378, 40.354536039857578 ], [ -3.55603443813711, 40.354486038347936 ], [ -3.55583443274377, 40.354386035328659 ], [ -3.5557344300471, 40.354336033819017 ], [ -3.555614426811096, 40.354286032309375 ], [ -3.555524424384093, 40.354256031403594 ], [ -3.555384420608755, 40.354216030195879 ], [ -3.555214416024416, 40.35415602838431 ], [ -3.555084412518745, 40.354106026874675 ], [ -3.556594453238462, 40.353145997889584 ], [ -3.557644481553497, 40.352715984906681 ], [ -3.558864514452871, 40.350315912443961 ], [ -3.560694563801932, 40.349225879533805 ], [ -3.562114602094646, 40.347145816732784 ], [ -3.565314688388086, 40.344425734608365 ], [ -3.566174711579448, 40.34335570230207 ], [ -3.568204766321849, 40.34095562983935 ], [ -3.569904812165239, 40.337685531108896 ], [ -3.571844864480637, 40.334665439926638 ], [ -3.572704887671999, 40.333715411243482 ], [ -3.575244956167417, 40.331915356896438 ], [ -3.576724996078133, 40.330305308286029 ], [ -3.579485070506225, 40.328005238842593 ], [ -3.582455150597324, 40.32631518781676 ], [ -3.583215171092016, 40.324865144037197 ], [ -3.58433520129472, 40.322615076103396 ], [ -3.585045220441077, 40.32046501118888 ], [ -3.585045220441077, 40.318404948991713 ], [ -3.583785186463035, 40.315864872302001 ], [ -3.582375148439988, 40.316194882265627 ], [ -3.581855134417304, 40.315934874415497 ], [ -3.580455096663924, 40.316024877132847 ], [ -3.579255064303884, 40.31592487411357 ], [ -3.577765024123501, 40.314704837278349 ], [ -3.576094979089112, 40.314944844524625 ], [ -3.57793502870784, 40.313954814633753 ], [ -3.578725050011533, 40.313924813727965 ], [ -3.579655075090564, 40.313944814331826 ], [ -3.580615100978596, 40.313854811614469 ], [ -3.581605127675629, 40.313654805575915 ], [ -3.582485151406325, 40.313594803764346 ], [ -3.583425176755023, 40.313374797121931 ], [ -3.584455204530724, 40.31326479380072 ], [ -3.58553523365476, 40.313134789875654 ], [ -3.587395283812822, 40.31285478142167 ], [ -3.589365336937221, 40.31276477870432 ], [ -3.593295442916352, 40.312494770552263 ], [ -3.594295469883052, 40.312454769344555 ], [ -3.595305497119419, 40.312424768438767 ], [ -3.598225575862183, 40.312144759984783 ], [ -3.599205602289549, 40.312244763004067 ], [ -3.600165628177581, 40.312404767834913 ], [ -3.602095680223312, 40.312734777798532 ], [ -3.606345794831787, 40.313534801952777 ], [ -3.608085841753845, 40.313734807991338 ], [ -3.611115923462946, 40.314384827616657 ], [ -3.613845997082037, 40.31566486626344 ], [ -3.61593605344244, 40.317834931781817 ], [ -3.617416093353156, 40.318264944764721 ], [ -3.619976162387908, 40.319194972844024 ], [ -3.623506257580359, 40.319924994884765 ], [ -3.624666288861731, 40.320505012396595 ], [ -3.625956323648774, 40.319314976467162 ], [ -3.625966323918441, 40.319304976165235 ], [ -3.626126328233113, 40.31935497767487 ], [ -3.626226330929783, 40.319384978580658 ], [ -3.626326333626453, 40.319414979486439 ], [ -3.62643633659279, 40.319444980392227 ], [ -3.626606341177129, 40.319484981599935 ], [ -3.626716344143466, 40.319514982505723 ], [ -3.627046353042477, 40.319584984619219 ], [ -3.627366361671821, 40.319664987034642 ], [ -3.62803637973951, 40.319894993978984 ], [ -3.62813638243618, 40.319924994884765 ], [ -3.628216384593516, 40.319954995790553 ], [ -3.628366388638521, 40.320014997602122 ], [ -3.628456391065524, 40.320044998507903 ], [ -3.628626395649863, 40.320115000621399 ], [ -3.628666396728531, 40.320135001225253 ], [ -3.628716398076866, 40.320155001829114 ], [ -3.628766399425201, 40.320175002432968 ], [ -3.628816400773536, 40.320195003036822 ], [ -3.628916403470206, 40.320235004244537 ], [ -3.628956404548874, 40.320255004848391 ], [ -3.629006405897209, 40.320265005150318 ], [ -3.629086408054545, 40.320295006056107 ], [ -3.629126409133213, 40.320305006358033 ], [ -3.629196411020882, 40.320325006961887 ], [ -3.629246412369217, 40.320345007565741 ], [ -3.629656423425564, 40.320515012698522 ], [ -3.629776426661568, 40.320565014208157 ], [ -3.629906430167239, 40.320615015717799 ], [ -3.630056434212244, 40.320665017227441 ], [ -3.630186437717915, 40.320715018737083 ], [ -3.630266439875251, 40.320745019642864 ], [ -3.630346442032587, 40.320775020548645 ], [ -3.630406443650589, 40.320805021454433 ], [ -3.630486445807925, 40.320855022964075 ], [ -3.630556447695594, 40.320895024171783 ], [ -3.63063644985293, 40.320955025983352 ], [ -3.630726452279933, 40.321015027794921 ], [ -3.630826454976603, 40.321085029908417 ], [ -3.63093645794294, 40.321145031719986 ], [ -3.63103646063961, 40.321205033531548 ], [ -3.631206465223949, 40.321305036550832 ], [ -3.63143647142629, 40.321435040475897 ], [ -3.631586475471295, 40.321525043193247 ], [ -3.631676477898298, 40.32157504470289 ], [ -3.631926484639973, 40.321715048929882 ], [ -3.631996486527642, 40.32175505013759 ], [ -3.632096489224312, 40.321815051949159 ], [ -3.632186491651315, 40.321875053760728 ], [ -3.632256493538984, 40.321935055572297 ], [ -3.63233649569632, 40.321995057383866 ], [ -3.632416497853656, 40.322035058591574 ], [ -3.632476499471658, 40.322075059799289 ], [ -3.632526500819993, 40.322125061308931 ], [ -3.632576502168328, 40.322165062516639 ], [ -3.632646504055997, 40.322205063724354 ], [ -3.632726506213333, 40.322235064630135 ], [ -3.632816508640336, 40.32227506583785 ], [ -3.632886510528005, 40.322315067045558 ], [ -3.632946512146007, 40.322355068253273 ], [ -3.63303651457301, 40.322425070366769 ], [ -3.633116516730346, 40.322485072178338 ], [ -3.633196518887682, 40.3225450739899 ], [ -3.633286521314685, 40.322615076103396 ], [ -3.633386524011355, 40.322695078518827 ], [ -3.633476526438358, 40.322765080632323 ], [ -3.633596529674362, 40.3228650836516 ], [ -3.633726533180033, 40.322985087274738 ], [ -3.633816535607036, 40.323075089992088 ], [ -3.634126543966713, 40.32330509693643 ], [ -3.634486553674725, 40.32356510478656 ], [ -3.635156571742414, 40.324035118977179 ], [ -3.634996567427742, 40.32415512260031 ], [ -3.634966566618741, 40.324175123204171 ], [ -3.635446579562757, 40.324565134979359 ], [ -3.635996594394442, 40.325075150377685 ], [ -3.636196599787782, 40.325205154302751 ], [ -3.636616611113796, 40.325455161850954 ], [ -3.636926619473473, 40.325675168493369 ], [ -3.637246628102817, 40.325885174833857 ], [ -3.637456633765824, 40.325995178155061 ], [ -3.637766642125501, 40.326235185401337 ], [ -3.638096651024512, 40.326445191741826 ], [ -3.638406659384189, 40.326675198686168 ], [ -3.638656666125864, 40.326845203818941 ], [ -3.639156679609214, 40.327115211970998 ], [ -3.639346684732887, 40.327235215594136 ], [ -3.639676693631898, 40.327435221632697 ], [ -3.639966701452241, 40.327645227973186 ], [ -3.640206707924249, 40.327805232804032 ], [ -3.640366712238921, 40.327905235823309 ], [ -3.640516716283926, 40.327965237634878 ], [ -3.640676720598598, 40.328025239446447 ], [ -3.640796723834602, 40.328065240654162 ], [ -3.640986728958275, 40.328145243069585 ], [ -3.641216735160616, 40.328235245786935 ], [ -3.641356738935954, 40.32827524699465 ], [ -3.641426740823623, 40.328315248202358 ], [ -3.641566744598961, 40.328425251523569 ], [ -3.641686747834965, 40.328505253938992 ], [ -3.641846752149637, 40.32862525756213 ], [ -3.641916754037306, 40.328695259675627 ], [ -3.64203675727331, 40.32877526209105 ], [ -3.642176761048648, 40.328855264506473 ], [ -3.642306764554319, 40.328915266318042 ], [ -3.642396766981322, 40.328935266921896 ], [ -3.642556771295994, 40.328985268431538 ], [ -3.642726775880333, 40.329065270846961 ], [ -3.642886780195005, 40.329165273866238 ], [ -3.643026783970343, 40.329265276885522 ], [ -3.643176788015348, 40.329425281716368 ], [ -3.643396793948022, 40.329665288962637 ], [ -3.643506796914359, 40.329815293491556 ], [ -3.643626800150363, 40.329995298926264 ], [ -3.643756803656034, 40.330175304360971 ], [ -3.643946808779707, 40.330375310399525 ], [ -3.644156814442714, 40.330575316438086 ], [ -3.644346819566387, 40.330715320665078 ], [ -3.64453682469006, 40.33085532489207 ], [ -3.644716829544066, 40.330955327911354 ], [ -3.644966836285741, 40.331065331232558 ], [ -3.645296845184752, 40.331245336667266 ], [ -3.6457368570501, 40.331465343309681 ], [ -3.646096866758112, 40.331645348744381 ], [ -3.646506877814459, 40.331835354481015 ], [ -3.646896888331472, 40.332035360519576 ], [ -3.647206896691149, 40.332205365652349 ], [ -3.647466903702491, 40.332355370181268 ], [ -3.647686909635165, 40.332505374710195 ], [ -3.647916915837506, 40.332675379842968 ], [ -3.648086920421845, 40.332785383164179 ], [ -3.648326926893853, 40.332945387995025 ], [ -3.64853693255686, 40.333085392222017 ], [ -3.648726937680533, 40.333185395241294 ], [ -3.64903694604021, 40.333335399770213 ], [ -3.649146949006547, 40.333405401883709 ], [ -3.649216950894216, 40.333335399770213 ], [ -3.649206950624549, 40.333295398562505 ], [ -3.649206950624549, 40.33325539735479 ], [ -3.649216950894216, 40.333225396449009 ], [ -3.649226951163883, 40.333185395241294 ], [ -3.649246951703217, 40.333125393429725 ], [ -3.649286952781885, 40.333015390108521 ], [ -3.649326953860553, 40.332935387693098 ], [ -3.649376955208888, 40.332865385579602 ], [ -3.649416956287556, 40.332795383466106 ], [ -3.649456957366224, 40.332735381654537 ], [ -3.649486958175225, 40.332695380446822 ], [ -3.649516958984226, 40.332655379239114 ], [ -3.649546959793227, 40.332615378031399 ], [ -3.649576960602228, 40.332585377125618 ], [ -3.649606961411229, 40.332565376521757 ], [ -3.64963696222023, 40.332545375917903 ], [ -3.649666963029231, 40.332535375615976 ], [ -3.649716964377566, 40.332515375012122 ], [ -3.649776965995568, 40.332485374106334 ], [ -3.649826967343903, 40.332455373200553 ], [ -3.649886968961905, 40.332405371690911 ], [ -3.649946970579907, 40.332335369577414 ], [ -3.649976971388908, 40.332305368671634 ], [ -3.650016972467576, 40.332275367765845 ], [ -3.650076974085578, 40.332295368369707 ], [ -3.650106974894579, 40.332305368671634 ], [ -3.65013697570358, 40.332315368973561 ], [ -3.650166976512581, 40.332335369577414 ], [ -3.650206977591249, 40.332365370483203 ], [ -3.650276979478918, 40.332415371992838 ], [ -3.650316980557586, 40.332385371087057 ], [ -3.655047108110077, 40.330025299832045 ], [ -3.657517174717826, 40.328925266619969 ], [ -3.657527174987493, 40.329285277489376 ], [ -3.657617177414496, 40.329835294095417 ], [ -3.657767181459501, 40.330555315834232 ], [ -3.657977187122508, 40.331035330326777 ], [ -3.658307196021519, 40.331595347234746 ], [ -3.658387198178855, 40.331855355084869 ], [ -3.658417198987856, 40.332135363538853 ], [ -3.658527201954193, 40.332495374408261 ], [ -3.658597203841862, 40.332805383768033 ], [ -3.658647205190197, 40.333385401279855 ], [ -3.658857210853204, 40.333825414564686 ], [ -3.659197220021882, 40.334205426037954 ], [ -3.65993723997724, 40.334885446569054 ], [ -3.66053725615726, 40.335415462571241 ], [ -3.660957267483274, 40.335965479177283 ], [ -3.661317277191286, 40.336495495179463 ], [ -3.661457280966624, 40.337055512087431 ], [ -3.66143728042729, 40.337605528693473 ], [ -3.66153728312396, 40.337865536543596 ], [ -3.661697287438632, 40.338095543487945 ], [ -3.662007295798309, 40.33837555194193 ], [ -3.662207301191649, 40.33855555737663 ], [ -3.662387306045655, 40.338675560999768 ], [ -3.662667313596331, 40.338855566434475 ], [ -3.662847318450337, 40.338985570359533 ], [ -3.662967321686341, 40.339185576398094 ], [ -3.663027323304343, 40.339485585455932 ], [ -3.66303732357401, 40.339885597533055 ], [ -3.66303732357401, 40.340575618366088 ], [ -3.663097325192012, 40.340825625914285 ], [ -3.663287330315685, 40.341345641614545 ], [ -3.663557337596694, 40.341885657918652 ], [ -3.663667340563031, 40.342115664863002 ], [ -3.66383734514737, 40.342345671807344 ], [ -3.664017350001376, 40.342595679355547 ], [ -3.664027350271043, 40.342615679959401 ], [ -3.664117352698046, 40.342825686299889 ], [ -3.664227355664383, 40.343185697169297 ], [ -3.664347358900387, 40.343465705623281 ], [ -3.664587365372395, 40.343745714077265 ], [ -3.664947375080407, 40.34396572071968 ], [ -3.665247383170417, 40.344095724644745 ], [ -3.665507390181759, 40.34414572615438 ], [ -3.666587419305795, 40.344315731287161 ], [ -3.667377440609488, 40.344515737325722 ], [ -3.667977456789508, 40.344665741854641 ], [ -3.668527471621193, 40.344795745779706 ], [ -3.66893748267754, 40.344925749704771 ], [ -3.66913748807088, 40.345045753327902 ], [ -3.669247491037217, 40.345135756045252 ], [ -3.669367494273221, 40.345235759064536 ], [ -3.66943749616089, 40.345365762989601 ], [ -3.66943749616089, 40.345505767216594 ], [ -3.669367494273221, 40.345655771745513 ], [ -3.66923749076755, 40.345805776274432 ], [ -3.669117487531546, 40.346185787747693 ], [ -3.669007484565209, 40.346785805863377 ], [ -3.668997484295542, 40.347145816732784 ], [ -3.669017484834876, 40.347415824884841 ], [ -3.669097486992212, 40.347705833640752 ], [ -3.669407495351889, 40.348625861418128 ], [ -3.669567499666561, 40.348975871985608 ], [ -3.669717503711566, 40.349185878326097 ], [ -3.66993750964424, 40.349325882553089 ], [ -3.67013751503758, 40.349435885874293 ], [ -3.670527525554593, 40.349575890101285 ], [ -3.671287546049285, 40.349755895535992 ], [ -3.672047566543977, 40.350015903386122 ], [ -3.672497578678992, 40.350195908820822 ], [ -3.672697584072332, 40.350295911840107 ], [ -3.672897589465672, 40.350425915765165 ], [ -3.673027592971343, 40.350545919388303 ], [ -3.673097594859012, 40.350605921199872 ], [ -3.673127595668013, 40.350655922709514 ], [ -3.67323759863435, 40.350895929955783 ], [ -3.673407603218689, 40.351355943844474 ], [ -3.673597608342362, 40.351865959242801 ], [ -3.673657609960364, 40.352125967092931 ], [ -3.673707611308699, 40.352465977358477 ], [ -3.673747612387367, 40.352765986416323 ], [ -3.67383761481437, 40.353005993662592 ], [ -3.67413762290438, 40.353296002418503 ], [ -3.674227625331383, 40.353326003324291 ], [ -3.674597635309062, 40.353466007551276 ], [ -3.675027646904743, 40.353596011476341 ], [ -3.675097648792412, 40.353606011778268 ], [ -3.675477659039758, 40.35365601328791 ], [ -3.675687664702765, 40.353716015099479 ], [ -3.675917670905106, 40.353786017212975 ], [ -3.676157677377114, 40.353966022647683 ], [ -3.676317681691786, 40.354186029290098 ], [ -3.676497686545792, 40.354566040763359 ], [ -3.676647690590797, 40.354926051632766 ], [ -3.676807694905469, 40.355456067634954 ], [ -3.677067701916811, 40.356336094204615 ], [ -3.677187705152815, 40.356796108093306 ], [ -3.677377710276488, 40.357086116849217 ], [ -3.677397710815822, 40.357116117754998 ], [ -3.677647717557497, 40.357386125907055 ], [ -3.677767720793501, 40.357456128020551 ], [ -3.67803772807451, 40.357606132549471 ], [ -3.678397737782522, 40.357746136776463 ], [ -3.678757747490534, 40.357886141003455 ], [ -3.679167758546881, 40.358086147042016 ], [ -3.679327762861553, 40.35819615036322 ], [ -3.679567769333561, 40.358386156099854 ], [ -3.679967780120241, 40.35877616787505 ], [ -3.680657798727264, 40.359506189915791 ], [ -3.680947806547607, 40.35974619716206 ], [ -3.681317816525286, 40.359916202294841 ], [ -3.681467820570291, 40.360086207427614 ], [ -3.681507821648959, 40.360186210446898 ], [ -3.681517821918626, 40.360216211352679 ], [ -3.68193783324464, 40.361306244262835 ], [ -3.681217813828616, 40.361056236714631 ], [ -3.680787802232935, 40.360936233091493 ], [ -3.68033779009792, 40.360836230072216 ], [ -3.679807775805569, 40.36076622795872 ], [ -3.679357763670554, 40.360716226449078 ], [ -3.678757747490534, 40.360696225845224 ], [ -3.678077729153178, 40.360706226147151 ], [ -3.677577715669828, 40.360726226751005 ], [ -3.677027700838143, 40.360746227354866 ], [ -3.676677691399798, 40.36076622795872 ], [ -3.67593767144444, 40.360816229468362 ], [ -3.675167650680081, 40.360886231581858 ], [ -3.674467631803391, 40.360956233695354 ], [ -3.673707611308699, 40.361036236110778 ], [ -3.673027592971343, 40.361136239130055 ], [ -3.672157569510314, 40.361276243357047 ], [ -3.671517552251626, 40.361386246678258 ], [ -3.671177543082948, 40.361456248791754 ], [ -3.670817533374936, 40.36152625090525 ], [ -3.670127514767913, 40.361676255434169 ], [ -3.669547499127227, 40.361836260265015 ], [ -3.669447496430557, 40.361866261170796 ], [ -3.668877481059538, 40.362036266303576 ], [ -3.668247464070517, 40.362256272945991 ], [ -3.667887454362505, 40.362396277172984 ], [ -3.667557445463494, 40.362526281098049 ], [ -3.66723743683415, 40.362666285325041 ], [ -3.667167434946481, 40.362696286230822 ], [ -3.666687422002465, 40.362926293175171 ], [ -3.666497416878792, 40.363026296194448 ], [ -3.666017403934776, 40.363276303742644 ], [ -3.66443736132739, 40.364136329708458 ], [ -3.657057162313144, 40.368766469501118 ], [ -3.655987133458775, 40.369366487616801 ], [ -3.655597122941762, 40.369586494259217 ], [ -3.654707098941399, 40.370356517507673 ], [ -3.654397090581722, 40.370886533509854 ], [ -3.653577068469028, 40.373626616238127 ], [ -3.653297060918352, 40.374326637373088 ], [ -3.652757046356334, 40.375646677227586 ], [ -3.652367035839321, 40.376046689304701 ], [ -3.651507012647959, 40.376096690814343 ], [ -3.649906969501239, 40.376306697154831 ], [ -3.648576933635528, 40.376516703495319 ], [ -3.645066838982411, 40.377226724932207 ], [ -3.641506742980959, 40.377946746671022 ], [ -3.634376550708388, 40.379766801621919 ], [ -3.633026514303343, 40.380096811585545 ], [ -3.632586502437995, 40.380206814906749 ], [ -3.630196437987582, 40.380776832116645 ], [ -3.627166356278481, 40.381506854157394 ], [ -3.625906322300439, 40.381796862913305 ], [ -3.624576286434728, 40.382076871367289 ], [ -3.621386200410955, 40.382766892200323 ], [ -3.620676181264598, 40.38295689793695 ], [ -3.61913613973588, 40.38330690850443 ], [ -3.618946134612207, 40.382726890992608 ], [ -3.617366092004821, 40.381426851741971 ], [ -3.617666100094831, 40.381206845099548 ], [ -3.617896106297172, 40.38107684117449 ], [ -3.618196114387182, 40.380916836343637 ], [ -3.618396119780522, 40.380796832720506 ], [ -3.618366118971521, 40.380786832418579 ], [ -3.618266116274851, 40.380736830908937 ], [ -3.617566097398161, 40.380866834834002 ], [ -3.617366092004821, 40.380326818529888 ], [ -3.617306090386819, 40.380156813397114 ], [ -3.617286089847485, 40.37970679981035 ], [ -3.617276089577818, 40.379496793469862 ], [ -3.617246088768817, 40.379496793469862 ], [ -3.617106084993479, 40.379476792866008 ], [ -3.616726074746133, 40.379466792564081 ], [ -3.616406066116789, 40.379456792262154 ], [ -3.615816050206436, 40.379426791356366 ], [ -3.615216034026416, 40.379396790450585 ], [ -3.614096003823712, 40.379296787431301 ], [ -3.613665992228031, 40.379246785921666 ] ] ] } },
{ "type": "Feature", "properties": { "id_barrio": "12121", "nombre_barrio": "Orcasitas", "nombre_distrito": "Usera", "area_km2": 1.357, "distancia_centro_km": 5.417, "lat_c": 40.368576465435289, "lon_c": -3.7119989726307212 }, "geometry": { "type": "Polygon", "coordinates": [ [ [ -3.704898452400072, 40.363656315215913 ], [ -3.705148459141747, 40.363676315819767 ], [ -3.706368492041121, 40.363816320046759 ], [ -3.707098511726812, 40.363876321858328 ], [ -3.707988535727175, 40.363936323669897 ], [ -3.708098538693512, 40.363936323669897 ], [ -3.709768583727901, 40.36401632608532 ], [ -3.714158702111714, 40.364356336350873 ], [ -3.720978886024608, 40.364786349333777 ], [ -3.720888883597605, 40.365546372280306 ], [ -3.720718879013266, 40.366436399151894 ], [ -3.72043887146259, 40.367866442327596 ], [ -3.720198864990582, 40.370686527471292 ], [ -3.719768853394901, 40.373816621974761 ], [ -3.718498819147192, 40.373836622578615 ], [ -3.716888775730805, 40.373826622276688 ], [ -3.716688770337465, 40.373826622276688 ], [ -3.714488711010725, 40.3737966213709 ], [ -3.713288678650685, 40.373546613822704 ], [ -3.712628660852663, 40.373406609595712 ], [ -3.712328652762653, 40.373336607482216 ], [ -3.710778610964268, 40.372926595103166 ], [ -3.708788557300535, 40.372396579100986 ], [ -3.706808503906469, 40.371866563098799 ], [ -3.704908452669739, 40.371356547700472 ], [ -3.704158432444714, 40.371196542869626 ], [ -3.703448413298357, 40.371166541963838 ], [ -3.703108404129679, 40.370576524150088 ], [ -3.703398411950022, 40.369516492145721 ], [ -3.703458413568024, 40.369286485201378 ], [ -3.703848424085037, 40.367646435685181 ], [ -3.70413843190538, 40.36641639854804 ], [ -3.704368438107721, 40.365536371978372 ], [ -3.704898452400072, 40.363656315215913 ] ] ] } },
{ "type": "Feature", "properties": { "id_barrio": "12122", "nombre_barrio": "Orcasur", "nombre_distrito": "Usera", "area_km2": 1.387, "distancia_centro_km": 4.808, "lat_c": 40.373786489660567, "lon_c": -3.6987659563144955 }, "geometry": { "type": "Polygon", "coordinates": [ [ [ -3.704888452130405, 40.36366631551784 ], [ -3.704898452400072, 40.363656315215913 ], [ -3.704368438107721, 40.365536371978372 ], [ -3.70413843190538, 40.36641639854804 ], [ -3.703848424085037, 40.367646435685181 ], [ -3.703458413568024, 40.369286485201378 ], [ -3.703398411950022, 40.369516492145721 ], [ -3.703108404129679, 40.370576524150088 ], [ -3.703468413837691, 40.371166541963838 ], [ -3.703208406826349, 40.371736559173733 ], [ -3.702858397388004, 40.372686587856897 ], [ -3.702738394152, 40.373136601443655 ], [ -3.70263839145533, 40.374096630428745 ], [ -3.70253838875866, 40.375046659111902 ], [ -3.701678365567298, 40.376876714364727 ], [ -3.700958346151274, 40.377846743651745 ], [ -3.700088322690245, 40.378526764182851 ], [ -3.696798233969802, 40.379886805245057 ], [ -3.69553819999176, 40.380366819737603 ], [ -3.695568200800761, 40.380706830003149 ], [ -3.69513818920508, 40.381096841778344 ], [ -3.694018159002376, 40.382226875896208 ], [ -3.693308139856019, 40.382946897635023 ], [ -3.692158108844314, 40.384096932356741 ], [ -3.689748043854567, 40.382336879217412 ], [ -3.690308058955919, 40.381986868649939 ], [ -3.690608067045929, 40.381746861403663 ], [ -3.690908075135939, 40.381466852949679 ], [ -3.691148081607947, 40.381236846005336 ], [ -3.691308085922619, 40.381046840268702 ], [ -3.691518091585626, 40.380756831512791 ], [ -3.692068106417311, 40.379946807056626 ], [ -3.692888128530005, 40.378736770523332 ], [ -3.693548146328027, 40.37774674063246 ], [ -3.69423816493505, 40.376726709835808 ], [ -3.694528172755393, 40.376266695947116 ], [ -3.694608174912729, 40.376126691720131 ], [ -3.694708177609399, 40.375936685983497 ], [ -3.694768179227401, 40.375796681756505 ], [ -3.694818180575736, 40.375656677529513 ], [ -3.694878182193738, 40.375436670887098 ], [ -3.694928183542073, 40.375186663338894 ], [ -3.694948184081407, 40.375016658206121 ], [ -3.694948184081407, 40.374846653073341 ], [ -3.69493818381174, 40.374676647940568 ], [ -3.694828180845403, 40.373476611709208 ], [ -3.694608174912729, 40.371146541359984 ], [ -3.694568173834061, 40.370836532000219 ], [ -3.694448170598057, 40.370096509657543 ], [ -3.694358168171054, 40.369326486409086 ], [ -3.694278166013718, 40.368746468897264 ], [ -3.694158162777714, 40.367056417871432 ], [ -3.694018159002376, 40.364576342993288 ], [ -3.694008158732709, 40.364526341483646 ], [ -3.695528199722093, 40.364516341181719 ], [ -3.696228218598783, 40.364496340577865 ], [ -3.696598228576462, 40.364476339974004 ], [ -3.696758232891134, 40.364466339672077 ], [ -3.696898236666472, 40.36445633937015 ], [ -3.697128242868813, 40.364436338766296 ], [ -3.69743825122849, 40.364416338162442 ], [ -3.698148270374847, 40.364326335445085 ], [ -3.6987382862852, 40.364236332727735 ], [ -3.699108296262879, 40.364166330614239 ], [ -3.699328302195553, 40.364126329406531 ], [ -3.70003832134191, 40.363966324575678 ], [ -3.700688338870265, 40.363826320348686 ], [ -3.700778341297268, 40.363806319744832 ], [ -3.701058348847944, 40.36375631823519 ], [ -3.701108350196279, 40.363746317933263 ], [ -3.70163836448863, 40.36366631551784 ], [ -3.702088376623645, 40.363616314008198 ], [ -3.702598390376662, 40.36357631280049 ], [ -3.703218407096016, 40.363556312196629 ], [ -3.70363841842203, 40.363566312498563 ], [ -3.703998428130042, 40.363586313102417 ], [ -3.704068430017711, 40.363586313102417 ], [ -3.704268435411051, 40.363606313706271 ], [ -3.704488441343725, 40.363626314310125 ], [ -3.704888452130405, 40.36366631551784 ] ] ] } },
{ "type": "Feature", "properties": { "id_barrio": "12123", "nombre_barrio": "San Fermín", "nombre_distrito": "Usera", "area_km2": 1.477, "distancia_centro_km": 5.141, "lat_c": 40.371745707370295, "lon_c": -3.6903176190145666 }, "geometry": { "type": "Polygon", "coordinates": [ [ [ -3.681927832974973, 40.361296243960901 ], [ -3.683147865874347, 40.361726256943811 ], [ -3.685407926819089, 40.362536281399976 ], [ -3.687247976437817, 40.363196301327221 ], [ -3.68903802470821, 40.363786319140978 ], [ -3.689458036034224, 40.363906322764109 ], [ -3.690058052214244, 40.364056327293035 ], [ -3.690628067585263, 40.364166330614239 ], [ -3.691258084574284, 40.364266333633516 ], [ -3.691658095360964, 40.364316335143158 ], [ -3.69223811100165, 40.364386337256654 ], [ -3.693258138507684, 40.364466339672077 ], [ -3.693888155496705, 40.364516341181719 ], [ -3.694008158732709, 40.364526341483646 ], [ -3.694018159002376, 40.364576342993288 ], [ -3.694158162777714, 40.367056417871432 ], [ -3.694278166013718, 40.368746468897264 ], [ -3.694358168171054, 40.369326486409086 ], [ -3.694448170598057, 40.370096509657543 ], [ -3.694568173834061, 40.370836532000219 ], [ -3.694608174912729, 40.371146541359984 ], [ -3.694828180845403, 40.373476611709208 ], [ -3.69493818381174, 40.374676647940568 ], [ -3.694948184081407, 40.374846653073341 ], [ -3.694948184081407, 40.375016658206121 ], [ -3.694928183542073, 40.375186663338894 ], [ -3.694878182193738, 40.375436670887098 ], [ -3.694818180575736, 40.375656677529513 ], [ -3.694768179227401, 40.375796681756505 ], [ -3.694708177609399, 40.375936685983497 ], [ -3.694608174912729, 40.376126691720131 ], [ -3.694528172755393, 40.376266695947116 ], [ -3.69423816493505, 40.376726709835808 ], [ -3.693548146328027, 40.37774674063246 ], [ -3.692888128530005, 40.378736770523332 ], [ -3.692068106417311, 40.379946807056626 ], [ -3.691518091585626, 40.380756831512791 ], [ -3.691308085922619, 40.381046840268702 ], [ -3.691148081607947, 40.381236846005336 ], [ -3.690908075135939, 40.381466852949679 ], [ -3.690608067045929, 40.381746861403663 ], [ -3.690308058955919, 40.381986868649939 ], [ -3.689748043854567, 40.382316878613558 ], [ -3.689548038461227, 40.382056870763435 ], [ -3.68943803549489, 40.381856864724874 ], [ -3.689328032528553, 40.381636858082459 ], [ -3.689188028753215, 40.38134684932654 ], [ -3.689018024168876, 40.38072683060701 ], [ -3.688958022550874, 40.380436821851099 ], [ -3.688908021202539, 40.380186814302895 ], [ -3.688898020932872, 40.380016809170122 ], [ -3.688878020393538, 40.379816803131561 ], [ -3.68883801931487, 40.379686799206496 ], [ -3.688768017427201, 40.379576795885285 ], [ -3.688658014460864, 40.379396790450585 ], [ -3.688548011494527, 40.379186784110097 ], [ -3.688378006910188, 40.378976777769608 ], [ -3.688208002325849, 40.378846773844543 ], [ -3.687977996123508, 40.378686769013697 ], [ -3.687887993696505, 40.378566765390559 ], [ -3.687857992887504, 40.378396760257786 ], [ -3.687877993426838, 40.378216754823079 ], [ -3.68783799234817, 40.378056749992233 ], [ -3.687357979404154, 40.377006718289792 ], [ -3.687277977246818, 40.37677671134545 ], [ -3.687247976437817, 40.376616706514596 ], [ -3.687267976977151, 40.376426700777969 ], [ -3.687317978325486, 40.376136692022058 ], [ -3.687607986145829, 40.375286666358178 ], [ -3.687727989381833, 40.374836652771414 ], [ -3.687757990190834, 40.374596645525145 ], [ -3.6877379896515, 40.374386639184657 ], [ -3.687677988033498, 40.374156632240314 ], [ -3.687607986145829, 40.374076629824884 ], [ -3.687597985876162, 40.374066629522957 ], [ -3.687347979134487, 40.37387662378633 ], [ -3.68713797347148, 40.373666617445842 ], [ -3.687057971314144, 40.373596615332346 ], [ -3.686987969426475, 40.373516612916923 ], [ -3.686897966999472, 40.373336607482216 ], [ -3.686807964572469, 40.373016597820516 ], [ -3.68663795998813, 40.372566584233759 ], [ -3.686517956752126, 40.37232657698749 ], [ -3.686427954325123, 40.372166572156637 ], [ -3.68633795189812, 40.372056568835433 ], [ -3.68623794920145, 40.371946565514222 ], [ -3.686167947313781, 40.371886563702652 ], [ -3.686057944347444, 40.371806561287229 ], [ -3.685887939763105, 40.371736559173733 ], [ -3.685747935987767, 40.371686557664098 ], [ -3.685557930864094, 40.371636556154456 ], [ -3.685317924392086, 40.371586554644814 ], [ -3.684907913335739, 40.37147655132361 ], [ -3.684267896077051, 40.371286545586976 ], [ -3.683517875852026, 40.371016537434919 ], [ -3.68303786290801, 40.370786530490577 ], [ -3.682767855627001, 40.370586524452015 ], [ -3.682577850503328, 40.370416519319242 ], [ -3.682457847267324, 40.370266514790316 ], [ -3.68233784403132, 40.370026507544047 ], [ -3.682277842413318, 40.369836501807413 ], [ -3.682267842143651, 40.36966649667464 ], [ -3.682287842682985, 40.369496491541867 ], [ -3.68233784403132, 40.369336486711013 ], [ -3.682347844300987, 40.369156481276313 ], [ -3.68233784403132, 40.368986476143533 ], [ -3.682257841873984, 40.368646465877987 ], [ -3.681847830817637, 40.367516431760123 ], [ -3.681777828929968, 40.36735642692927 ], [ -3.6817378278513, 40.367066418173358 ], [ -3.681717827311966, 40.366806410323228 ], [ -3.6817378278513, 40.366626404888528 ], [ -3.681797829469302, 40.366406398246113 ], [ -3.681987834592975, 40.366166390999837 ], [ -3.682247841604317, 40.365986385565137 ], [ -3.682527849154993, 40.365826380734291 ], [ -3.682687853469665, 40.365676376205364 ], [ -3.682777855896668, 40.365556372582233 ], [ -3.682867858323671, 40.365446369261022 ], [ -3.683007862099009, 40.365166360807038 ], [ -3.683107864795679, 40.364916353258842 ], [ -3.683147865874347, 40.364736347824135 ], [ -3.683147865874347, 40.364486340275938 ], [ -3.683087864256345, 40.364176330916166 ], [ -3.682757855357334, 40.363356306158074 ], [ -3.681927832974973, 40.361296243960901 ] ] ] } },
{ "type": "Feature", "properties": { "id_barrio": "13131", "nombre_barrio": "Entrevías", "nombre_distrito": "Puente de Vallecas", "area_km2": 5.972, "distancia_centro_km": 5.004, "lat_c": 40.377577834274206, "lon_c": -3.6747984855650651 }, "geometry": { "type": "Polygon", "coordinates": [ [ [ -3.654387090312055, 40.376026688700847 ], [ -3.654377090042388, 40.376026688700847 ], [ -3.652807047704669, 40.37601668839892 ], [ -3.652357035569654, 40.376046689304701 ], [ -3.652757046356334, 40.375646677227586 ], [ -3.653297060918352, 40.374326637373088 ], [ -3.653577068469028, 40.373626616238127 ], [ -3.654397090581722, 40.370886533509854 ], [ -3.654707098941399, 40.370356517507673 ], [ -3.655597122941762, 40.369586494259217 ], [ -3.655987133458775, 40.369366487616801 ], [ -3.657057162313144, 40.368766469501118 ], [ -3.66443736132739, 40.364136329708458 ], [ -3.666017403934776, 40.363276303742644 ], [ -3.666497416878792, 40.363026296194448 ], [ -3.666687422002465, 40.362926293175171 ], [ -3.667167434946481, 40.362696286230822 ], [ -3.66723743683415, 40.362666285325041 ], [ -3.667557445463494, 40.362526281098049 ], [ -3.667887454362505, 40.362396277172984 ], [ -3.668247464070517, 40.362256272945991 ], [ -3.668877481059538, 40.362036266303576 ], [ -3.669447496430557, 40.361866261170796 ], [ -3.669547499127227, 40.361836260265015 ], [ -3.670127514767913, 40.361676255434169 ], [ -3.670817533374936, 40.36152625090525 ], [ -3.671177543082948, 40.361456248791754 ], [ -3.671517552251626, 40.361386246678258 ], [ -3.672157569510314, 40.361276243357047 ], [ -3.673027592971343, 40.361136239130055 ], [ -3.673707611308699, 40.361036236110778 ], [ -3.674467631803391, 40.360956233695354 ], [ -3.675167650680081, 40.360886231581858 ], [ -3.67593767144444, 40.360816229468362 ], [ -3.676677691399798, 40.36076622795872 ], [ -3.677027700838143, 40.360746227354866 ], [ -3.677577715669828, 40.360726226751005 ], [ -3.678077729153178, 40.360706226147151 ], [ -3.678757747490534, 40.360696225845224 ], [ -3.679357763670554, 40.360716226449078 ], [ -3.679807775805569, 40.36076622795872 ], [ -3.68033779009792, 40.360836230072216 ], [ -3.680787802232935, 40.360936233091493 ], [ -3.681217813828616, 40.361056236714631 ], [ -3.681927832974973, 40.361296243960901 ], [ -3.682757855357334, 40.363356306158074 ], [ -3.683087864256345, 40.364176330916166 ], [ -3.683147865874347, 40.364486340275938 ], [ -3.683147865874347, 40.364736347824135 ], [ -3.683107864795679, 40.364916353258842 ], [ -3.683007862099009, 40.365166360807038 ], [ -3.682867858323671, 40.365446369261022 ], [ -3.682777855896668, 40.365556372582233 ], [ -3.682687853469665, 40.365676376205364 ], [ -3.682527849154993, 40.365826380734291 ], [ -3.682247841604317, 40.365986385565137 ], [ -3.681987834592975, 40.366166390999837 ], [ -3.681797829469302, 40.366406398246113 ], [ -3.6817378278513, 40.366626404888528 ], [ -3.681717827311966, 40.366806410323228 ], [ -3.6817378278513, 40.367066418173358 ], [ -3.681777828929968, 40.36735642692927 ], [ -3.681847830817637, 40.367516431760123 ], [ -3.682257841873984, 40.368646465877987 ], [ -3.68233784403132, 40.368986476143533 ], [ -3.682347844300987, 40.369156481276313 ], [ -3.68233784403132, 40.369336486711013 ], [ -3.682287842682985, 40.369496491541867 ], [ -3.682267842143651, 40.36966649667464 ], [ -3.682277842413318, 40.369836501807413 ], [ -3.68233784403132, 40.370026507544047 ], [ -3.682457847267324, 40.370266514790316 ], [ -3.682577850503328, 40.370416519319242 ], [ -3.682767855627001, 40.370586524452015 ], [ -3.68303786290801, 40.370786530490577 ], [ -3.683517875852026, 40.371016537434919 ], [ -3.684267896077051, 40.371286545586976 ], [ -3.684907913335739, 40.37147655132361 ], [ -3.685317924392086, 40.371586554644814 ], [ -3.685557930864094, 40.371636556154456 ], [ -3.685747935987767, 40.371686557664098 ], [ -3.685887939763105, 40.371736559173733 ], [ -3.686057944347444, 40.371806561287229 ], [ -3.686167947313781, 40.371886563702652 ], [ -3.68623794920145, 40.371946565514222 ], [ -3.68633795189812, 40.372056568835433 ], [ -3.686427954325123, 40.372166572156637 ], [ -3.686517956752126, 40.37232657698749 ], [ -3.68663795998813, 40.372566584233759 ], [ -3.686807964572469, 40.373016597820516 ], [ -3.686897966999472, 40.373336607482216 ], [ -3.686987969426475, 40.373516612916923 ], [ -3.687057971314144, 40.373596615332346 ], [ -3.68713797347148, 40.373666617445842 ], [ -3.687347979134487, 40.37387662378633 ], [ -3.687597985876162, 40.374066629522957 ], [ -3.687607986145829, 40.374076629824884 ], [ -3.687677988033498, 40.374156632240314 ], [ -3.6877379896515, 40.374386639184657 ], [ -3.687757990190834, 40.374596645525145 ], [ -3.687727989381833, 40.374836652771414 ], [ -3.687607986145829, 40.375286666358178 ], [ -3.687317978325486, 40.376136692022058 ], [ -3.687267976977151, 40.376426700777969 ], [ -3.687247976437817, 40.376616706514596 ], [ -3.687277977246818, 40.37677671134545 ], [ -3.687357979404154, 40.377006718289792 ], [ -3.68783799234817, 40.378056749992233 ], [ -3.687877993426838, 40.378216754823079 ], [ -3.687857992887504, 40.378396760257786 ], [ -3.687887993696505, 40.378566765390559 ], [ -3.687977996123508, 40.378686769013697 ], [ -3.688208002325849, 40.378846773844543 ], [ -3.688378006910188, 40.378976777769608 ], [ -3.688548011494527, 40.379186784110097 ], [ -3.688658014460864, 40.379396790450585 ], [ -3.688768017427201, 40.379576795885285 ], [ -3.68883801931487, 40.379686799206496 ], [ -3.688878020393538, 40.379816803131561 ], [ -3.688898020932872, 40.380016809170122 ], [ -3.688908021202539, 40.380186814302895 ], [ -3.688958022550874, 40.380436821851099 ], [ -3.689018024168876, 40.38072683060701 ], [ -3.689188028753215, 40.38134684932654 ], [ -3.689328032528553, 40.381636858082459 ], [ -3.68943803549489, 40.381856864724874 ], [ -3.689548038461227, 40.382056870763435 ], [ -3.689758044124234, 40.382326878915485 ], [ -3.689488036843225, 40.382486883746338 ], [ -3.689118026865546, 40.382656888879112 ], [ -3.688758017157534, 40.382796893106104 ], [ -3.688228002865183, 40.382976898540811 ], [ -3.687457982100824, 40.383166904277438 ], [ -3.686977969156808, 40.383276907598649 ], [ -3.684867912257071, 40.383676919675764 ], [ -3.684317897425386, 40.383786922996975 ], [ -3.683977888256708, 40.383876925714326 ], [ -3.683607878279029, 40.383996929337464 ], [ -3.683357871537354, 40.384136933564456 ], [ -3.683157866144014, 40.384276937791448 ], [ -3.682947860481007, 40.384436942622294 ], [ -3.682727854548333, 40.384646948962782 ], [ -3.682347844300987, 40.385116963153401 ], [ -3.679147758007547, 40.389987110192337 ], [ -3.678717746411866, 40.390497125590663 ], [ -3.678287734816185, 40.390907137969712 ], [ -3.677567715400161, 40.391477155179608 ], [ -3.676447685197457, 40.392337181145415 ], [ -3.675257653107084, 40.393267209224717 ], [ -3.67453763369106, 40.39375722401919 ], [ -3.673527606454693, 40.394337241531012 ], [ -3.673157596477014, 40.39357721858449 ], [ -3.672507578948659, 40.391767163935519 ], [ -3.672447577330657, 40.391457154575754 ], [ -3.672217571128316, 40.390447124081021 ], [ -3.672157569510314, 40.390247118042467 ], [ -3.67213756897098, 40.39015711532511 ], [ -3.672077567352978, 40.389947108984622 ], [ -3.672027566004643, 40.389777103851848 ], [ -3.671977564656308, 40.389617099021002 ], [ -3.671657556026964, 40.388487064903138 ], [ -3.671417549554956, 40.387707041352755 ], [ -3.67123754470095, 40.387117023538998 ], [ -3.671097540925612, 40.386717011461883 ], [ -3.670787532565935, 40.385826984590288 ], [ -3.670407522318589, 40.385076961945686 ], [ -3.670287519082585, 40.384846955001343 ], [ -3.670077513419578, 40.384456943226155 ], [ -3.669707503441899, 40.383896926318187 ], [ -3.669377494542888, 40.38339691122178 ], [ -3.669077486452878, 40.382986898842738 ], [ -3.668897481598872, 40.382736891294535 ], [ -3.668777478362868, 40.382586886765615 ], [ -3.668707476475199, 40.382506884350192 ], [ -3.668647474857197, 40.382436882236696 ], [ -3.668307465688519, 40.382046870461501 ], [ -3.668227463531183, 40.381956867744151 ], [ -3.667997457328842, 40.381686859592094 ], [ -3.667717449778166, 40.381406851138109 ], [ -3.667247437103817, 40.380936836947498 ], [ -3.666977429822808, 40.380656828493514 ], [ -3.666397414182122, 40.380206814906749 ], [ -3.666357413103454, 40.380176814000968 ], [ -3.66563739368743, 40.379626797394927 ], [ -3.665477389372758, 40.37952679437565 ], [ -3.665267383709751, 40.379386790148658 ], [ -3.665087378855745, 40.37926678652552 ], [ -3.664317358091386, 40.378786772032974 ], [ -3.663687341102365, 40.378436761465494 ], [ -3.663067324383011, 40.378116751803802 ], [ -3.662447307663657, 40.377836743349818 ], [ -3.662167300112981, 40.377716739726679 ], [ -3.661857291753304, 40.377586735801614 ], [ -3.661547283393627, 40.377456731876549 ], [ -3.661257275573284, 40.377346728555345 ], [ -3.660377251842588, 40.377066720101361 ], [ -3.659967240786241, 40.37695671678015 ], [ -3.659327223527553, 40.376786711647377 ], [ -3.659007214898209, 40.376696708930027 ], [ -3.658697206538532, 40.376606706212669 ], [ -3.658157191976514, 40.37645670168375 ], [ -3.656887157728805, 40.376256695645189 ], [ -3.656677152065798, 40.376226694739408 ], [ -3.656387144245455, 40.376186693531693 ], [ -3.655827129144103, 40.376116691418197 ], [ -3.655707125908099, 40.37610669111627 ], [ -3.654757100289734, 40.376026688700847 ], [ -3.654387090312055, 40.376026688700847 ] ] ] } },
{ "type": "Feature", "properties": { "id_barrio": "10106", "nombre_barrio": "Cuatro Vientos", "nombre_distrito": "Latina", "area_km2": 5.423, "distancia_centro_km": 8.532, "lat_c": 40.369811701265931, "lon_c": -3.782941233624955 }, "geometry": { "type": "Polygon", "coordinates": [ [ [ -3.770760228426934, 40.360556221618232 ], [ -3.770750228157267, 40.360586222524013 ], [ -3.771630251887963, 40.359866200785198 ], [ -3.772360271573654, 40.359806198973629 ], [ -3.77344030069769, 40.360586222524013 ], [ -3.776760390227134, 40.361316244564762 ], [ -3.780330486498253, 40.361906262378511 ], [ -3.780780498633268, 40.361726256943811 ], [ -3.780950503217607, 40.361666255132242 ], [ -3.781030505374943, 40.361646254528381 ], [ -3.78114050834128, 40.361626253924527 ], [ -3.781250511307617, 40.3616162536226 ], [ -3.781360514273954, 40.361596253018746 ], [ -3.781460516970624, 40.361566252112958 ], [ -3.781560519667294, 40.36152625090525 ], [ -3.78164052182463, 40.361486249697535 ], [ -3.781710523712299, 40.361446248489827 ], [ -3.781860527757304, 40.361376246376331 ], [ -3.782000531532642, 40.361306244262835 ], [ -3.782500545015992, 40.361076237318485 ], [ -3.78294055688134, 40.36085623067607 ], [ -3.783400569286022, 40.360626223731728 ], [ -3.783820580612036, 40.360426217693167 ], [ -3.784080587623378, 40.360296213768102 ], [ -3.784460597870724, 40.360106208031475 ], [ -3.784710604612399, 40.359966203804483 ], [ -3.784870608927071, 40.359906201992914 ], [ -3.78514061620808, 40.359796198671702 ], [ -3.785590628343095, 40.359606192935068 ], [ -3.786010639669109, 40.359426187500368 ], [ -3.786670657467131, 40.35912617844253 ], [ -3.786870662860471, 40.359036175725173 ], [ -3.787080668523478, 40.358936172705896 ], [ -3.787220672298816, 40.358876170894327 ], [ -3.787390676883155, 40.358806168780831 ], [ -3.787500679849492, 40.358766167573123 ], [ -3.787760686860834, 40.358706165761554 ], [ -3.78784068901817, 40.358716166063481 ], [ -3.787910690905839, 40.358736166667335 ], [ -3.788050694681177, 40.35877616787505 ], [ -3.788420704658856, 40.358916172102042 ], [ -3.788910717872539, 40.359086177234815 ], [ -3.789550735131227, 40.359336184783018 ], [ -3.789970746457241, 40.359496189613864 ], [ -3.790350756704587, 40.35965619444471 ], [ -3.79084076991827, 40.359866200785198 ], [ -3.791160778547614, 40.360006205012191 ], [ -3.791470786907291, 40.360136208937256 ], [ -3.791610790682629, 40.360206211050752 ], [ -3.79184079688497, 40.360306214070029 ], [ -3.791980800660308, 40.360376216183525 ], [ -3.79214080497498, 40.360456218598955 ], [ -3.792310809559319, 40.360536221014378 ], [ -3.792410812255989, 40.360586222524013 ], [ -3.792520815222326, 40.360646224335582 ], [ -3.792650818727997, 40.360716226449078 ], [ -3.792790822503335, 40.360786228562574 ], [ -3.793010828436009, 40.360906232185712 ], [ -3.793220834099016, 40.361016235506916 ], [ -3.793410839222689, 40.361116238526201 ], [ -3.793570843537361, 40.361196240941624 ], [ -3.793750848391367, 40.361276243357047 ], [ -3.794020855672376, 40.361396246980185 ], [ -3.794270862414051, 40.361496249999462 ], [ -3.794690873740065, 40.361656254830315 ], [ -3.795020882639076, 40.361776258453446 ], [ -3.795150886144747, 40.361816259661161 ], [ -3.795410893156089, 40.361886261774657 ], [ -3.795660899897764, 40.361946263586226 ], [ -3.795820904212436, 40.361976264492007 ], [ -3.79604091014511, 40.362006265397788 ], [ -3.796490922280125, 40.362126269020926 ], [ -3.796720928482466, 40.362176270530568 ], [ -3.796860932257804, 40.362206271436349 ], [ -3.796960934954474, 40.362226272040211 ], [ -3.797130939538813, 40.362256272945991 ], [ -3.797310944392819, 40.362286273851772 ], [ -3.797510949786159, 40.362326275059488 ], [ -3.79784095868517, 40.36237627656913 ], [ -3.798180967853848, 40.362436278380699 ], [ -3.798510976752859, 40.362486279890334 ], [ -3.798750983224867, 40.362516280796122 ], [ -3.799000989966542, 40.362536281399976 ], [ -3.799260996977884, 40.362576282607691 ], [ -3.799611006416229, 40.362636284419253 ], [ -3.799881013697238, 40.362686285928895 ], [ -3.800201022326582, 40.362756288042391 ], [ -3.800481029877258, 40.362826290155887 ], [ -3.800821039045936, 40.36290629257131 ], [ -3.801121047135946, 40.362966294382879 ], [ -3.801361053607954, 40.363016295892521 ], [ -3.80154105846196, 40.363056297100229 ], [ -3.80184106655197, 40.363116298911798 ], [ -3.802051072214977, 40.36316630042144 ], [ -3.802531085158993, 40.363266303440717 ], [ -3.802671088934331, 40.363296304346505 ], [ -3.802851093788337, 40.36334630585614 ], [ -3.802891094867005, 40.363366306460001 ], [ -3.803001097833342, 40.363446308875425 ], [ -3.803081099990678, 40.363506310686994 ], [ -3.803151101878347, 40.363566312498563 ], [ -3.80324110430535, 40.363636314612059 ], [ -3.803321106462686, 40.363696316423621 ], [ -3.803391108350355, 40.36375631823519 ], [ -3.803461110238024, 40.363816320046759 ], [ -3.803551112665027, 40.363896322462182 ], [ -3.803631114822363, 40.363966324575678 ], [ -3.8037411177887, 40.364056327293035 ], [ -3.803851120755037, 40.364146330010385 ], [ -3.80394112318204, 40.364236332727735 ], [ -3.804091127227045, 40.364376336954727 ], [ -3.804211130463049, 40.364466339672077 ], [ -3.806931203812473, 40.366466400057682 ], [ -3.80094104228194, 40.371496551927464 ], [ -3.796350918504787, 40.375006657904194 ], [ -3.792170805783981, 40.378246755728867 ], [ -3.788580708973528, 40.381046840268702 ], [ -3.787710685512499, 40.381656858686313 ], [ -3.785320621062086, 40.380486823360734 ], [ -3.785300620522752, 40.38046682275688 ], [ -3.784980611893408, 40.380126812491326 ], [ -3.784530599758393, 40.379576795885285 ], [ -3.784260592477384, 40.378876774750324 ], [ -3.783780579533368, 40.377856743953672 ], [ -3.783360568207354, 40.377296727045703 ], [ -3.782650549060997, 40.376346698362546 ], [ -3.78254054609466, 40.376236695041335 ], [ -3.782390542049655, 40.37610669111627 ], [ -3.782280539083318, 40.376006688096993 ], [ -3.782150535577647, 40.375936685983497 ], [ -3.782000531532642, 40.375846683266147 ], [ -3.781800526139302, 40.37575668054879 ], [ -3.781450516700957, 40.375656677529513 ], [ -3.780970503756941, 40.375556674510229 ], [ -3.780570492970261, 40.375496672698667 ], [ -3.780160481913914, 40.375436670887098 ], [ -3.779310458992219, 40.375306666962032 ], [ -3.778010423935509, 40.375096660621544 ], [ -3.776850392654137, 40.374916655186837 ], [ -3.776220375665116, 40.37481665216756 ], [ -3.775280350316418, 40.374666647638641 ], [ -3.773280296383018, 40.374356638278869 ], [ -3.770080210089578, 40.373856623182469 ], [ -3.769320189594886, 40.373736619559338 ], [ -3.768120157234846, 40.373546613822704 ], [ -3.76564009035743, 40.373136601443655 ], [ -3.762249998940317, 40.372626586045328 ], [ -3.762590008108995, 40.370866532906 ], [ -3.762950017817007, 40.369026477351248 ], [ -3.762920017008006, 40.368786470104979 ], [ -3.762169996782981, 40.367486430854335 ], [ -3.761819987344636, 40.366896413040585 ], [ -3.763700038042032, 40.365776379224648 ], [ -3.7667401200208, 40.364096328500743 ], [ -3.768980180426208, 40.36205626690743 ], [ -3.77054022249426, 40.360626223731728 ], [ -3.770760228426934, 40.360556221618232 ] ] ] } },
{ "type": "Feature", "properties": { "id_barrio": "11115", "nombre_barrio": "Puerta Bonita", "nombre_distrito": "Carabanchel", "area_km2": 1.609, "distancia_centro_km": 5.026, "lat_c": 40.380471172021814, "lon_c": -3.7386234232910374 }, "geometry": { "type": "Polygon", "coordinates": [ [ [ -3.73643930292979, 40.373856623182469 ], [ -3.736699309941132, 40.373856623182469 ], [ -3.736799312637802, 40.373856623182469 ], [ -3.737329326930153, 40.373836622578615 ], [ -3.737559333132494, 40.373826622276688 ], [ -3.738309353357519, 40.3737966213709 ], [ -3.738389355514855, 40.3737966213709 ], [ -3.738729364683533, 40.373786621068973 ], [ -3.739189377088215, 40.373776620767046 ], [ -3.739649389492897, 40.373736619559338 ], [ -3.740479411875258, 40.373626616238127 ], [ -3.740609415380929, 40.373596615332346 ], [ -3.740749419156267, 40.373566614426558 ], [ -3.741299433987952, 40.373436610501493 ], [ -3.741449438032957, 40.373406609595712 ], [ -3.742049454212977, 40.373286605972574 ], [ -3.742669470932331, 40.373136601443655 ], [ -3.743379490078688, 40.372966596310881 ], [ -3.743929504910373, 40.372846592687743 ], [ -3.744329515697053, 40.372866593291597 ], [ -3.744579522438728, 40.372886593895458 ], [ -3.744709525944399, 40.372896594197385 ], [ -3.744789528101735, 40.372906594499312 ], [ -3.744969532955741, 40.372916594801239 ], [ -3.745589549675095, 40.372926595103166 ], [ -3.746649578259797, 40.372876593593524 ], [ -3.746769581495801, 40.372896594197385 ], [ -3.747009587967809, 40.372936595405093 ], [ -3.747149591743147, 40.372996597216662 ], [ -3.747729607383833, 40.373246604764866 ], [ -3.74823962113685, 40.373386608991858 ], [ -3.748909639204539, 40.373566614426558 ], [ -3.748989641361875, 40.373596615332346 ], [ -3.749179646485548, 40.373686618049696 ], [ -3.74943965349689, 40.373846622880542 ], [ -3.749519655654226, 40.373896624390184 ], [ -3.74963965889023, 40.37396662650368 ], [ -3.749649659159897, 40.373976626805607 ], [ -3.749749661856567, 40.374116631032599 ], [ -3.749769662395901, 40.37414663193838 ], [ -3.750359678306254, 40.374126631334526 ], [ -3.750349678036587, 40.37414663193838 ], [ -3.750299676688252, 40.374266635561519 ], [ -3.750269675879251, 40.374346637976942 ], [ -3.750259675609584, 40.374386639184657 ], [ -3.750209674261249, 40.374546644015503 ], [ -3.750179673452248, 40.374696648544422 ], [ -3.750179673452248, 40.374716649148283 ], [ -3.750249675339917, 40.374826652469487 ], [ -3.750329677497253, 40.374926655488771 ], [ -3.750769689362601, 40.375506673000594 ], [ -3.750789689901935, 40.375796681756505 ], [ -3.750629685587263, 40.375836682964213 ], [ -3.750299676688252, 40.376186693531693 ], [ -3.749989668328575, 40.376336698060612 ], [ -3.749929666710573, 40.3763666989664 ], [ -3.749709660777899, 40.376706709231954 ], [ -3.749529655923893, 40.376886714666654 ], [ -3.749479654575558, 40.37695671678015 ], [ -3.748619631384196, 40.37774674063246 ], [ -3.748599630844862, 40.377766741236321 ], [ -3.748579630305528, 40.377796742142102 ], [ -3.748449626799857, 40.377916745765241 ], [ -3.747089590125145, 40.379166783506243 ], [ -3.746559575832794, 40.379646797998781 ], [ -3.745819555877436, 40.380316818227961 ], [ -3.745249540506417, 40.380536824870376 ], [ -3.744519520820726, 40.380876835135929 ], [ -3.744029507607043, 40.381186844495694 ], [ -3.7437394997867, 40.381456852647752 ], [ -3.743569495202361, 40.381566855968963 ], [ -3.743169484415681, 40.381806863215232 ], [ -3.742899477134672, 40.381946867442224 ], [ -3.742729472550333, 40.382026869857647 ], [ -3.742559467965994, 40.382076871367289 ], [ -3.741949451516307, 40.382216875594281 ], [ -3.741379436145288, 40.3823668801232 ], [ -3.741819448010636, 40.382966898238877 ], [ -3.740999425897942, 40.383586916958414 ], [ -3.739479384908558, 40.384646948962782 ], [ -3.736979317491808, 40.385276967984247 ], [ -3.736589306974795, 40.385386971305458 ], [ -3.735769284862101, 40.38587698609993 ], [ -3.734869260592071, 40.38646700391368 ], [ -3.734509250884059, 40.386707011159949 ], [ -3.733719229580366, 40.387227026860209 ], [ -3.733559225265694, 40.387337030181413 ], [ -3.732229189399983, 40.388217056751081 ], [ -3.729609118747229, 40.387087022633217 ], [ -3.727699067240832, 40.386266997875119 ], [ -3.72793907371284, 40.385626978551727 ], [ -3.728149079375847, 40.385296968588101 ], [ -3.728269082611851, 40.385096962549547 ], [ -3.728559090432194, 40.38467694986857 ], [ -3.728709094477199, 40.384446942924221 ], [ -3.729269109578551, 40.383606917562268 ], [ -3.729589118207895, 40.383136903371657 ], [ -3.729789123601235, 40.382836894313819 ], [ -3.730309137623919, 40.382216875594281 ], [ -3.730369139241921, 40.382146873480785 ], [ -3.731299164320952, 40.381046840268702 ], [ -3.732309191557319, 40.379746801018065 ], [ -3.732699202074332, 40.379246785921666 ], [ -3.735229270300083, 40.378436761465494 ], [ -3.737169322615481, 40.377816742745956 ], [ -3.734399247917722, 40.375886684473855 ], [ -3.735759284592434, 40.374756650355991 ], [ -3.736429302660123, 40.373866623484396 ], [ -3.73643930292979, 40.373856623182469 ] ] ] } },
{ "type": "Feature", "properties": { "id_barrio": "11117", "nombre_barrio": "Abrantes", "nombre_distrito": "Carabanchel", "area_km2": 1.564, "distancia_centro_km": 4.543, "lat_c": 40.379701806321627, "lon_c": -3.7257032904624321 }, "geometry": { "type": "Polygon", "coordinates": [ [ [ -3.717558793798494, 40.385276967984247 ], [ -3.717548793528827, 40.385286968286174 ], [ -3.718208811326849, 40.383316908806357 ], [ -3.718348815102187, 40.382896896125381 ], [ -3.718728825349533, 40.381546855365102 ], [ -3.718958831551874, 40.380396820643384 ], [ -3.71903883370921, 40.379656798300715 ], [ -3.719368842608221, 40.376396699872181 ], [ -3.719718852046566, 40.37414663193838 ], [ -3.719768853394901, 40.373806621672834 ], [ -3.722718932946666, 40.373606615634273 ], [ -3.72643903326279, 40.373346607784143 ], [ -3.72763906562283, 40.373276605670647 ], [ -3.728889099331205, 40.373196603255224 ], [ -3.729389112814555, 40.373246604764866 ], [ -3.729999129264242, 40.373306606576435 ], [ -3.731449168365957, 40.373446610803427 ], [ -3.731679174568298, 40.373466611407281 ], [ -3.731969182388641, 40.373496612313062 ], [ -3.73393923551304, 40.373686618049696 ], [ -3.734679255468398, 40.373736619559338 ], [ -3.734879260861738, 40.373746619861265 ], [ -3.735799285671102, 40.373826622276688 ], [ -3.736049292412777, 40.373846622880542 ], [ -3.736089293491445, 40.373846622880542 ], [ -3.736129294570113, 40.373846622880542 ], [ -3.736269298345451, 40.373846622880542 ], [ -3.73643930292979, 40.373856623182469 ], [ -3.736429302660123, 40.373866623484396 ], [ -3.735759284592434, 40.374756650355991 ], [ -3.734399247917722, 40.375886684473855 ], [ -3.737169322615481, 40.377816742745956 ], [ -3.735229270300083, 40.378436761465494 ], [ -3.732699202074332, 40.379246785921666 ], [ -3.732309191557319, 40.379746801018065 ], [ -3.731299164320952, 40.381046840268702 ], [ -3.730369139241921, 40.382146873480785 ], [ -3.730309137623919, 40.382216875594281 ], [ -3.729789123601235, 40.382836894313819 ], [ -3.729589118207895, 40.383136903371657 ], [ -3.729269109578551, 40.383606917562268 ], [ -3.728709094477199, 40.384446942924221 ], [ -3.728559090432194, 40.38467694986857 ], [ -3.728269082611851, 40.385096962549547 ], [ -3.728149079375847, 40.385296968588101 ], [ -3.72793907371284, 40.385626978551727 ], [ -3.727709067510499, 40.386256997573192 ], [ -3.726899045667472, 40.385956988515353 ], [ -3.726019021936776, 40.385756982476792 ], [ -3.725048995779077, 40.385626978551727 ], [ -3.723608956947029, 40.385416972211239 ], [ -3.723128944003013, 40.385346970097743 ], [ -3.722758934025334, 40.385296968588101 ], [ -3.722308921890319, 40.385256967380393 ], [ -3.721948912182307, 40.385236966776539 ], [ -3.721828908946303, 40.385236966776539 ], [ -3.72113889033928, 40.385226966474605 ], [ -3.717558793798494, 40.385276967984247 ] ] ] } },
{ "type": "Feature", "properties": { "id_barrio": "10107", "nombre_barrio": "Águilas", "nombre_distrito": "Latina", "area_km2": 3.609, "distancia_centro_km": 6.926, "lat_c": 40.383339414038318, "lon_c": -3.7722892869066103 }, "geometry": { "type": "Polygon", "coordinates": [ [ [ -3.759309919658219, 40.383626918166129 ], [ -3.759299919388552, 40.383626918166129 ], [ -3.758849907253537, 40.383226906089007 ], [ -3.758359894039854, 40.382816893709958 ], [ -3.757869880826171, 40.382206875292354 ], [ -3.757429868960823, 40.381466852949679 ], [ -3.756829852780803, 40.380456822454953 ], [ -3.756399841185122, 40.379596796489146 ], [ -3.755949829050107, 40.378556765088632 ], [ -3.756769851162801, 40.377996748180664 ], [ -3.75723986383715, 40.37747673248041 ], [ -3.757419868691156, 40.377176723422565 ], [ -3.757579873005828, 40.376906715270515 ], [ -3.757749877590167, 40.376536704099173 ], [ -3.757809879208169, 40.376306697154831 ], [ -3.757859880556504, 40.376136692022058 ], [ -3.757909881904839, 40.375916685379643 ], [ -3.757929882444173, 40.375826682662286 ], [ -3.757879881095838, 40.375536673906375 ], [ -3.758889908332205, 40.375226664546609 ], [ -3.760019938804576, 40.374876653979129 ], [ -3.761849988153637, 40.374426640392365 ], [ -3.762249998940317, 40.372626586045328 ], [ -3.76564009035743, 40.373136601443655 ], [ -3.768120157234846, 40.373546613822704 ], [ -3.769320189594886, 40.373736619559338 ], [ -3.770080210089578, 40.373856623182469 ], [ -3.773280296383018, 40.374356638278869 ], [ -3.775280350316418, 40.374666647638641 ], [ -3.776220375665116, 40.37481665216756 ], [ -3.776850392654137, 40.374916655186837 ], [ -3.778010423935509, 40.375096660621544 ], [ -3.779310458992219, 40.375306666962032 ], [ -3.780160481913914, 40.375436670887098 ], [ -3.780570492970261, 40.375496672698667 ], [ -3.780970503756941, 40.375556674510229 ], [ -3.781450516700957, 40.375656677529513 ], [ -3.781800526139302, 40.37575668054879 ], [ -3.782000531532642, 40.375846683266147 ], [ -3.782150535577647, 40.375936685983497 ], [ -3.782280539083318, 40.376006688096993 ], [ -3.782390542049655, 40.37610669111627 ], [ -3.78254054609466, 40.376236695041335 ], [ -3.782650549060997, 40.376346698362546 ], [ -3.783360568207354, 40.377296727045703 ], [ -3.783780579533368, 40.377856743953672 ], [ -3.784260592477384, 40.378876774750324 ], [ -3.784530599758393, 40.379576795885285 ], [ -3.784980611893408, 40.380126812491326 ], [ -3.785300620522752, 40.38046682275688 ], [ -3.785320621062086, 40.380486823360734 ], [ -3.787700685242832, 40.38166685898824 ], [ -3.783260565510684, 40.384866955605197 ], [ -3.780150481644247, 40.387297028973705 ], [ -3.77734040586782, 40.389437093586295 ], [ -3.773380299079688, 40.392447184466626 ], [ -3.772210267528649, 40.393337211338213 ], [ -3.771660252696964, 40.39375722401919 ], [ -3.771570250269961, 40.393837226434613 ], [ -3.770580223572928, 40.393007201374594 ], [ -3.770280215482918, 40.392757193826391 ], [ -3.770090210359245, 40.392597188995545 ], [ -3.767510140785159, 40.390387122269459 ], [ -3.767290134852485, 40.390527126496444 ], [ -3.762710011344999, 40.386417002404038 ], [ -3.761779986265968, 40.385586977344019 ], [ -3.759309919658219, 40.383626918166129 ] ] ] } },
{ "type": "Feature", "properties": { "id_barrio": "11114", "nombre_barrio": "Vista Alegre", "nombre_distrito": "Carabanchel", "area_km2": 1.591, "distancia_centro_km": 5.073, "lat_c": 40.384407304841851, "lon_c": -3.7454977695759597 }, "geometry": { "type": "Polygon", "coordinates": [ [ [ -3.750789689901935, 40.375796681756505 ], [ -3.750789689901935, 40.375826682662286 ], [ -3.752049723879977, 40.376356698664473 ], [ -3.753259756509684, 40.376876714364727 ], [ -3.753199754891682, 40.376976717384011 ], [ -3.753399760285022, 40.377016718591719 ], [ -3.753499762981692, 40.377036719195573 ], [ -3.753529763790693, 40.377046719497507 ], [ -3.753859772689704, 40.377166723120638 ], [ -3.754259783476384, 40.377366729159199 ], [ -3.754849799386737, 40.37765673791511 ], [ -3.75493980181374, 40.377706739424752 ], [ -3.75513980720708, 40.377836743349818 ], [ -3.755499816915092, 40.378096751199941 ], [ -3.755519817454426, 40.378116751803802 ], [ -3.75593982878044, 40.378546764786705 ], [ -3.755949829050107, 40.378556765088632 ], [ -3.756399841185122, 40.379596796489146 ], [ -3.756829852780803, 40.380456822454953 ], [ -3.757429868960823, 40.381466852949679 ], [ -3.757869880826171, 40.382206875292354 ], [ -3.758359894039854, 40.382816893709958 ], [ -3.758849907253537, 40.383226906089007 ], [ -3.759299919388552, 40.383636918468056 ], [ -3.75863990159053, 40.384116932960602 ], [ -3.755619820151096, 40.38365691907191 ], [ -3.754769797229401, 40.383596917260341 ], [ -3.753579765139028, 40.383536915448772 ], [ -3.753029750307343, 40.383556916052633 ], [ -3.751699714441632, 40.384116932960602 ], [ -3.751579711205628, 40.384166934470237 ], [ -3.74953965619356, 40.385336969795816 ], [ -3.749509655384559, 40.38535697039967 ], [ -3.746859583922804, 40.386957018708152 ], [ -3.746179565585448, 40.387367031087201 ], [ -3.745349543203087, 40.387867046183601 ], [ -3.745129537270413, 40.387917047693243 ], [ -3.744899531068072, 40.387977049504805 ], [ -3.7447395267534, 40.38801705071252 ], [ -3.74443951866339, 40.388657070035912 ], [ -3.743819501944036, 40.389967109588483 ], [ -3.743579495472028, 40.39041712317524 ], [ -3.743279487382018, 40.390757133440793 ], [ -3.742849475786337, 40.39135715155647 ], [ -3.742249459606317, 40.391897167860584 ], [ -3.740869422392271, 40.393007201374594 ], [ -3.740229405133583, 40.392527186882049 ], [ -3.738519359020526, 40.391687161520096 ], [ -3.737359327739154, 40.391097143706347 ], [ -3.736089293491445, 40.390477124986809 ], [ -3.734959263019074, 40.389887107173053 ], [ -3.731779177264968, 40.388527066110846 ], [ -3.73223918966965, 40.388217056751081 ], [ -3.733559225265694, 40.387337030181413 ], [ -3.733719229580366, 40.387227026860209 ], [ -3.734509250884059, 40.386707011159949 ], [ -3.734869260592071, 40.38646700391368 ], [ -3.735769284862101, 40.38587698609993 ], [ -3.736589306974795, 40.385386971305458 ], [ -3.736979317491808, 40.385276967984247 ], [ -3.739479384908558, 40.384646948962782 ], [ -3.740999425897942, 40.383586916958414 ], [ -3.741819448010636, 40.382966898238877 ], [ -3.741379436145288, 40.3823668801232 ], [ -3.741949451516307, 40.382216875594281 ], [ -3.742559467965994, 40.382076871367289 ], [ -3.742729472550333, 40.382026869857647 ], [ -3.742899477134672, 40.381946867442224 ], [ -3.743169484415681, 40.381806863215232 ], [ -3.743569495202361, 40.381566855968963 ], [ -3.7437394997867, 40.381456852647752 ], [ -3.744029507607043, 40.381186844495694 ], [ -3.744519520820726, 40.380876835135929 ], [ -3.745249540506417, 40.380536824870376 ], [ -3.745819555877436, 40.380316818227961 ], [ -3.746559575832794, 40.379646797998781 ], [ -3.747089590125145, 40.379166783506243 ], [ -3.748449626799857, 40.377916745765241 ], [ -3.748579630305528, 40.377796742142102 ], [ -3.748599630844862, 40.377766741236321 ], [ -3.748619631384196, 40.37774674063246 ], [ -3.749479654575558, 40.37695671678015 ], [ -3.749529655923893, 40.376886714666654 ], [ -3.749709660777899, 40.376706709231954 ], [ -3.749929666710573, 40.3763666989664 ], [ -3.749989668328575, 40.376336698060612 ], [ -3.750299676688252, 40.376186693531693 ], [ -3.750629685587263, 40.375836682964213 ], [ -3.750789689901935, 40.375796681756505 ] ] ] } },
{ "type": "Feature", "properties": { "id_barrio": "18182", "nombre_barrio": "Santa Eugenia", "nombre_distrito": "Villa de Vallecas", "area_km2": 2.082, "distancia_centro_km": 8.523, "lat_c": 40.383603526718041, "lon_c": -3.6130620738720114 }, "geometry": { "type": "Polygon", "coordinates": [ [ [ -3.600705642739599, 40.376716709533881 ], [ -3.601015651099276, 40.376566705004961 ], [ -3.601245657301617, 40.376466701985677 ], [ -3.601385661076955, 40.376406700174108 ], [ -3.601555665661294, 40.376356698664473 ], [ -3.601665668627631, 40.376326697758685 ], [ -3.601795672133302, 40.376306697154831 ], [ -3.601925675638973, 40.376296696852904 ], [ -3.602295685616652, 40.37627669624905 ], [ -3.602445689661657, 40.376256695645189 ], [ -3.602585693436995, 40.376236695041335 ], [ -3.602795699100002, 40.376186693531693 ], [ -3.603085706920345, 40.376096690814343 ], [ -3.603485717707025, 40.375936685983497 ], [ -3.60393572984204, 40.376116691418197 ], [ -3.605795780000102, 40.376846713458946 ], [ -3.607895836630172, 40.377676738518964 ], [ -3.609385876810555, 40.378256756030794 ], [ -3.610045894608577, 40.378516763880917 ], [ -3.610665911327931, 40.378746770825266 ], [ -3.611095922923612, 40.378876774750324 ], [ -3.61153593478896, 40.378986778071535 ], [ -3.611875943957638, 40.379046779883105 ], [ -3.612165951777981, 40.379096781392747 ], [ -3.612705966339999, 40.379156783204309 ], [ -3.613675992497698, 40.379236785619739 ], [ -3.613665992228031, 40.379246785921666 ], [ -3.614096003823712, 40.379296787431301 ], [ -3.615216034026416, 40.379396790450585 ], [ -3.615816050206436, 40.379426791356366 ], [ -3.616406066116789, 40.379456792262154 ], [ -3.616726074746133, 40.379466792564081 ], [ -3.617106084993479, 40.379476792866008 ], [ -3.617246088768817, 40.379496793469862 ], [ -3.617276089577818, 40.379496793469862 ], [ -3.617286089847485, 40.37970679981035 ], [ -3.617306090386819, 40.380156813397114 ], [ -3.617366092004821, 40.380326818529888 ], [ -3.617566097398161, 40.380866834834002 ], [ -3.618266116274851, 40.380736830908937 ], [ -3.618366118971521, 40.380786832418579 ], [ -3.618396119780522, 40.380796832720506 ], [ -3.618196114387182, 40.380916836343637 ], [ -3.617896106297172, 40.38107684117449 ], [ -3.617666100094831, 40.381206845099548 ], [ -3.617366092004821, 40.381426851741971 ], [ -3.618946134612207, 40.382726890992608 ], [ -3.61913613973588, 40.38330690850443 ], [ -3.620676181264598, 40.38295689793695 ], [ -3.621386200410955, 40.382766892200323 ], [ -3.624586286704395, 40.382086871669216 ], [ -3.625326306659753, 40.383226906089007 ], [ -3.624766291558401, 40.38415693416831 ], [ -3.624326279693053, 40.385006959832189 ], [ -3.623696262704032, 40.386427002705965 ], [ -3.621886213894305, 40.39085713646007 ], [ -3.619386146477555, 40.390307119854029 ], [ -3.618566124364861, 40.390127114419329 ], [ -3.6157360480491, 40.389507095699791 ], [ -3.612085949620645, 40.388717071847481 ], [ -3.611455932631624, 40.388577067620488 ], [ -3.610895917530272, 40.388427063091569 ], [ -3.610305901619919, 40.388247057656862 ], [ -3.609875890024238, 40.38810705342987 ], [ -3.609175871147548, 40.387817044673959 ], [ -3.608655857124864, 40.387587037729617 ], [ -3.608615856046196, 40.387537036219975 ], [ -3.60813584310218, 40.387297028973705 ], [ -3.60763582961883, 40.387017020519721 ], [ -3.607075814517478, 40.386657009650314 ], [ -3.606505799146459, 40.386246997271265 ], [ -3.606385795910455, 40.386336999988615 ], [ -3.606185790517115, 40.386437003007899 ], [ -3.606015785932776, 40.386497004819461 ], [ -3.605895782696772, 40.386517005423322 ], [ -3.605785779730435, 40.386497004819461 ], [ -3.605675776764098, 40.386437003007899 ], [ -3.605575774067428, 40.386256997573192 ], [ -3.605275765977418, 40.385986989421134 ], [ -3.604155735774714, 40.386637009046453 ], [ -3.603925729572373, 40.386677010254168 ], [ -3.603755724988034, 40.386677010254168 ], [ -3.603495717976692, 40.386667009952241 ], [ -3.603045705841677, 40.386537006027176 ], [ -3.602885701527005, 40.386457003611753 ], [ -3.602355687234654, 40.386196995761622 ], [ -3.601725670245633, 40.385576977042085 ], [ -3.601385661076955, 40.385116963153401 ], [ -3.601075652717278, 40.384646948962782 ], [ -3.600875647323938, 40.38415693416831 ], [ -3.60083564624527, 40.383926927223968 ], [ -3.60113565433528, 40.383406911523714 ], [ -3.601165655144281, 40.38312690306973 ], [ -3.601055652177944, 40.382876895521527 ], [ -3.600845646514937, 40.382666889181039 ], [ -3.600565638964261, 40.382526884954046 ], [ -3.600155627907914, 40.382396881028981 ], [ -3.599595612806562, 40.382356879821273 ], [ -3.599515610649226, 40.382326878915485 ], [ -3.597825565075503, 40.379656798300715 ], [ -3.598615586379196, 40.379166783506243 ], [ -3.598775590693868, 40.379056780185032 ], [ -3.59893559500854, 40.378936776561893 ], [ -3.599025597435543, 40.378846773844543 ], [ -3.599105599592879, 40.378756771127193 ], [ -3.599185601750215, 40.378646767805982 ], [ -3.599265603907551, 40.37850676357899 ], [ -3.59933560579522, 40.378366759351998 ], [ -3.599425608222223, 40.378176753615371 ], [ -3.599525610918893, 40.377926746067168 ], [ -3.599685615233565, 40.377616736707402 ], [ -3.599985623323575, 40.377236725234134 ], [ -3.600165628177581, 40.377056719799434 ], [ -3.600325632492253, 40.376936716176296 ], [ -3.600515637615926, 40.376816712553158 ], [ -3.600705642739599, 40.376716709533881 ] ] ] } },
{ "type": "Feature", "properties": { "id_barrio": "13133", "nombre_barrio": "Palomeras Bajas", "nombre_distrito": "Puente de Vallecas", "area_km2": 1.725, "distancia_centro_km": 5.197, "lat_c": 40.385217295460365, "lon_c": -3.6585019451985272 }, "geometry": { "type": "Polygon", "coordinates": [ [ [ -3.652887049862005, 40.381426851741971 ], [ -3.652887049862005, 40.381416851440036 ], [ -3.652867049322671, 40.379656798300715 ], [ -3.65283704851367, 40.377866744255599 ], [ -3.652997052828342, 40.377366729159199 ], [ -3.653117056064346, 40.37712672191293 ], [ -3.653307061188019, 40.376916715572442 ], [ -3.653497066311692, 40.376756710741589 ], [ -3.653727072514033, 40.376616706514596 ], [ -3.65393707817704, 40.376526703797246 ], [ -3.654117083031046, 40.376476702287604 ], [ -3.654317088424386, 40.376446701381823 ], [ -3.654387090312055, 40.376026688700847 ], [ -3.654757100289734, 40.376026688700847 ], [ -3.655707125908099, 40.37610669111627 ], [ -3.655827129144103, 40.376116691418197 ], [ -3.656387144245455, 40.376186693531693 ], [ -3.656677152065798, 40.376226694739408 ], [ -3.656887157728805, 40.376256695645189 ], [ -3.658157191976514, 40.37645670168375 ], [ -3.658697206538532, 40.376606706212669 ], [ -3.659007214898209, 40.376696708930027 ], [ -3.659327223527553, 40.376786711647377 ], [ -3.659967240786241, 40.37695671678015 ], [ -3.660377251842588, 40.377066720101361 ], [ -3.661257275573284, 40.377346728555345 ], [ -3.661547283393627, 40.377456731876549 ], [ -3.661857291753304, 40.377586735801614 ], [ -3.662167300112981, 40.377716739726679 ], [ -3.662447307663657, 40.377836743349818 ], [ -3.663067324383011, 40.378116751803802 ], [ -3.663687341102365, 40.378436761465494 ], [ -3.664317358091386, 40.378786772032974 ], [ -3.665087378855745, 40.37926678652552 ], [ -3.665267383709751, 40.379386790148658 ], [ -3.665477389372758, 40.37952679437565 ], [ -3.66563739368743, 40.379626797394927 ], [ -3.666357413103454, 40.380176814000968 ], [ -3.666397414182122, 40.380206814906749 ], [ -3.666977429822808, 40.380636827889653 ], [ -3.666617420114796, 40.380836833928214 ], [ -3.664207355125049, 40.382676889482966 ], [ -3.663957348383374, 40.38245688284055 ], [ -3.663467335169691, 40.383066901258161 ], [ -3.663727342181033, 40.384296938395302 ], [ -3.663987349192375, 40.385506974928589 ], [ -3.66413735323738, 40.386357000592469 ], [ -3.664207355125049, 40.386767012971518 ], [ -3.664327358361053, 40.387397031992982 ], [ -3.664267356743051, 40.387467034106479 ], [ -3.664267356743051, 40.387487034710333 ], [ -3.664677367799398, 40.389017080905319 ], [ -3.664757369956734, 40.389257088151595 ], [ -3.665127379934413, 40.39032712045789 ], [ -3.664557364563394, 40.391237147933339 ], [ -3.664427361057723, 40.391457154575754 ], [ -3.664167354046381, 40.392087173597218 ], [ -3.663847345417037, 40.392947199563025 ], [ -3.66383734514737, 40.393007201374594 ], [ -3.66383734514737, 40.393087203790017 ], [ -3.662387306045655, 40.394727253306208 ], [ -3.660027242404243, 40.393487215867133 ], [ -3.658867211122871, 40.392847196543741 ], [ -3.65823719413385, 40.392527186882049 ], [ -3.65723716716715, 40.392007171181788 ], [ -3.657207166358149, 40.391987170577934 ], [ -3.656997160695142, 40.391887167558657 ], [ -3.656957159616474, 40.39187716725673 ], [ -3.656927158807473, 40.391867166954796 ], [ -3.656807155571469, 40.391847166350942 ], [ -3.655257113773084, 40.391677161218169 ], [ -3.654367089772721, 40.391607159104673 ], [ -3.654077081952378, 40.391577158198885 ], [ -3.6537370727837, 40.391547157293104 ], [ -3.65293705121034, 40.389357091170872 ], [ -3.652997052828342, 40.388267058260716 ], [ -3.653077054985678, 40.38690701719851 ], [ -3.653087055255345, 40.384926957416766 ], [ -3.653087055255345, 40.384056931149033 ], [ -3.653087055255345, 40.383616917864202 ], [ -3.652967052019341, 40.382286877707777 ], [ -3.652887049862005, 40.381426851741971 ] ] ] } },
{ "type": "Feature", "properties": { "id_barrio": "10105", "nombre_barrio": "Campamento", "nombre_distrito": "Latina", "area_km2": 9.21, "distancia_centro_km": 9.484, "lat_c": 40.381910478523153, "lon_c": -3.8054586634579768 }, "geometry": { "type": "Polygon", "coordinates": [ [ [ -3.774560736316732, 40.400307286642814 ], [ -3.773860312023704, 40.400297421480104 ], [ -3.773710307978699, 40.40027742087625 ], [ -3.770660225730264, 40.399527398231648 ], [ -3.769290188785885, 40.399617400948998 ], [ -3.767020127571476, 40.399227389173809 ], [ -3.765630090087763, 40.399267390381517 ], [ -3.765510086851759, 40.399097385248744 ], [ -3.764750066357067, 40.399297391287305 ], [ -3.764360055840054, 40.399397394306582 ], [ -3.765060074716744, 40.398887378908256 ], [ -3.765110076065079, 40.398847377700541 ], [ -3.766530114357793, 40.397747344488465 ], [ -3.767810148875169, 40.396757314597593 ], [ -3.768690172605865, 40.396087294368414 ], [ -3.770380218179588, 40.39477725481585 ], [ -3.771560250000294, 40.393837226434613 ], [ -3.771660252696964, 40.39375722401919 ], [ -3.772210267528649, 40.393337211338213 ], [ -3.773380299079688, 40.392447184466626 ], [ -3.77734040586782, 40.389437093586295 ], [ -3.780150481644247, 40.387297028973705 ], [ -3.783260565510684, 40.384866955605197 ], [ -3.787700685242832, 40.381676859290167 ], [ -3.788580708973528, 40.381046840268702 ], [ -3.792170805783981, 40.378246755728867 ], [ -3.796350918504787, 40.375006657904194 ], [ -3.80094104228194, 40.371496551927464 ], [ -3.80704120677881, 40.366456399755755 ], [ -3.809911284173239, 40.364266333633516 ], [ -3.810621303319596, 40.363726317329409 ], [ -3.811001313566942, 40.364606343899069 ], [ -3.811531327859293, 40.365636374997656 ], [ -3.811931338645973, 40.366386397642259 ], [ -3.812191345657315, 40.366986415757935 ], [ -3.812311348893319, 40.367346426627343 ], [ -3.812921365343006, 40.368746468897264 ], [ -3.813321376129686, 40.369616495164998 ], [ -3.813401378287022, 40.369846502109347 ], [ -3.813571382871361, 40.370056508449835 ], [ -3.814321403096386, 40.371026537736846 ], [ -3.815061423051744, 40.371926564910368 ], [ -3.815481434377758, 40.37250658242219 ], [ -3.816761468895134, 40.374016628013322 ], [ -3.817181480221148, 40.374486642203934 ], [ -3.817321483996486, 40.374626646430926 ], [ -3.817651492895497, 40.375006657904194 ], [ -3.817811497210169, 40.37516666273504 ], [ -3.817821497479836, 40.375186663338894 ], [ -3.817851498288837, 40.375196663640821 ], [ -3.817931500446173, 40.375286666358178 ], [ -3.817981501794508, 40.37534666816974 ], [ -3.818101505030512, 40.375466671792879 ], [ -3.818171506918181, 40.37557667511409 ], [ -3.818751522558867, 40.376216694437481 ], [ -3.819251536042217, 40.376786711647377 ], [ -3.819491542514225, 40.377066720101361 ], [ -3.819601545480562, 40.377166723120638 ], [ -3.820221562199916, 40.377826743047891 ], [ -3.820861579458604, 40.378516763880917 ], [ -3.821281590784618, 40.37894677686382 ], [ -3.821461595638624, 40.379166783506243 ], [ -3.82154159779596, 40.379226785317805 ], [ -3.821701602110632, 40.379366789544797 ], [ -3.822051611548977, 40.379676798904569 ], [ -3.822231616402983, 40.379806802829634 ], [ -3.822611626650329, 40.380206814906749 ], [ -3.822851633122337, 40.380486823360734 ], [ -3.823021637706676, 40.380706830003149 ], [ -3.823291644987685, 40.381056840570629 ], [ -3.823431648763023, 40.381286847514978 ], [ -3.823481650111358, 40.38134684932654 ], [ -3.823681655504698, 40.381716860497882 ], [ -3.823751657392367, 40.381846864422947 ], [ -3.823751657392367, 40.381916866536443 ], [ -3.823811659010369, 40.382126872876924 ], [ -3.82894179734954, 40.388317059770358 ], [ -3.82904180004621, 40.388437063393496 ], [ -3.829171803551881, 40.388597068224342 ], [ -3.829281806518218, 40.388747072753262 ], [ -3.829451811102557, 40.388967079395677 ], [ -3.829461811372224, 40.388977079697611 ], [ -3.829581814608228, 40.389137084528457 ], [ -3.829581814608228, 40.389147084830384 ], [ -3.829691817574565, 40.389287089057376 ], [ -3.829701817844232, 40.389297089359303 ], [ -3.829811820810569, 40.389447093888222 ], [ -3.829931824046573, 40.389597098417141 ], [ -3.82994182431624, 40.389607098719068 ], [ -3.83004182701291, 40.389737102644133 ], [ -3.830161830248914, 40.389887107173053 ], [ -3.830171830518581, 40.389897107474987 ], [ -3.830261832945584, 40.390007110796191 ], [ -3.830271833215251, 40.390017111098118 ], [ -3.830321834563586, 40.390087113211614 ], [ -3.830331834833253, 40.390097113513541 ], [ -3.830331834833253, 40.390107113815475 ], [ -3.830331834833253, 40.390117114117402 ], [ -3.830301834024252, 40.390137114721256 ], [ -3.830281833484918, 40.39015711532511 ], [ -3.830281833484918, 40.390167115627037 ], [ -3.830281833484918, 40.390177115928971 ], [ -3.830331834833253, 40.390237117740533 ], [ -3.83034183510292, 40.390257118344394 ], [ -3.830401836720922, 40.390337120759817 ], [ -3.830421837260256, 40.390357121363671 ], [ -3.830621842653596, 40.390617129213801 ], [ -3.830711845080599, 40.390727132535005 ], [ -3.830771846698601, 40.390807134950428 ], [ -3.830861849125604, 40.390927138573566 ], [ -3.830911850473939, 40.390987140385135 ], [ -3.830931851013273, 40.391017141290916 ], [ -3.830951851552607, 40.391037141894778 ], [ -3.830991852631275, 40.391017141290916 ], [ -3.831731872586633, 40.392027171785649 ], [ -3.831761873395634, 40.39205717269143 ], [ -3.831861876092304, 40.392197176918422 ], [ -3.831921877710306, 40.392277179333846 ], [ -3.832011880137309, 40.392397182956984 ], [ -3.832091882294645, 40.392517186580122 ], [ -3.832171884451981, 40.392637190203253 ], [ -3.832201885260982, 40.392687191712895 ], [ -3.832271887148651, 40.392797195034106 ], [ -3.832371889845321, 40.392957199864952 ], [ -3.832451892002657, 40.39307720348809 ], [ -3.832481892811658, 40.393127204997725 ], [ -3.832581895508328, 40.393307210432432 ], [ -3.832721899283666, 40.393567218282563 ], [ -3.832731899553333, 40.393567218282563 ], [ -3.832781900901668, 40.393627220094125 ], [ -3.832831902250003, 40.393727223113409 ], [ -3.832891903868005, 40.393847226736547 ], [ -3.832891903868005, 40.393857227038474 ], [ -3.832981906295008, 40.394057233077035 ], [ -3.832981906295008, 40.394067233378962 ], [ -3.83304190791301, 40.394227238209808 ], [ -3.833091909261345, 40.394347241832946 ], [ -3.833151910879347, 40.394487246059938 ], [ -3.833191911958015, 40.394587249079215 ], [ -3.833231913036683, 40.394687252098493 ], [ -3.833261913845684, 40.39477725481585 ], [ -3.833291914654685, 40.394857257231273 ], [ -3.833311915194019, 40.394927259344769 ], [ -3.83334191600302, 40.395017262062119 ], [ -3.833371916812021, 40.395087264175615 ], [ -3.833421918160356, 40.39521726810068 ], [ -3.83344191869969, 40.395267269610322 ], [ -3.833471919508691, 40.395327271421884 ], [ -3.833501920317692, 40.39539727353538 ], [ -3.833521920857026, 40.395447275045022 ], [ -3.833521920857026, 40.395457275346949 ], [ -3.833821928947036, 40.395707282895152 ], [ -3.834231940003383, 40.396047293160706 ], [ -3.834021934340376, 40.396127295576129 ], [ -3.833821928947036, 40.396147296179983 ], [ -3.833671924902031, 40.396147296179983 ], [ -3.83354192139636, 40.396127295576129 ], [ -3.833411917890689, 40.396107294972275 ], [ -3.833281914385018, 40.396087294368414 ], [ -3.833151910879347, 40.39606729376456 ], [ -3.833021907373676, 40.396047293160706 ], [ -3.832991906564675, 40.396037292858779 ], [ -3.832961905755674, 40.396027292556845 ], [ -3.832921904677006, 40.396017292254918 ], [ -3.832881903598338, 40.396017292254918 ], [ -3.83284190251967, 40.396017292254918 ], [ -3.832801901441002, 40.396017292254918 ], [ -3.832761900362334, 40.396017292254918 ], [ -3.832721899283666, 40.396017292254918 ], [ -3.832681898204998, 40.396017292254918 ], [ -3.83264189712633, 40.396017292254918 ], [ -3.832601896047662, 40.396017292254918 ], [ -3.832561894968994, 40.396017292254918 ], [ -3.832521893890326, 40.396017292254918 ], [ -3.832481892811658, 40.396017292254918 ], [ -3.83244189173299, 40.396017292254918 ], [ -3.832401890654322, 40.396017292254918 ], [ -3.832361889575654, 40.396017292254918 ], [ -3.832321888496986, 40.396017292254918 ], [ -3.832281887418318, 40.396017292254918 ], [ -3.832181884721648, 40.396017292254918 ], [ -3.832081882024978, 40.396027292556845 ], [ -3.831981879328308, 40.396037292858779 ], [ -3.831881876631638, 40.396047293160706 ], [ -3.831781873934968, 40.396057293462633 ], [ -3.831731872586633, 40.39606729376456 ], [ -3.831681871238298, 40.396077294066487 ], [ -3.831631869889963, 40.396087294368414 ], [ -3.831581868541628, 40.396097294670341 ], [ -3.831531867193293, 40.396107294972275 ], [ -3.831481865844958, 40.396117295274202 ], [ -3.831431864496623, 40.396127295576129 ], [ -3.831381863148288, 40.396137295878056 ], [ -3.831331861799953, 40.396137295878056 ], [ -3.831281860451618, 40.396137295878056 ], [ -3.831231859103283, 40.396137295878056 ], [ -3.831181857754948, 40.396137295878056 ], [ -3.831131856406613, 40.396137295878056 ], [ -3.831081855058278, 40.396137295878056 ], [ -3.83104185397961, 40.396147296179983 ], [ -3.831001852900942, 40.39615729648191 ], [ -3.830961851822274, 40.396167296783837 ], [ -3.830921850743606, 40.396177297085771 ], [ -3.830881849664938, 40.396187297387698 ], [ -3.830771846698601, 40.396217298293479 ], [ -3.830661843732264, 40.396237298897333 ], [ -3.830551840765927, 40.396257299501194 ], [ -3.83044183779959, 40.396277300105048 ], [ -3.830321834563586, 40.396297300708902 ], [ -3.830201831327582, 40.396317301312763 ], [ -3.830081828091578, 40.396337301916617 ], [ -3.829961824855574, 40.396347302218544 ], [ -3.82984182161957, 40.396357302520471 ], [ -3.829781820001568, 40.396367302822398 ], [ -3.829721818383566, 40.396377303124325 ], [ -3.829661816765564, 40.396387303426259 ], [ -3.829601815147562, 40.396397303728186 ], [ -3.82954181352956, 40.396407304030113 ], [ -3.829481811911558, 40.396407304030113 ], [ -3.829421810293556, 40.396407304030113 ], [ -3.829361808675554, 40.396407304030113 ], [ -3.829301807057552, 40.396407304030113 ], [ -3.82924180543955, 40.396407304030113 ], [ -3.829181803821548, 40.396407304030113 ], [ -3.829121802203546, 40.396407304030113 ], [ -3.829061800585544, 40.396407304030113 ], [ -3.829001798967542, 40.396407304030113 ], [ -3.82894179734954, 40.396407304030113 ], [ -3.828811793843869, 40.39641730433204 ], [ -3.828681790338198, 40.39641730433204 ], [ -3.828521786023526, 40.39641730433204 ], [ -3.828361781708854, 40.39641730433204 ], [ -3.828221777933516, 40.396407304030113 ], [ -3.828101774697512, 40.396397303728186 ], [ -3.827971771191841, 40.396387303426259 ], [ -3.827831767416503, 40.396387303426259 ], [ -3.827691763641165, 40.396387303426259 ], [ -3.827561760135494, 40.396387303426259 ], [ -3.827421756360156, 40.396397303728186 ], [ -3.827281752584818, 40.396407304030113 ], [ -3.827131748539813, 40.396407304030113 ], [ -3.826981744494808, 40.396407304030113 ], [ -3.826831740449803, 40.396407304030113 ], [ -3.826681736404798, 40.39641730433204 ], [ -3.826531732359793, 40.396427304633967 ], [ -3.826381728314788, 40.396437304935894 ], [ -3.826231724269783, 40.396447305237821 ], [ -3.826081720224778, 40.396457305539755 ], [ -3.825931716179773, 40.396477306143609 ], [ -3.825781712134768, 40.396497306747463 ], [ -3.825631708089763, 40.396517307351317 ], [ -3.825481704044758, 40.396537307955178 ], [ -3.825401701887422, 40.396547308257105 ], [ -3.825321699730086, 40.396557308559032 ], [ -3.82524169757275, 40.396567308860959 ], [ -3.825161695415414, 40.396577309162886 ], [ -3.825081693258078, 40.396587309464813 ], [ -3.825001691100742, 40.396587309464813 ], [ -3.824921688943406, 40.396587309464813 ], [ -3.82484168678607, 40.396587309464813 ], [ -3.824761684628734, 40.396587309464813 ], [ -3.824681682471398, 40.396587309464813 ], [ -3.824601680314062, 40.396587309464813 ], [ -3.824521678156726, 40.396587309464813 ], [ -3.82444167599939, 40.396587309464813 ], [ -3.824361673842054, 40.396587309464813 ], [ -3.824281671684718, 40.396587309464813 ], [ -3.824201669527382, 40.396577309162886 ], [ -3.824121667370046, 40.396567308860959 ], [ -3.82404166521271, 40.396557308559032 ], [ -3.823751657392367, 40.396547308257105 ], [ -3.823461649572024, 40.396537307955178 ], [ -3.823171641751681, 40.396517307351317 ], [ -3.823161641482014, 40.396517307351317 ], [ -3.823151641212347, 40.396517307351317 ], [ -3.82314164094268, 40.396517307351317 ], [ -3.823131640673013, 40.396517307351317 ], [ -3.823121640403346, 40.396517307351317 ], [ -3.823111640133679, 40.396517307351317 ], [ -3.823101639864012, 40.396517307351317 ], [ -3.823091639594345, 40.396517307351317 ], [ -3.823081639324678, 40.396517307351317 ], [ -3.823071639055011, 40.396517307351317 ], [ -3.823061638785344, 40.396517307351317 ], [ -3.823051638515677, 40.396517307351317 ], [ -3.82304163824601, 40.396517307351317 ], [ -3.823031637976343, 40.396517307351317 ], [ -3.823021637706676, 40.396517307351317 ], [ -3.823011637437009, 40.396517307351317 ], [ -3.823001637167342, 40.396517307351317 ], [ -3.822991636897675, 40.396517307351317 ], [ -3.822981636628008, 40.396517307351317 ], [ -3.822971636358341, 40.396517307351317 ], [ -3.822961636088674, 40.396517307351317 ], [ -3.822891634201005, 40.396527307653244 ], [ -3.822811632043669, 40.396537307955178 ], [ -3.822731629886333, 40.396547308257105 ], [ -3.822651627728997, 40.396557308559032 ], [ -3.822571625571661, 40.396567308860959 ], [ -3.822491623414325, 40.396577309162886 ], [ -3.822411621256989, 40.396587309464813 ], [ -3.822331619099653, 40.39659730976674 ], [ -3.822251616942317, 40.396607310068674 ], [ -3.822201615593982, 40.396617310370601 ], [ -3.822151614245647, 40.396627310672528 ], [ -3.822101612897312, 40.396637310974455 ], [ -3.822051611548977, 40.396637310974455 ], [ -3.822001610200642, 40.396637310974455 ], [ -3.821951608852307, 40.396637310974455 ], [ -3.821861606425304, 40.396627310672528 ], [ -3.821771603998301, 40.396617310370601 ], [ -3.821681601571298, 40.396607310068674 ], [ -3.821591599144295, 40.39659730976674 ], [ -3.821571598604961, 40.39659730976674 ], [ -3.821551598065627, 40.39659730976674 ], [ -3.821531597526293, 40.39659730976674 ], [ -3.821511596986959, 40.39659730976674 ], [ -3.821491596447625, 40.39659730976674 ], [ -3.821471595908291, 40.39659730976674 ], [ -3.821451595368957, 40.39659730976674 ], [ -3.821431594829623, 40.39659730976674 ], [ -3.821411594290289, 40.39659730976674 ], [ -3.821391593750955, 40.39659730976674 ], [ -3.821371593211621, 40.39659730976674 ], [ -3.821351592672287, 40.39659730976674 ], [ -3.821331592132953, 40.39659730976674 ], [ -3.821311591593619, 40.39659730976674 ], [ -3.821261590245284, 40.39659730976674 ], [ -3.821211588896949, 40.39659730976674 ], [ -3.821161587548614, 40.39659730976674 ], [ -3.821111586200279, 40.39659730976674 ], [ -3.821061584851944, 40.39659730976674 ], [ -3.821011583503609, 40.39659730976674 ], [ -3.820961582155274, 40.39659730976674 ], [ -3.820911580806939, 40.39659730976674 ], [ -3.820881579997938, 40.39659730976674 ], [ -3.820851579188937, 40.39659730976674 ], [ -3.820821578379936, 40.39659730976674 ], [ -3.820791577570935, 40.39659730976674 ], [ -3.820761576761934, 40.39659730976674 ], [ -3.820731575952933, 40.39659730976674 ], [ -3.820701575143932, 40.39659730976674 ], [ -3.820671574334931, 40.39659730976674 ], [ -3.82064157352593, 40.39659730976674 ], [ -3.820611572716929, 40.39659730976674 ], [ -3.820581571907928, 40.39659730976674 ], [ -3.82024156273925, 40.396517307351317 ], [ -3.819901553570572, 40.396437304935894 ], [ -3.819851552222237, 40.396427304633967 ], [ -3.819801550873902, 40.39641730433204 ], [ -3.819751549525567, 40.396407304030113 ], [ -3.819701548177232, 40.396397303728186 ], [ -3.819651546828897, 40.396387303426259 ], [ -3.819601545480562, 40.396377303124325 ], [ -3.819551544132227, 40.396367302822398 ], [ -3.819501542783892, 40.396357302520471 ], [ -3.819451541435557, 40.396347302218544 ], [ -3.819401540087222, 40.396347302218544 ], [ -3.819351538738887, 40.396347302218544 ], [ -3.819301537390552, 40.396347302218544 ], [ -3.818251509075517, 40.395937289839495 ], [ -3.81484141711907, 40.39401723186932 ], [ -3.810851309521937, 40.392787194732179 ], [ -3.808401243453522, 40.392397182956984 ], [ -3.80424113127205, 40.392037172087576 ], [ -3.801031044708943, 40.392127174804926 ], [ -3.796450921201457, 40.392247178428065 ], [ -3.793770848930701, 40.393617219792198 ], [ -3.788570708703861, 40.393957230057751 ], [ -3.789380730546888, 40.392407183258911 ], [ -3.7867406593548, 40.39281719563796 ], [ -3.78194052991464, 40.394047232775101 ], [ -3.781470517240291, 40.394167236398239 ], [ -3.780700496475932, 40.395317271119957 ], [ -3.780650495127597, 40.395367272629599 ], [ -3.780100480295912, 40.395827286518291 ], [ -3.779670468700231, 40.396837317013016 ], [ -3.778110426632179, 40.397647341469181 ], [ -3.778110426632179, 40.398037353244376 ], [ -3.777650414227497, 40.399127386154525 ], [ -3.777620413418496, 40.399147386758386 ], [ -3.775850365687437, 40.400087415139616 ], [ -3.774600331979062, 40.400297421480104 ], [ -3.774590331709395, 40.400297421480104 ], [ -3.774560736316732, 40.400307286642814 ] ] ] } },
{ "type": "Feature", "properties": { "id_barrio": "12126", "nombre_barrio": "Zofío", "nombre_distrito": "Usera", "area_km2": 0.775, "distancia_centro_km": 4.279, "lat_c": 40.379466948843117, "lon_c": -3.7153180708764704 }, "geometry": { "type": "Polygon", "coordinates": [ [ [ -3.712318652492986, 40.373346607784143 ], [ -3.712628660852663, 40.373406609595712 ], [ -3.713288678650685, 40.373546613822704 ], [ -3.714488711010725, 40.3737966213709 ], [ -3.716688770337465, 40.373826622276688 ], [ -3.716888775730805, 40.373826622276688 ], [ -3.718498819147192, 40.373836622578615 ], [ -3.719768853394901, 40.373806621672834 ], [ -3.719718852046566, 40.37414663193838 ], [ -3.719368842608221, 40.376396699872181 ], [ -3.71903883370921, 40.379656798300715 ], [ -3.718958831551874, 40.380396820643384 ], [ -3.718728825349533, 40.381546855365102 ], [ -3.718348815102187, 40.382896896125381 ], [ -3.718208811326849, 40.383316908806357 ], [ -3.717548793528827, 40.385286968286174 ], [ -3.716958777618474, 40.385206965870751 ], [ -3.716288759550785, 40.385196965568824 ], [ -3.716018752269776, 40.385196965568824 ], [ -3.714718717213066, 40.38517696496497 ], [ -3.711828639279303, 40.385156964361109 ], [ -3.711668634964631, 40.385006959832189 ], [ -3.71163863415563, 40.384976958926408 ], [ -3.711418628222956, 40.384496944433863 ], [ -3.711328625795953, 40.38415693416831 ], [ -3.711318625526286, 40.384006929639391 ], [ -3.711288624717285, 40.383716920883479 ], [ -3.711288624717285, 40.383706920581552 ], [ -3.711258623908284, 40.383296908202503 ], [ -3.711248623638617, 40.383186904881299 ], [ -3.711248623638617, 40.382836894313819 ], [ -3.711248623638617, 40.382826894011885 ], [ -3.71123862336895, 40.382696890086827 ], [ -3.71123862336895, 40.381916866536443 ], [ -3.71123862336895, 40.381816863517159 ], [ -3.71123862336895, 40.38099683875906 ], [ -3.711308625256619, 40.380566825776157 ], [ -3.711628633885963, 40.379276786827447 ], [ -3.71183863954897, 40.378706769617551 ], [ -3.712108646829979, 40.377966747274883 ], [ -3.712108646829979, 40.377806742444029 ], [ -3.712318652492986, 40.373346607784143 ] ] ] } },
{ "type": "Feature", "properties": { "id_barrio": "12127", "nombre_barrio": "Pradolongo", "nombre_distrito": "Usera", "area_km2": 1.095, "distancia_centro_km": 4.265, "lat_c": 40.378576073814727, "lon_c": -3.7060288965278558 }, "geometry": { "type": "Polygon", "coordinates": [ [ [ -3.700088322690245, 40.378536764484778 ], [ -3.700958346151274, 40.377846743651745 ], [ -3.701678365567298, 40.376876714364727 ], [ -3.70253838875866, 40.375046659111902 ], [ -3.70263839145533, 40.374096630428745 ], [ -3.702738394152, 40.373136601443655 ], [ -3.702858397388004, 40.372686587856897 ], [ -3.703208406826349, 40.371736559173733 ], [ -3.703448413298357, 40.371156541661911 ], [ -3.704158432444714, 40.371196542869626 ], [ -3.704908452669739, 40.371356547700472 ], [ -3.706808503906469, 40.371866563098799 ], [ -3.708788557300535, 40.372396579100986 ], [ -3.710778610964268, 40.372926595103166 ], [ -3.712318652492986, 40.373346607784143 ], [ -3.712108646829979, 40.377806742444029 ], [ -3.712108646829979, 40.377966747274883 ], [ -3.71183863954897, 40.378706769617551 ], [ -3.711628633885963, 40.379276786827447 ], [ -3.711308625256619, 40.380566825776157 ], [ -3.71123862336895, 40.38099683875906 ], [ -3.71123862336895, 40.381816863517159 ], [ -3.71123862336895, 40.381916866536443 ], [ -3.71123862336895, 40.382696890086827 ], [ -3.711248623638617, 40.382826894011885 ], [ -3.711248623638617, 40.382836894313819 ], [ -3.711248623638617, 40.383186904881299 ], [ -3.711258623908284, 40.383296908202503 ], [ -3.711288624717285, 40.383706920581552 ], [ -3.711288624717285, 40.383716920883479 ], [ -3.711318625526286, 40.384006929639391 ], [ -3.711328625795953, 40.38415693416831 ], [ -3.711418628222956, 40.384496944433863 ], [ -3.71163863415563, 40.384976958926408 ], [ -3.711668634964631, 40.385006959832189 ], [ -3.71183863954897, 40.385126963455328 ], [ -3.710768610694601, 40.385276967984247 ], [ -3.708798557570202, 40.385496974626662 ], [ -3.708218541929516, 40.385566976740158 ], [ -3.705768475861101, 40.38587698609993 ], [ -3.705578470737428, 40.384826954397489 ], [ -3.705308463456419, 40.383356910014072 ], [ -3.705078457254078, 40.382076871367289 ], [ -3.704968454287741, 40.381486853553533 ], [ -3.704898452400072, 40.381116842382198 ], [ -3.704758448624734, 40.380226815510611 ], [ -3.703088403590345, 40.381186844495694 ], [ -3.702768394961001, 40.380836833928214 ], [ -3.702228380398983, 40.380276817020246 ], [ -3.701608363679629, 40.379456792262154 ], [ -3.700278327813918, 40.379446791960227 ], [ -3.700228326465583, 40.378686769013697 ], [ -3.700088322690245, 40.378536764484778 ] ] ] } },
{ "type": "Feature", "properties": { "id_barrio": "13134", "nombre_barrio": "Palomeras Sureste", "nombre_distrito": "Puente de Vallecas", "area_km2": 3.111, "distancia_centro_km": 6.754, "lat_c": 40.385439785538651, "lon_c": -3.6354369004135036 }, "geometry": { "type": "Polygon", "coordinates": [ [ [ -3.652367035839321, 40.376046689304701 ], [ -3.652357035569654, 40.376046689304701 ], [ -3.652807047704669, 40.37601668839892 ], [ -3.654387090312055, 40.376026688700847 ], [ -3.654317088424386, 40.376446701381823 ], [ -3.654117083031046, 40.376476702287604 ], [ -3.65393707817704, 40.376526703797246 ], [ -3.653727072514033, 40.376616706514596 ], [ -3.653497066311692, 40.376756710741589 ], [ -3.653307061188019, 40.376916715572442 ], [ -3.653117056064346, 40.37712672191293 ], [ -3.652997052828342, 40.377366729159199 ], [ -3.65283704851367, 40.377866744255599 ], [ -3.652867049322671, 40.379656798300715 ], [ -3.652877049592338, 40.381436852043898 ], [ -3.65243703772699, 40.381486853553533 ], [ -3.651697017771632, 40.381656858686313 ], [ -3.650816994040936, 40.381936867140297 ], [ -3.650566987299261, 40.382036870159574 ], [ -3.650186977051915, 40.382206875292354 ], [ -3.649676963298898, 40.382466883142477 ], [ -3.649216950894216, 40.382756891898389 ], [ -3.648596934174862, 40.383226906089007 ], [ -3.648146922039847, 40.383636918468056 ], [ -3.647876914758838, 40.38397692873361 ], [ -3.647026891837143, 40.385046961039905 ], [ -3.646506877814459, 40.38570698096715 ], [ -3.645906861634439, 40.386477004215607 ], [ -3.644986836825075, 40.38766704014504 ], [ -3.643926808240373, 40.389057082113034 ], [ -3.643306791521019, 40.389887107173053 ], [ -3.642746776419667, 40.390577128006086 ], [ -3.641946754846307, 40.391717162425877 ], [ -3.641006729497609, 40.392927198959164 ], [ -3.640426713856923, 40.393727223113409 ], [ -3.639976701721908, 40.394797255419704 ], [ -3.639466687968891, 40.394697252400427 ], [ -3.639016675833876, 40.394607249683069 ], [ -3.632616503246996, 40.39325720892279 ], [ -3.629796427200902, 40.392567188089757 ], [ -3.627466364368491, 40.39205717269143 ], [ -3.625116300996746, 40.391547157293104 ], [ -3.623016244366676, 40.391087143404413 ], [ -3.621886213894305, 40.390837135856216 ], [ -3.623696262704032, 40.386427002705965 ], [ -3.624326279693053, 40.385006959832189 ], [ -3.624766291558401, 40.38415693416831 ], [ -3.625326306659753, 40.383226906089007 ], [ -3.624586286704395, 40.382096871971143 ], [ -3.625906322300439, 40.381796862913305 ], [ -3.627166356278481, 40.381506854157394 ], [ -3.630196437987582, 40.380776832116645 ], [ -3.632586502437995, 40.380206814906749 ], [ -3.633026514303343, 40.380096811585545 ], [ -3.634376550708388, 40.379766801621919 ], [ -3.641506742980959, 40.377946746671022 ], [ -3.645066838982411, 40.377226724932207 ], [ -3.648576933635528, 40.376516703495319 ], [ -3.649906969501239, 40.376306697154831 ], [ -3.651507012647959, 40.376096690814343 ], [ -3.652367035839321, 40.376046689304701 ] ] ] } },
{ "type": "Feature", "properties": { "id_barrio": "12124", "nombre_barrio": "Almendrales", "nombre_distrito": "Usera", "area_km2": 0.779, "distancia_centro_km": 3.708, "lat_c": 40.38373090349576, "lon_c": -3.6989276829597868 }, "geometry": { "type": "Polygon", "coordinates": [ [ [ -3.700088322690245, 40.378526764182851 ], [ -3.700088322690245, 40.378536764484778 ], [ -3.700228326465583, 40.378686769013697 ], [ -3.700278327813918, 40.379446791960227 ], [ -3.701608363679629, 40.379456792262154 ], [ -3.702228380398983, 40.380276817020246 ], [ -3.702768394961001, 40.380836833928214 ], [ -3.703088403590345, 40.381186844495694 ], [ -3.704758448624734, 40.380226815510611 ], [ -3.704898452400072, 40.381116842382198 ], [ -3.704968454287741, 40.381486853553533 ], [ -3.705078457254078, 40.382076871367289 ], [ -3.705308463456419, 40.383356910014072 ], [ -3.705578470737428, 40.384826954397489 ], [ -3.705748475321767, 40.385846985194142 ], [ -3.703358410871354, 40.386096992742345 ], [ -3.702498387679992, 40.386206996063549 ], [ -3.702328383095653, 40.386266997875119 ], [ -3.700518334285926, 40.387467034106479 ], [ -3.699398304083222, 40.388177055543366 ], [ -3.698088268756845, 40.389087083018815 ], [ -3.695618202149096, 40.386977019312006 ], [ -3.69463817572173, 40.386166994855841 ], [ -3.692148108574647, 40.384106932658675 ], [ -3.693308139856019, 40.382946897635023 ], [ -3.694018159002376, 40.382226875896208 ], [ -3.69513818920508, 40.381096841778344 ], [ -3.695568200800761, 40.380706830003149 ], [ -3.69553819999176, 40.380366819737603 ], [ -3.696798233969802, 40.379886805245057 ], [ -3.700088322690245, 40.378526764182851 ] ] ] } },
{ "type": "Feature", "properties": { "id_barrio": "13132", "nombre_barrio": "San Diego", "nombre_distrito": "Puente de Vallecas", "area_km2": 1.069, "distancia_centro_km": 4.269, "lat_c": 40.389437113747604, "lon_c": -3.6683737341999674 }, "geometry": { "type": "Polygon", "coordinates": [ [ [ -3.666958143588447, 40.380647542498863 ], [ -3.667247437103817, 40.380936836947498 ], [ -3.667717449778166, 40.381406851138109 ], [ -3.667997457328842, 40.381686859592094 ], [ -3.668227463531183, 40.381956867744151 ], [ -3.668307465688519, 40.382046870461501 ], [ -3.668647474857197, 40.382436882236696 ], [ -3.668707476475199, 40.382506884350192 ], [ -3.668777478362868, 40.382586886765615 ], [ -3.668897481598872, 40.382736891294535 ], [ -3.669077486452878, 40.382986898842738 ], [ -3.669377494542888, 40.38339691122178 ], [ -3.669707503441899, 40.383896926318187 ], [ -3.670077513419578, 40.384456943226155 ], [ -3.670287519082585, 40.384846955001343 ], [ -3.670407522318589, 40.385076961945686 ], [ -3.670787532565935, 40.385826984590288 ], [ -3.671097540925612, 40.386717011461883 ], [ -3.67123754470095, 40.387117023538998 ], [ -3.671417549554956, 40.387707041352755 ], [ -3.671657556026964, 40.388487064903138 ], [ -3.671977564656308, 40.389617099021002 ], [ -3.672027566004643, 40.389777103851848 ], [ -3.672077567352978, 40.389947108984622 ], [ -3.67213756897098, 40.39015711532511 ], [ -3.672157569510314, 40.390247118042467 ], [ -3.672217571128316, 40.390447124081021 ], [ -3.672447577330657, 40.391457154575754 ], [ -3.672507578948659, 40.391767163935519 ], [ -3.673157596477014, 40.39357721858449 ], [ -3.673527606454693, 40.394307240625231 ], [ -3.672927590274673, 40.394667251494639 ], [ -3.672047566543977, 40.39530727081803 ], [ -3.671087540655945, 40.396437304935894 ], [ -3.670967537419941, 40.396577309162886 ], [ -3.670397522048922, 40.397077324259286 ], [ -3.670057512880244, 40.397397333920985 ], [ -3.669627501284563, 40.397837347205815 ], [ -3.669257491306884, 40.398327362000288 ], [ -3.667487443575825, 40.397417334524839 ], [ -3.665347385867087, 40.396287300406975 ], [ -3.665277383979418, 40.396247299199267 ], [ -3.664097352158712, 40.395617280177802 ], [ -3.663587338405695, 40.395347272025745 ], [ -3.662917320338006, 40.394997261458265 ], [ -3.662387306045655, 40.394717253004281 ], [ -3.66383734514737, 40.393087203790017 ], [ -3.66383734514737, 40.393007201374594 ], [ -3.663847345417037, 40.392947199563025 ], [ -3.664167354046381, 40.392087173597218 ], [ -3.664427361057723, 40.391457154575754 ], [ -3.664557364563394, 40.391237147933339 ], [ -3.665127379934413, 40.39032712045789 ], [ -3.664757369956734, 40.389257088151595 ], [ -3.664677367799398, 40.389017080905319 ], [ -3.664267356743051, 40.387487034710333 ], [ -3.664267356743051, 40.387467034106479 ], [ -3.664327358361053, 40.387397031992982 ], [ -3.664207355125049, 40.386767012971518 ], [ -3.66413735323738, 40.386357000592469 ], [ -3.663987349192375, 40.385506974928589 ], [ -3.663727342181033, 40.384296938395302 ], [ -3.663467335169691, 40.383066901258161 ], [ -3.663957348383374, 40.38245688284055 ], [ -3.664207355125049, 40.382676889482966 ], [ -3.666617420114796, 40.380836833928214 ], [ -3.666958143588447, 40.380647542498863 ] ] ] } },
{ "type": "Feature", "properties": { "id_barrio": "13135", "nombre_barrio": "Portazgo", "nombre_distrito": "Puente de Vallecas", "area_km2": 1.245, "distancia_centro_km": 5.56, "lat_c": 40.390203619788494, "lon_c": -3.6481312890576607 }, "geometry": { "type": "Polygon", "coordinates": [ [ [ -3.652877049592338, 40.381436852043898 ], [ -3.652887049862005, 40.381426851741971 ], [ -3.652967052019341, 40.382286877707777 ], [ -3.653087055255345, 40.383616917864202 ], [ -3.653087055255345, 40.384056931149033 ], [ -3.653087055255345, 40.384926957416766 ], [ -3.653077054985678, 40.38690701719851 ], [ -3.652997052828342, 40.388267058260716 ], [ -3.65293705121034, 40.389357091170872 ], [ -3.6537370727837, 40.391547157293104 ], [ -3.654047081143377, 40.391587158500819 ], [ -3.653827075210703, 40.393137205299652 ], [ -3.653797074401702, 40.393247208620863 ], [ -3.653757073323034, 40.393377212545929 ], [ -3.653677071165698, 40.393507216470994 ], [ -3.653467065502691, 40.393847226736547 ], [ -3.653457065233024, 40.393857227038474 ], [ -3.653447064963357, 40.393867227340401 ], [ -3.65333706199702, 40.393997231265466 ], [ -3.653067054716011, 40.394297240323304 ], [ -3.652607042311329, 40.394707252702354 ], [ -3.652257032872984, 40.395047262967907 ], [ -3.651697017771632, 40.39547727595081 ], [ -3.649176949815548, 40.397137326070855 ], [ -3.648706937141199, 40.397447335430627 ], [ -3.648326926893853, 40.397697342978823 ], [ -3.647056892646144, 40.398537368340776 ], [ -3.64543684896009, 40.397077324259286 ], [ -3.644906834667739, 40.396627310672528 ], [ -3.644286817948385, 40.396207297991552 ], [ -3.643756803656034, 40.395937289839495 ], [ -3.643406794217689, 40.395767284706722 ], [ -3.643096785858012, 40.395627280479729 ], [ -3.642626773183663, 40.395447275045022 ], [ -3.642276763745318, 40.395347272025745 ], [ -3.639976701721908, 40.394797255419704 ], [ -3.640426713856923, 40.393727223113409 ], [ -3.641006729497609, 40.392927198959164 ], [ -3.641946754846307, 40.391717162425877 ], [ -3.642746776419667, 40.390577128006086 ], [ -3.643306791521019, 40.389887107173053 ], [ -3.643926808240373, 40.389057082113034 ], [ -3.644986836825075, 40.38766704014504 ], [ -3.645906861634439, 40.386477004215607 ], [ -3.646506877814459, 40.38570698096715 ], [ -3.647026891837143, 40.385046961039905 ], [ -3.647876914758838, 40.38397692873361 ], [ -3.648146922039847, 40.383636918468056 ], [ -3.648596934174862, 40.383226906089007 ], [ -3.649216950894216, 40.382756891898389 ], [ -3.649676963298898, 40.382466883142477 ], [ -3.650186977051915, 40.382206875292354 ], [ -3.650566987299261, 40.382036870159574 ], [ -3.650816994040936, 40.381936867140297 ], [ -3.651697017771632, 40.381656858686313 ], [ -3.65243703772699, 40.381486853553533 ], [ -3.652877049592338, 40.381436852043898 ] ] ] } },
{ "type": "Feature", "properties": { "id_barrio": "10104", "nombre_barrio": "Aluche", "nombre_distrito": "Latina", "area_km2": 2.85, "distancia_centro_km": 5.184, "lat_c": 40.393519261536674, "lon_c": -3.7563770786340323 }, "geometry": { "type": "Polygon", "coordinates": [ [ [ -3.743599496011362, 40.395517277158518 ], [ -3.743609496281029, 40.395507276856591 ], [ -3.743579495472028, 40.39530727081803 ], [ -3.743519493854026, 40.395077263873688 ], [ -3.74343949169669, 40.394997261458265 ], [ -3.743279487382018, 40.394837256627419 ], [ -3.74113942967328, 40.393197207111221 ], [ -3.740879422661938, 40.39299720107266 ], [ -3.742249459606317, 40.391897167860584 ], [ -3.742849475786337, 40.39135715155647 ], [ -3.743279487382018, 40.390757133440793 ], [ -3.743579495472028, 40.39041712317524 ], [ -3.743819501944036, 40.389967109588483 ], [ -3.74443951866339, 40.388657070035912 ], [ -3.7447395267534, 40.38801705071252 ], [ -3.744899531068072, 40.387977049504805 ], [ -3.745129537270413, 40.387917047693243 ], [ -3.745349543203087, 40.387867046183601 ], [ -3.746179565585448, 40.387367031087201 ], [ -3.746859583922804, 40.386957018708152 ], [ -3.749509655384559, 40.38535697039967 ], [ -3.74953965619356, 40.385336969795816 ], [ -3.751579711205628, 40.384166934470237 ], [ -3.751699714441632, 40.384116932960602 ], [ -3.753029750307343, 40.383556916052633 ], [ -3.753579765139028, 40.383536915448772 ], [ -3.754769797229401, 40.383596917260341 ], [ -3.755619820151096, 40.38365691907191 ], [ -3.75863990159053, 40.384116932960602 ], [ -3.759309919658219, 40.383626918166129 ], [ -3.761779986265968, 40.385586977344019 ], [ -3.762710011344999, 40.386417002404038 ], [ -3.767290134852485, 40.390527126496444 ], [ -3.767510140785159, 40.390387122269459 ], [ -3.770090210359245, 40.392597188995545 ], [ -3.770280215482918, 40.392757193826391 ], [ -3.770580223572928, 40.393007201374594 ], [ -3.771560250000294, 40.393837226434613 ], [ -3.770380218179588, 40.39477725481585 ], [ -3.768690172605865, 40.396087294368414 ], [ -3.767810148875169, 40.396757314597593 ], [ -3.766530114357793, 40.397747344488465 ], [ -3.765110076065079, 40.398847377700541 ], [ -3.765060074716744, 40.398887378908256 ], [ -3.764360055840054, 40.399397394306582 ], [ -3.762740012154, 40.400687433255293 ], [ -3.762400002985322, 40.400927440501569 ], [ -3.762279999749318, 40.400987442313138 ], [ -3.760799959838602, 40.402897499981385 ], [ -3.760209943928249, 40.401957471600149 ], [ -3.758979910759208, 40.400027413328047 ], [ -3.758449896466857, 40.399297391287305 ], [ -3.758189889455515, 40.399047383739102 ], [ -3.757729877050833, 40.39872737407741 ], [ -3.757009857634809, 40.39837736350993 ], [ -3.756409841454789, 40.398097355055945 ], [ -3.755949829050107, 40.397887348715457 ], [ -3.75553981799376, 40.397637341167254 ], [ -3.755149807476747, 40.397417334524839 ], [ -3.754789797768735, 40.39717732727857 ], [ -3.754499789948392, 40.396937320032293 ], [ -3.754179781319048, 40.396477306143609 ], [ -3.753769770262701, 40.395867287725999 ], [ -3.753649767026697, 40.395907288933714 ], [ -3.753489762712025, 40.395957290443349 ], [ -3.753219755431016, 40.396017292254918 ], [ -3.752569737902661, 40.395987291349137 ], [ -3.752489735745325, 40.39597729104721 ], [ -3.751829717947303, 40.395897288631787 ], [ -3.747399598484822, 40.395367272629599 ], [ -3.747189592821815, 40.395337271723818 ], [ -3.746649578259797, 40.395277269912249 ], [ -3.746069562619111, 40.39521726810068 ], [ -3.744759527292734, 40.395087264175615 ], [ -3.744609523247729, 40.395107264779469 ], [ -3.744569522169061, 40.395117265081403 ], [ -3.743599496011362, 40.395517277158518 ] ] ] } },
{ "type": "Feature", "properties": { "id_barrio": "12125", "nombre_barrio": "Moscardó", "nombre_distrito": "Usera", "area_km2": 0.91, "distancia_centro_km": 2.958, "lat_c": 40.39033029100257, "lon_c": -3.7052307298606393 }, "geometry": { "type": "Polygon", "coordinates": [ [ [ -3.71183863954897, 40.385126963455328 ], [ -3.71183863954897, 40.385136963757255 ], [ -3.714718717213066, 40.38517696496497 ], [ -3.716018752269776, 40.385196965568824 ], [ -3.716288759550785, 40.385196965568824 ], [ -3.716958777618474, 40.385206965870751 ], [ -3.717548793528827, 40.385276967984247 ], [ -3.716868775191471, 40.385916987307638 ], [ -3.716388762247455, 40.386367000894403 ], [ -3.715428736359423, 40.387267028067917 ], [ -3.715018725303076, 40.387647039541186 ], [ -3.714588713707395, 40.388047051618301 ], [ -3.714228703999383, 40.388407062487708 ], [ -3.713898695100372, 40.388717071847481 ], [ -3.713688689437365, 40.388917077886042 ], [ -3.713358680538354, 40.389187086038099 ], [ -3.713018671369676, 40.389437093586295 ], [ -3.712888667864005, 40.389537096605572 ], [ -3.712018644402976, 40.389957109286549 ], [ -3.711888640897305, 40.390007110796191 ], [ -3.710258596941584, 40.390657130421509 ], [ -3.709498576446892, 40.390957139479355 ], [ -3.709118566199546, 40.391107144008274 ], [ -3.709018563502876, 40.391147145215982 ], [ -3.708808557839869, 40.391237147933339 ], [ -3.708788557300535, 40.391247148235266 ], [ -3.708698554873532, 40.391287149442974 ], [ -3.708458548401524, 40.391407153066112 ], [ -3.708288543817185, 40.391497155783462 ], [ -3.70813853977218, 40.391587158500819 ], [ -3.70793853437884, 40.391717162425877 ], [ -3.70753852359216, 40.392027171785649 ], [ -3.707228515232483, 40.392297179937707 ], [ -3.706778503097468, 40.392757193826391 ], [ -3.706298490153452, 40.393267209224717 ], [ -3.70463844538873, 40.395237268704534 ], [ -3.704398438916722, 40.395087264175615 ], [ -3.703378411410688, 40.39445724515415 ], [ -3.702398384983322, 40.393647220697986 ], [ -3.699558308397894, 40.390647130119582 ], [ -3.698088268756845, 40.389097083320742 ], [ -3.699398304083222, 40.388177055543366 ], [ -3.700518334285926, 40.387467034106479 ], [ -3.702328383095653, 40.386266997875119 ], [ -3.702498387679992, 40.386206996063549 ], [ -3.703358410871354, 40.386096992742345 ], [ -3.705758475591434, 40.385846985194142 ], [ -3.708218541929516, 40.385566976740158 ], [ -3.708798557570202, 40.385496974626662 ], [ -3.710768610694601, 40.385276967984247 ], [ -3.71183863954897, 40.385126963455328 ] ] ] } },
{ "type": "Feature", "properties": { "id_barrio": "02024", "nombre_barrio": "Legazpi", "nombre_distrito": "Arganzuela", "area_km2": 1.415, "distancia_centro_km": 3.445, "lat_c": 40.388086446956848, "lon_c": -3.6886089402693143 }, "geometry": { "type": "Polygon", "coordinates": [ [ [ -3.679657771760564, 40.395147265987184 ], [ -3.679657771760564, 40.395137265685257 ], [ -3.676447685197457, 40.392327180843488 ], [ -3.677567715400161, 40.391477155179608 ], [ -3.678287734816185, 40.390907137969712 ], [ -3.678717746411866, 40.390497125590663 ], [ -3.679147758007547, 40.389987110192337 ], [ -3.682347844300987, 40.385116963153401 ], [ -3.682727854548333, 40.384646948962782 ], [ -3.682947860481007, 40.384436942622294 ], [ -3.683157866144014, 40.384276937791448 ], [ -3.683357871537354, 40.384136933564456 ], [ -3.683607878279029, 40.383996929337464 ], [ -3.683977888256708, 40.383876925714326 ], [ -3.684317897425386, 40.383786922996975 ], [ -3.684867912257071, 40.383676919675764 ], [ -3.686977969156808, 40.383276907598649 ], [ -3.687457982100824, 40.383166904277438 ], [ -3.688228002865183, 40.382976898540811 ], [ -3.688758017157534, 40.382796893106104 ], [ -3.689118026865546, 40.382656888879112 ], [ -3.689488036843225, 40.382486883746338 ], [ -3.689748043854567, 40.382326878915485 ], [ -3.692148108574647, 40.384106932658675 ], [ -3.69463817572173, 40.386166994855841 ], [ -3.695618202149096, 40.386977019312006 ], [ -3.698088268756845, 40.389097083320742 ], [ -3.695128188935413, 40.391147145215982 ], [ -3.694808180306069, 40.391237147933339 ], [ -3.693248138238017, 40.391747163331665 ], [ -3.693068133384011, 40.391807165143234 ], [ -3.690828072978603, 40.392547187485903 ], [ -3.690818072708936, 40.392547187485903 ], [ -3.688898020932872, 40.393187206809294 ], [ -3.688978023090208, 40.39334721164014 ], [ -3.688077998820178, 40.393657220999913 ], [ -3.687977996123508, 40.393707222509555 ], [ -3.687877993426838, 40.393777224623051 ], [ -3.687787990999835, 40.393867227340401 ], [ -3.687147973741147, 40.392767194128318 ], [ -3.686367952707121, 40.393197207111221 ], [ -3.686047944077777, 40.393367212244002 ], [ -3.684697907672732, 40.394147235794385 ], [ -3.684497902279392, 40.393837226434613 ], [ -3.683967887987041, 40.393027201978448 ], [ -3.683517875852026, 40.393277209526644 ], [ -3.682407845918989, 40.393897228246182 ], [ -3.681847830817637, 40.39419723730402 ], [ -3.681287815716285, 40.394497246361865 ], [ -3.681217813828616, 40.394537247569573 ], [ -3.681157812210614, 40.394567248475362 ], [ -3.680647798457597, 40.39477725481585 ], [ -3.680157785243914, 40.39495726025055 ], [ -3.679977780389908, 40.395027262364046 ], [ -3.679927779041573, 40.395047262967907 ], [ -3.679657771760564, 40.395147265987184 ] ] ] } },
{ "type": "Feature", "properties": { "id_barrio": "11112", "nombre_barrio": "Opañel", "nombre_distrito": "Carabanchel", "area_km2": 1.109, "distancia_centro_km": 3.198, "lat_c": 40.391538228737325, "lon_c": -3.7212878459761449 }, "geometry": { "type": "Polygon", "coordinates": [ [ [ -3.717558793798494, 40.385276967984247 ], [ -3.72113889033928, 40.385226966474605 ], [ -3.721828908946303, 40.385236966776539 ], [ -3.721948912182307, 40.385236966776539 ], [ -3.722308921890319, 40.385256967380393 ], [ -3.722758934025334, 40.385296968588101 ], [ -3.723128944003013, 40.385346970097743 ], [ -3.723608956947029, 40.385416972211239 ], [ -3.725048995779077, 40.385626978551727 ], [ -3.726019021936776, 40.385756982476792 ], [ -3.726899045667472, 40.385956988515353 ], [ -3.727699067240832, 40.386266997875119 ], [ -3.729609118747229, 40.387087022633217 ], [ -3.73223918966965, 40.388217056751081 ], [ -3.731779177264968, 40.388507065506992 ], [ -3.730099131960912, 40.389607098719068 ], [ -3.728689093937865, 40.390527126496444 ], [ -3.727529062656493, 40.39126714883912 ], [ -3.726719040813466, 40.391787164539373 ], [ -3.724708986610399, 40.392877197449529 ], [ -3.724028968273043, 40.393247208620863 ], [ -3.722708932676999, 40.393977230661605 ], [ -3.72143889842929, 40.394697252400427 ], [ -3.720948885215607, 40.394977260854411 ], [ -3.720428871192923, 40.395257269308395 ], [ -3.71833881483252, 40.396377303124325 ], [ -3.717928803776173, 40.396607310068674 ], [ -3.717218784629816, 40.396997321843862 ], [ -3.716788773034135, 40.397217328486278 ], [ -3.715768745528101, 40.397717343582677 ], [ -3.715068726651411, 40.395997291651064 ], [ -3.715268732044751, 40.395267269610322 ], [ -3.715588740674095, 40.394447244852223 ], [ -3.715598740943762, 40.394337241531012 ], [ -3.715548739595427, 40.394157236096312 ], [ -3.715208730426749, 40.392957199864952 ], [ -3.715198730157082, 40.392647190505187 ], [ -3.715258731775084, 40.392017171483722 ], [ -3.71533873393242, 40.391807165143234 ], [ -3.715598740943762, 40.390977140083208 ], [ -3.715798746337102, 40.39032712045789 ], [ -3.715908749303439, 40.389967109588483 ], [ -3.716168756314781, 40.389167085434238 ], [ -3.716178756584448, 40.389147084830384 ], [ -3.716198757123782, 40.389087083018815 ], [ -3.716198757123782, 40.389077082716888 ], [ -3.716428763326123, 40.388327060072285 ], [ -3.716518765753126, 40.388157054939512 ], [ -3.716668769798131, 40.387747042560463 ], [ -3.717058780315144, 40.386657009650314 ], [ -3.717408789753489, 40.385686980363296 ], [ -3.717558793798494, 40.385276967984247 ] ] ] } },
{ "type": "Feature", "properties": { "id_barrio": "11111", "nombre_barrio": "Comillas", "nombre_distrito": "Carabanchel", "area_km2": 0.664, "distancia_centro_km": 2.792, "lat_c": 40.39247279925722, "lon_c": -3.7111249555886174 }, "geometry": { "type": "Polygon", "coordinates": [ [ [ -3.717548793528827, 40.385276967984247 ], [ -3.717558793798494, 40.385276967984247 ], [ -3.717408789753489, 40.385686980363296 ], [ -3.717058780315144, 40.386657009650314 ], [ -3.716668769798131, 40.387747042560463 ], [ -3.716518765753126, 40.388157054939512 ], [ -3.716428763326123, 40.388327060072285 ], [ -3.716198757123782, 40.389077082716888 ], [ -3.716198757123782, 40.389087083018815 ], [ -3.716178756584448, 40.389147084830384 ], [ -3.716168756314781, 40.389167085434238 ], [ -3.715908749303439, 40.389967109588483 ], [ -3.715798746337102, 40.39032712045789 ], [ -3.715598740943762, 40.390977140083208 ], [ -3.71533873393242, 40.391807165143234 ], [ -3.715258731775084, 40.392017171483722 ], [ -3.715198730157082, 40.392647190505187 ], [ -3.715208730426749, 40.392957199864952 ], [ -3.715548739595427, 40.394157236096312 ], [ -3.715598740943762, 40.394337241531012 ], [ -3.715588740674095, 40.394447244852223 ], [ -3.715268732044751, 40.395267269610322 ], [ -3.715068726651411, 40.395997291651064 ], [ -3.715798746337102, 40.397717343582677 ], [ -3.714898722067072, 40.399677402760567 ], [ -3.714048699145377, 40.399357393098875 ], [ -3.71343868269569, 40.398967381323679 ], [ -3.713178675684348, 40.398747374681264 ], [ -3.712728663549333, 40.398357362906069 ], [ -3.712158648178314, 40.397887348715457 ], [ -3.711378627144288, 40.397327331807489 ], [ -3.710798611503602, 40.397007322145789 ], [ -3.710288597750585, 40.396797315805301 ], [ -3.709688581570565, 40.396547308257105 ], [ -3.708778557030868, 40.396277300105048 ], [ -3.708218541929516, 40.396107294972275 ], [ -3.70733851819882, 40.395897288631787 ], [ -3.70463844538873, 40.395237268704534 ], [ -3.706298490153452, 40.393267209224717 ], [ -3.706778503097468, 40.392757193826391 ], [ -3.707228515232483, 40.392297179937707 ], [ -3.70753852359216, 40.392027171785649 ], [ -3.70793853437884, 40.391717162425877 ], [ -3.70813853977218, 40.391587158500819 ], [ -3.708288543817185, 40.391497155783462 ], [ -3.708458548401524, 40.391407153066112 ], [ -3.708698554873532, 40.391287149442974 ], [ -3.708788557300535, 40.391247148235266 ], [ -3.708808557839869, 40.391237147933339 ], [ -3.709018563502876, 40.391147145215982 ], [ -3.709118566199546, 40.391107144008274 ], [ -3.709498576446892, 40.390957139479355 ], [ -3.710258596941584, 40.390657130421509 ], [ -3.711888640897305, 40.390007110796191 ], [ -3.712018644402976, 40.389957109286549 ], [ -3.712888667864005, 40.389537096605572 ], [ -3.713018671369676, 40.389437093586295 ], [ -3.713358680538354, 40.389187086038099 ], [ -3.713688689437365, 40.388917077886042 ], [ -3.713898695100372, 40.388717071847481 ], [ -3.714228703999383, 40.388407062487708 ], [ -3.714588713707395, 40.388047051618301 ], [ -3.715018725303076, 40.387647039541186 ], [ -3.715428736359423, 40.387267028067917 ], [ -3.716388762247455, 40.386367000894403 ], [ -3.716868775191471, 40.385916987307638 ], [ -3.717548793528827, 40.385276967984247 ] ] ] } },
{ "type": "Feature", "properties": { "id_barrio": "11113", "nombre_barrio": "San Isidro", "nombre_distrito": "Carabanchel", "area_km2": 1.901, "distancia_centro_km": 2.968, "lat_c": 40.397045563752386, "lon_c": -3.7268956161781679 }, "geometry": { "type": "Polygon", "coordinates": [ [ [ -3.714898722067072, 40.39966740245864 ], [ -3.715798746337102, 40.397717343582677 ], [ -3.716788773034135, 40.397217328486278 ], [ -3.717218784629816, 40.396997321843862 ], [ -3.717928803776173, 40.396607310068674 ], [ -3.71833881483252, 40.396377303124325 ], [ -3.720428871192923, 40.395257269308395 ], [ -3.720948885215607, 40.394977260854411 ], [ -3.72143889842929, 40.394697252400427 ], [ -3.722708932676999, 40.393977230661605 ], [ -3.724028968273043, 40.393247208620863 ], [ -3.724708986610399, 40.392877197449529 ], [ -3.726719040813466, 40.391787164539373 ], [ -3.727529062656493, 40.39126714883912 ], [ -3.728689093937865, 40.390527126496444 ], [ -3.730099131960912, 40.389607098719068 ], [ -3.731769176995301, 40.388527066110846 ], [ -3.734959263019074, 40.389887107173053 ], [ -3.736089293491445, 40.390477124986809 ], [ -3.737359327739154, 40.391097143706347 ], [ -3.738519359020526, 40.391687161520096 ], [ -3.740229405133583, 40.392527186882049 ], [ -3.740899423201272, 40.392977200468806 ], [ -3.740859422122604, 40.393007201374594 ], [ -3.739779392998568, 40.393837226434613 ], [ -3.739179376818548, 40.39427723971945 ], [ -3.739169376548881, 40.394287240021377 ], [ -3.738999371964542, 40.394417243946442 ], [ -3.738729364683533, 40.394707252702354 ], [ -3.738649362526197, 40.394787255117777 ], [ -3.738579360638528, 40.394887258137054 ], [ -3.738449357132857, 40.395087264175615 ], [ -3.73833935416652, 40.395257269308395 ], [ -3.737879341761838, 40.395947290141422 ], [ -3.737609334480829, 40.396227298595406 ], [ -3.737519332053826, 40.396317301312763 ], [ -3.737119321267146, 40.396727313691805 ], [ -3.734769257895401, 40.398537368340776 ], [ -3.734119240367046, 40.399027383135248 ], [ -3.733509223917359, 40.399487397023933 ], [ -3.732129186703313, 40.400527428424446 ], [ -3.730909153803939, 40.401447456201822 ], [ -3.730319137893586, 40.401897469788587 ], [ -3.730309137623919, 40.401897469788587 ], [ -3.729589118207895, 40.402437486092694 ], [ -3.728619092050196, 40.402897499981385 ], [ -3.728329084229853, 40.403197509039224 ], [ -3.728159079645514, 40.403377514473931 ], [ -3.727789069667835, 40.403697524135623 ], [ -3.727589064274495, 40.40387752957033 ], [ -3.727079050521478, 40.404137537420453 ], [ -3.726819043510136, 40.404347543760942 ], [ -3.726629038386463, 40.404497548289861 ], [ -3.72633903056612, 40.404827558253487 ], [ -3.726189026521115, 40.404947561876625 ], [ -3.725999021397442, 40.405097566405544 ], [ -3.725659012228764, 40.405307572746032 ], [ -3.725519008453426, 40.405397575463383 ], [ -3.725178999284748, 40.405487578180733 ], [ -3.725068996318411, 40.405517579086521 ], [ -3.724648984992397, 40.405487578180733 ], [ -3.724768988228401, 40.405037564593975 ], [ -3.724758987958734, 40.404547549799503 ], [ -3.723598956677362, 40.40455755010143 ], [ -3.722708932676999, 40.404537549497576 ], [ -3.722648931058997, 40.404177538628169 ], [ -3.722568928901661, 40.403777526551046 ], [ -3.722388924047655, 40.402557489715832 ], [ -3.72223892000265, 40.40206747492136 ], [ -3.722208919193649, 40.401957471600149 ], [ -3.72193891191264, 40.401327452578684 ], [ -3.721828908946303, 40.401147447143984 ], [ -3.721698905440632, 40.400947441105423 ], [ -3.721118889799946, 40.400517428122519 ], [ -3.72033886876592, 40.400087415139616 ], [ -3.719978859057908, 40.399947410912624 ], [ -3.719728852316233, 40.399897409402982 ], [ -3.719308840990219, 40.399837407591413 ], [ -3.718998832630542, 40.399827407289486 ], [ -3.718958831551874, 40.399827407289486 ], [ -3.717308787056819, 40.399957411214551 ], [ -3.717068780584811, 40.399977411818405 ], [ -3.716768772494801, 40.399997412422266 ], [ -3.716418763056456, 40.399987412120339 ], [ -3.715898749033772, 40.399917410006843 ], [ -3.714898722067072, 40.39966740245864 ] ] ] } },
{ "type": "Feature", "properties": { "id_barrio": "02025", "nombre_barrio": "Delicias", "nombre_distrito": "Arganzuela", "area_km2": 1.054, "distancia_centro_km": 2.64, "lat_c": 40.396152902394611, "lon_c": -3.6884250394987848 }, "geometry": { "type": "Polygon", "coordinates": [ [ [ -3.685487928976425, 40.400397424499381 ], [ -3.685477928706758, 40.400397424499381 ], [ -3.682497848345992, 40.397727343884604 ], [ -3.679777774996568, 40.395267269610322 ], [ -3.679657771760564, 40.395147265987184 ], [ -3.679927779041573, 40.395047262967907 ], [ -3.679977780389908, 40.395027262364046 ], [ -3.680157785243914, 40.39495726025055 ], [ -3.680647798457597, 40.39477725481585 ], [ -3.681157812210614, 40.394567248475362 ], [ -3.681217813828616, 40.394537247569573 ], [ -3.681287815716285, 40.394497246361865 ], [ -3.681847830817637, 40.39419723730402 ], [ -3.682407845918989, 40.393897228246182 ], [ -3.683517875852026, 40.393277209526644 ], [ -3.683967887987041, 40.393027201978448 ], [ -3.684497902279392, 40.393837226434613 ], [ -3.684697907672732, 40.394147235794385 ], [ -3.686047944077777, 40.393367212244002 ], [ -3.686367952707121, 40.393197207111221 ], [ -3.687147973741147, 40.392767194128318 ], [ -3.687787990999835, 40.393867227340401 ], [ -3.687877993426838, 40.393777224623051 ], [ -3.687977996123508, 40.393707222509555 ], [ -3.688077998820178, 40.393657220999913 ], [ -3.688978023090208, 40.39334721164014 ], [ -3.688898020932872, 40.393187206809294 ], [ -3.690818072708936, 40.392547187485903 ], [ -3.690828072978603, 40.392547187485903 ], [ -3.693068133384011, 40.391807165143234 ], [ -3.693248138238017, 40.391747163331665 ], [ -3.694808180306069, 40.391237147933339 ], [ -3.695108188396079, 40.391147145215982 ], [ -3.69483818111507, 40.393107204393871 ], [ -3.694748178688067, 40.394217237907881 ], [ -3.695888209430105, 40.395867287725999 ], [ -3.696198217789782, 40.396347302218544 ], [ -3.696688231003465, 40.397027322749651 ], [ -3.697898263633172, 40.398777375587045 ], [ -3.698348275768187, 40.399467396420079 ], [ -3.699008293566209, 40.400417425103242 ], [ -3.699348302734887, 40.401027443520846 ], [ -3.696178217250448, 40.400917440199642 ], [ -3.693988158193375, 40.400767435670723 ], [ -3.69383815414837, 40.400847438086146 ], [ -3.692688123136665, 40.400797436576504 ], [ -3.692458116934324, 40.400787436274577 ], [ -3.692348113967987, 40.40077743597265 ], [ -3.690978077023608, 40.400697433557227 ], [ -3.685487928976425, 40.400397424499381 ] ] ] } },
{ "type": "Feature", "properties": { "id_barrio": "02023", "nombre_barrio": "Chopera", "nombre_distrito": "Arganzuela", "area_km2": 0.569, "distancia_centro_km": 2.482, "lat_c": 40.394798715678604, "lon_c": -3.6995282572216803 }, "geometry": { "type": "Polygon", "coordinates": [ [ [ -3.695108188396079, 40.391147145215982 ], [ -3.698088268756845, 40.389097083320742 ], [ -3.699558308397894, 40.390647130119582 ], [ -3.702398384983322, 40.393647220697986 ], [ -3.703378411410688, 40.39445724515415 ], [ -3.704398438916722, 40.395087264175615 ], [ -3.70463844538873, 40.395247269006461 ], [ -3.703248407905017, 40.396797315805301 ], [ -3.702288382016985, 40.397787345696173 ], [ -3.702188379320315, 40.397867348111596 ], [ -3.702088376623645, 40.397947350527026 ], [ -3.701588363140295, 40.398477366529207 ], [ -3.701048348578277, 40.399067384342956 ], [ -3.70043833212859, 40.399737404572136 ], [ -3.699698312173232, 40.4005474290283 ], [ -3.69933830246522, 40.401037443822773 ], [ -3.699008293566209, 40.400417425103242 ], [ -3.698348275768187, 40.399467396420079 ], [ -3.697898263633172, 40.398777375587045 ], [ -3.696688231003465, 40.397027322749651 ], [ -3.696198217789782, 40.396347302218544 ], [ -3.695888209430105, 40.395867287725999 ], [ -3.694748178688067, 40.394217237907881 ], [ -3.69483818111507, 40.393107204393871 ], [ -3.695108188396079, 40.391147145215982 ] ] ] } },
{ "type": "Feature", "properties": { "id_barrio": "13136", "nombre_barrio": "Numancia", "nombre_distrito": "Puente de Vallecas", "area_km2": 1.847, "distancia_centro_km": 4.326, "lat_c": 40.399084742549945, "lon_c": -3.6582120839550978 }, "geometry": { "type": "Polygon", "coordinates": [ [ [ -3.654047081143377, 40.391587158500819 ], [ -3.654067081682711, 40.391587158500819 ], [ -3.654367089772721, 40.391607159104673 ], [ -3.655257113773084, 40.391677161218169 ], [ -3.656807155571469, 40.391847166350942 ], [ -3.656927158807473, 40.391867166954796 ], [ -3.656957159616474, 40.39187716725673 ], [ -3.656997160695142, 40.391887167558657 ], [ -3.657207166358149, 40.391987170577934 ], [ -3.65723716716715, 40.392007171181788 ], [ -3.65823719413385, 40.392527186882049 ], [ -3.658867211122871, 40.392847196543741 ], [ -3.660027242404243, 40.393487215867133 ], [ -3.662387306045655, 40.394717253004281 ], [ -3.662917320338006, 40.394997261458265 ], [ -3.663587338405695, 40.395347272025745 ], [ -3.664097352158712, 40.395617280177802 ], [ -3.665277383979418, 40.396247299199267 ], [ -3.665347385867087, 40.396287300406975 ], [ -3.667487443575825, 40.397417334524839 ], [ -3.669247491037217, 40.398327362000288 ], [ -3.668267464609851, 40.399637401552859 ], [ -3.666777424429468, 40.402627491829328 ], [ -3.666687422002465, 40.402897499981385 ], [ -3.666327412294453, 40.403867529268396 ], [ -3.665557391530094, 40.405557580294229 ], [ -3.665217382361416, 40.406317603240758 ], [ -3.658887211662205, 40.405877589955928 ], [ -3.658677205999198, 40.405867589654001 ], [ -3.658557202763194, 40.405857589352074 ], [ -3.657777181729168, 40.405787587238578 ], [ -3.657377170942488, 40.40575758633279 ], [ -3.656717153144466, 40.405677583917367 ], [ -3.656427145324123, 40.405617582105798 ], [ -3.656117136964446, 40.405527579388448 ], [ -3.655967132919441, 40.405467577576879 ], [ -3.655817128874436, 40.40540757576531 ], [ -3.655327115660753, 40.405207569726748 ], [ -3.654857102986404, 40.405017563990121 ], [ -3.654427091390723, 40.404777556743845 ], [ -3.654017080334376, 40.404537549497576 ], [ -3.652967052019341, 40.403697524135623 ], [ -3.651327007793953, 40.402377484281125 ], [ -3.648916942804206, 40.400297421480104 ], [ -3.647056892646144, 40.398537368340776 ], [ -3.648326926893853, 40.397697342978823 ], [ -3.648706937141199, 40.397447335430627 ], [ -3.649176949815548, 40.397137326070855 ], [ -3.651697017771632, 40.39547727595081 ], [ -3.652257032872984, 40.395047262967907 ], [ -3.652607042311329, 40.394707252702354 ], [ -3.653067054716011, 40.394297240323304 ], [ -3.65333706199702, 40.393997231265466 ], [ -3.653447064963357, 40.393867227340401 ], [ -3.653457065233024, 40.393857227038474 ], [ -3.653467065502691, 40.393847226736547 ], [ -3.653677071165698, 40.393507216470994 ], [ -3.653757073323034, 40.393377212545929 ], [ -3.653797074401702, 40.393247208620863 ], [ -3.653827075210703, 40.393137205299652 ], [ -3.654047081143377, 40.391587158500819 ] ] ] } },
{ "type": "Feature", "properties": { "id_barrio": "10101", "nombre_barrio": "Los Cármenes", "nombre_distrito": "Latina", "area_km2": 1.291, "distancia_centro_km": 3.428, "lat_c": 40.400959740993038, "lon_c": -3.7380974274262933 }, "geometry": { "type": "Polygon", "coordinates": [ [ [ -3.722718932946666, 40.404547549799503 ], [ -3.723598956677362, 40.40455755010143 ], [ -3.724758987958734, 40.404547549799503 ], [ -3.724768988228401, 40.405037564593975 ], [ -3.724648984992397, 40.405487578180733 ], [ -3.725068996318411, 40.405517579086521 ], [ -3.725178999284748, 40.405487578180733 ], [ -3.725519008453426, 40.405397575463383 ], [ -3.725659012228764, 40.405307572746032 ], [ -3.725999021397442, 40.405097566405544 ], [ -3.726189026521115, 40.404947561876625 ], [ -3.72633903056612, 40.404827558253487 ], [ -3.726629038386463, 40.404497548289861 ], [ -3.726819043510136, 40.404347543760942 ], [ -3.727079050521478, 40.404137537420453 ], [ -3.727589064274495, 40.40387752957033 ], [ -3.727789069667835, 40.403697524135623 ], [ -3.728159079645514, 40.403377514473931 ], [ -3.728329084229853, 40.403197509039224 ], [ -3.728619092050196, 40.402897499981385 ], [ -3.729589118207895, 40.402437486092694 ], [ -3.730309137623919, 40.401897469788587 ], [ -3.730319137893586, 40.401897469788587 ], [ -3.730909153803939, 40.401447456201822 ], [ -3.732129186703313, 40.400527428424446 ], [ -3.733509223917359, 40.399487397023933 ], [ -3.734119240367046, 40.399027383135248 ], [ -3.734769257895401, 40.398537368340776 ], [ -3.737119321267146, 40.396727313691805 ], [ -3.737519332053826, 40.396317301312763 ], [ -3.737609334480829, 40.396227298595406 ], [ -3.737879341761838, 40.395947290141422 ], [ -3.73833935416652, 40.395257269308395 ], [ -3.738449357132857, 40.395087264175615 ], [ -3.738579360638528, 40.394887258137054 ], [ -3.738649362526197, 40.394787255117777 ], [ -3.738729364683533, 40.394707252702354 ], [ -3.738999371964542, 40.394417243946442 ], [ -3.739169376548881, 40.394287240021377 ], [ -3.739179376818548, 40.39427723971945 ], [ -3.739779392998568, 40.393837226434613 ], [ -3.740859422122604, 40.393007201374594 ], [ -3.740879422661938, 40.39299720107266 ], [ -3.74113942967328, 40.393197207111221 ], [ -3.743279487382018, 40.394837256627419 ], [ -3.74343949169669, 40.394997261458265 ], [ -3.743519493854026, 40.395077263873688 ], [ -3.743579495472028, 40.39530727081803 ], [ -3.743609496281029, 40.395527277460445 ], [ -3.743729499517033, 40.396097294670341 ], [ -3.743759500326034, 40.396247299199267 ], [ -3.743809501674369, 40.396477306143609 ], [ -3.743979506258708, 40.397297330901701 ], [ -3.74423951327005, 40.39855736894463 ], [ -3.744359516506054, 40.399137386456452 ], [ -3.744459519202724, 40.399597400345144 ], [ -3.744659524596064, 40.400587430236016 ], [ -3.744669524865731, 40.400707433859154 ], [ -3.744719526214066, 40.40112744654013 ], [ -3.744849529719737, 40.402277481261848 ], [ -3.744859529989404, 40.402897499981385 ], [ -3.744849529719737, 40.403037504208378 ], [ -3.744829529180403, 40.403097506019947 ], [ -3.74443951866339, 40.403767526249119 ], [ -3.744179511652048, 40.404167538326242 ], [ -3.744089509225045, 40.404527549195649 ], [ -3.74303948091001, 40.404527549195649 ], [ -3.742859476056004, 40.404527549195649 ], [ -3.742319461493986, 40.404497548289861 ], [ -3.741049427246277, 40.404457547082153 ], [ -3.74033940809992, 40.404407545572511 ], [ -3.739729391650233, 40.404347543760942 ], [ -3.739099374661212, 40.404247540741665 ], [ -3.737959343919174, 40.404027534099249 ], [ -3.737149322076147, 40.40387752957033 ], [ -3.73683931371647, 40.403847528664542 ], [ -3.736449303199457, 40.403827528060688 ], [ -3.736199296457782, 40.403837528362615 ], [ -3.735869287558771, 40.403867529268396 ], [ -3.735419275423756, 40.403947531683826 ], [ -3.734959263019074, 40.404067535306957 ], [ -3.734649254659397, 40.404177538628169 ], [ -3.734359246839054, 40.404307542553234 ], [ -3.733129213670013, 40.404927561272764 ], [ -3.732909207737339, 40.405047564895902 ], [ -3.732829205580003, 40.405087566103617 ], [ -3.731969182388641, 40.405587581200017 ], [ -3.730599145444262, 40.4063676047504 ], [ -3.730489142477925, 40.406407605958108 ], [ -3.730189134387915, 40.406477608071604 ], [ -3.728669093398531, 40.406787617431377 ], [ -3.72713905213948, 40.407087626489215 ], [ -3.726749041622467, 40.407207630112353 ], [ -3.726459033802124, 40.407337634037418 ], [ -3.726129024903113, 40.407537640075972 ], [ -3.725899018700772, 40.40774764641646 ], [ -3.725219000363416, 40.408657673891909 ], [ -3.724988994161075, 40.408687674797697 ], [ -3.724678985801398, 40.408737676307332 ], [ -3.724498980947392, 40.408747676609266 ], [ -3.724168972048381, 40.408747676609266 ], [ -3.723868963958371, 40.408747676609266 ], [ -3.723748960722367, 40.408737676307332 ], [ -3.723478953441358, 40.408717675703478 ], [ -3.72253892809266, 40.408557670872632 ], [ -3.722218919463316, 40.408537670268778 ], [ -3.721818908676636, 40.40850766936299 ], [ -3.722218919463316, 40.407177629206565 ], [ -3.722258920541984, 40.407057625583434 ], [ -3.722368923508321, 40.406747616223662 ], [ -3.722648931058997, 40.405827588446286 ], [ -3.722738933486, 40.405217570028682 ], [ -3.722718932946666, 40.404547549799503 ] ] ] } },
{ "type": "Feature", "properties": { "id_barrio": "19192", "nombre_barrio": "Valdebernardo", "nombre_distrito": "Vicálvaro", "area_km2": 2.553, "distancia_centro_km": 7.539, "lat_c": 40.396822744381488, "lon_c": -3.6186689052442391 }, "geometry": { "type": "Polygon", "coordinates": [ [ [ -3.608585855237195, 40.387547036521902 ], [ -3.608655857124864, 40.387587037729617 ], [ -3.609175871147548, 40.387817044673959 ], [ -3.609875890024238, 40.38810705342987 ], [ -3.610305901619919, 40.388247057656862 ], [ -3.610895917530272, 40.388427063091569 ], [ -3.611455932631624, 40.388577067620488 ], [ -3.612085949620645, 40.388717071847481 ], [ -3.6157360480491, 40.389507095699791 ], [ -3.618566124364861, 40.390127114419329 ], [ -3.619386146477555, 40.390307119854029 ], [ -3.621886213894305, 40.390837135856216 ], [ -3.623016244366676, 40.391087143404413 ], [ -3.625116300996746, 40.391547157293104 ], [ -3.627466364368491, 40.39205717269143 ], [ -3.629786426931235, 40.392567188089757 ], [ -3.627976378121508, 40.395807285914429 ], [ -3.627716371110166, 40.396337301916617 ], [ -3.627496365177492, 40.396827316711089 ], [ -3.627296359784152, 40.397307331203635 ], [ -3.627076353851478, 40.397947350527026 ], [ -3.626886348727805, 40.398597370152345 ], [ -3.626796346300802, 40.399027383135248 ], [ -3.626606341177129, 40.399877408799128 ], [ -3.626406335783789, 40.400747435066862 ], [ -3.626246331469117, 40.401317452276757 ], [ -3.626106327693779, 40.401767465863522 ], [ -3.625916322570106, 40.402277481261848 ], [ -3.625666315828431, 40.402867499075597 ], [ -3.625446309895757, 40.403317512662362 ], [ -3.625266305041751, 40.403657522927915 ], [ -3.623956269715374, 40.406177599013766 ], [ -3.623946269445707, 40.406177599013766 ], [ -3.620586178837595, 40.405877589955928 ], [ -3.619586151870895, 40.405777586936651 ], [ -3.618676127331198, 40.405677583917367 ], [ -3.617926107106173, 40.405647583011586 ], [ -3.617056083645144, 40.405607581803871 ], [ -3.617156086341814, 40.405277571840244 ], [ -3.617186087150815, 40.404967562480479 ], [ -3.617156086341814, 40.404537549497576 ], [ -3.617076084184478, 40.404187538930096 ], [ -3.616996082027142, 40.403947531683826 ], [ -3.616876078791138, 40.403657522927915 ], [ -3.616826077442803, 40.40352751900285 ], [ -3.616766075824801, 40.403407515379712 ], [ -3.616546069892127, 40.402977502396809 ], [ -3.615886052094105, 40.402957501792955 ], [ -3.615376038341088, 40.402917500585239 ], [ -3.61493602647574, 40.402827497867889 ], [ -3.614496014610392, 40.40267749333897 ], [ -3.613665992228031, 40.402407485186913 ], [ -3.612305955553319, 40.402027473713645 ], [ -3.611865943687971, 40.401867468882799 ], [ -3.61183594287897, 40.401857468580872 ], [ -3.611755940721634, 40.401827467675091 ], [ -3.608865862787871, 40.400637431745658 ], [ -3.607875836090838, 40.400217419064681 ], [ -3.607195817753482, 40.399947410912624 ], [ -3.606665803461131, 40.399777405779851 ], [ -3.606805807236469, 40.39957739974129 ], [ -3.607905836899839, 40.398597370152345 ], [ -3.608815861439536, 40.397777345394246 ], [ -3.608925864405873, 40.397677342374969 ], [ -3.609875890024238, 40.396817316409162 ], [ -3.608785860630535, 40.396087294368414 ], [ -3.609655884091564, 40.395247269006461 ], [ -3.608375849574188, 40.394407243644508 ], [ -3.608625856315863, 40.394187237002093 ], [ -3.608715858742866, 40.394077233680889 ], [ -3.6087358592822, 40.394037232473174 ], [ -3.608485852540525, 40.39392722915197 ], [ -3.607365822337821, 40.393337211338213 ], [ -3.606785806697135, 40.393007201374594 ], [ -3.606315794022786, 40.392767194128318 ], [ -3.605555773528094, 40.392507186278195 ], [ -3.6057357783821, 40.392077173295284 ], [ -3.606465798067791, 40.390657130421509 ], [ -3.60693581074214, 40.389757103247995 ], [ -3.60733582152882, 40.389137084528457 ], [ -3.607765833124501, 40.388537066412773 ], [ -3.608395850113522, 40.387787043768178 ], [ -3.608585855237195, 40.387547036521902 ] ] ] } },
{ "type": "Feature", "properties": { "id_barrio": "19193", "nombre_barrio": "Valderrivas", "nombre_distrito": "Vicálvaro", "area_km2": 0.643, "distancia_centro_km": 8.699, "lat_c": 40.398542561659298, "lon_c": -3.6038720588967368 }, "geometry": { "type": "Polygon", "coordinates": [ [ [ -3.605555773528094, 40.392517186580122 ], [ -3.606315794022786, 40.392767194128318 ], [ -3.606785806697135, 40.393007201374594 ], [ -3.607365822337821, 40.393337211338213 ], [ -3.608485852540525, 40.39392722915197 ], [ -3.6087358592822, 40.394037232473174 ], [ -3.608715858742866, 40.394077233680889 ], [ -3.608625856315863, 40.394187237002093 ], [ -3.608375849574188, 40.394407243644508 ], [ -3.609655884091564, 40.395247269006461 ], [ -3.608785860630535, 40.396087294368414 ], [ -3.609875890024238, 40.396817316409162 ], [ -3.608925864405873, 40.397677342374969 ], [ -3.608815861439536, 40.397777345394246 ], [ -3.607905836899839, 40.398597370152345 ], [ -3.606805807236469, 40.39957739974129 ], [ -3.606655803191464, 40.399767405477917 ], [ -3.60663580265213, 40.399807406685632 ], [ -3.606495798876792, 40.400187418158893 ], [ -3.606305793753119, 40.400647432047585 ], [ -3.605905782966439, 40.400537428726373 ], [ -3.605055760044744, 40.400337422687812 ], [ -3.604975757887408, 40.400327422385885 ], [ -3.604625748449063, 40.400317422083958 ], [ -3.604375741707388, 40.400317422083958 ], [ -3.604165736044381, 40.400307421782031 ], [ -3.603865727954371, 40.400317422083958 ], [ -3.603655722291364, 40.400317422083958 ], [ -3.603395715280022, 40.400317422083958 ], [ -3.603185709617015, 40.400317422083958 ], [ -3.603075706650678, 40.400317422083958 ], [ -3.602985704223675, 40.400317422083958 ], [ -3.602735697482, 40.40027742087625 ], [ -3.602095680223312, 40.40019741846082 ], [ -3.601825672942303, 40.400147416951185 ], [ -3.601705669706299, 40.400217419064681 ], [ -3.600775644627268, 40.401527458617245 ], [ -3.600675641930598, 40.40165746254231 ], [ -3.601145654604947, 40.401897469788587 ], [ -3.601485663773625, 40.402077475223287 ], [ -3.601795672133302, 40.402237480054133 ], [ -3.602255684537984, 40.402477487300409 ], [ -3.602425689122323, 40.402577490319686 ], [ -3.602505691279659, 40.402687493640897 ], [ -3.602495691009992, 40.402727494848605 ], [ -3.602455689931324, 40.402787496660174 ], [ -3.602405688582989, 40.402817497565962 ], [ -3.602345686964987, 40.402837498169816 ], [ -3.602055679144644, 40.402807497264028 ], [ -3.601685669166965, 40.402737495150532 ], [ -3.601455662964624, 40.402727494848605 ], [ -3.60133565972862, 40.402717494546678 ], [ -3.600685642200265, 40.402777496358247 ], [ -3.600285631413585, 40.402777496358247 ], [ -3.599765617390901, 40.402437486092694 ], [ -3.599365606604221, 40.402737495150532 ], [ -3.598925594738873, 40.403077505416086 ], [ -3.598585585570195, 40.403387514775858 ], [ -3.598445581794857, 40.403537519304777 ], [ -3.598345579098187, 40.403647522625981 ], [ -3.598005569929509, 40.404107536514672 ], [ -3.597625559682163, 40.404637552516853 ], [ -3.596165520310781, 40.40405753500503 ], [ -3.595375499007088, 40.403727525041404 ], [ -3.595125492265413, 40.403607521418273 ], [ -3.594915486602406, 40.403507518398989 ], [ -3.594595477973062, 40.403257510850793 ], [ -3.59443547365839, 40.403107506321874 ], [ -3.594205467456049, 40.402897499981385 ], [ -3.593585450736695, 40.40232748277149 ], [ -3.59383545747837, 40.402177478242571 ], [ -3.594055463411044, 40.402027473713645 ], [ -3.594545476624727, 40.401727464655806 ], [ -3.59483548444507, 40.401547459221106 ], [ -3.595065490647411, 40.401407454994114 ], [ -3.59593551410844, 40.400877438991927 ], [ -3.596445527861457, 40.400557429330235 ], [ -3.597005542962809, 40.400207418762754 ], [ -3.597585558603495, 40.399897409402982 ], [ -3.598065571547511, 40.399617400948998 ], [ -3.598475582603858, 40.399357393098875 ], [ -3.598895593929872, 40.399097385248744 ], [ -3.599385607143555, 40.398777375587045 ], [ -3.599885620626905, 40.398487366831134 ], [ -3.60043563545859, 40.398167357169442 ], [ -3.601325659458953, 40.397607340261473 ], [ -3.601905675099639, 40.397207328184351 ], [ -3.602295685616652, 40.396907319126512 ], [ -3.602715696942666, 40.396567308860959 ], [ -3.603055706111344, 40.396237298897333 ], [ -3.603275712044018, 40.396017292254918 ], [ -3.603525718785693, 40.395727283499006 ], [ -3.603575720134028, 40.395667281687437 ], [ -3.60393572984204, 40.395197267496826 ], [ -3.60413573523538, 40.394897258438981 ], [ -3.604315740089386, 40.394627250286931 ], [ -3.604545746291727, 40.394287240021377 ], [ -3.605095761123412, 40.393307210432432 ], [ -3.605405769483089, 40.392707192316749 ], [ -3.605525772719093, 40.39255718778783 ], [ -3.605555773528094, 40.392517186580122 ] ] ] } },
{ "type": "Feature", "properties": { "id_barrio": "14141", "nombre_barrio": "Pavones", "nombre_distrito": "Moratalaz", "area_km2": 1.01, "distancia_centro_km": 6.376, "lat_c": 40.398437632163663, "lon_c": -3.632396929738515 }, "geometry": { "type": "Polygon", "coordinates": [ [ [ -3.625276305311418, 40.403657522927915 ], [ -3.625446309895757, 40.403317512662362 ], [ -3.625666315828431, 40.402867499075597 ], [ -3.625916322570106, 40.402277481261848 ], [ -3.626106327693779, 40.401767465863522 ], [ -3.626246331469117, 40.401317452276757 ], [ -3.626406335783789, 40.400747435066862 ], [ -3.626606341177129, 40.399877408799128 ], [ -3.626796346300802, 40.399027383135248 ], [ -3.626886348727805, 40.398597370152345 ], [ -3.627076353851478, 40.397947350527026 ], [ -3.627296359784152, 40.397307331203635 ], [ -3.627496365177492, 40.396827316711089 ], [ -3.627716371110166, 40.396337301916617 ], [ -3.627976378121508, 40.395807285914429 ], [ -3.629796427200902, 40.392567188089757 ], [ -3.632616503246996, 40.39325720892279 ], [ -3.639016675833876, 40.394607249683069 ], [ -3.639466687968891, 40.394697252400427 ], [ -3.639976701721908, 40.394797255419704 ], [ -3.639686693901565, 40.395607279875868 ], [ -3.638516662350526, 40.397437335128693 ], [ -3.637956647249174, 40.398277360490646 ], [ -3.636156598709114, 40.400967441709277 ], [ -3.634846563382737, 40.402897499981385 ], [ -3.634296548551052, 40.403777526551046 ], [ -3.632266493808651, 40.403817527758761 ], [ -3.631586475471295, 40.403827528060688 ], [ -3.629246412369217, 40.403847528664542 ], [ -3.628206384323849, 40.403857528966469 ], [ -3.628116381896846, 40.403847528664542 ], [ -3.628026379469843, 40.403827528060688 ], [ -3.628016379200176, 40.403827528060688 ], [ -3.627926376773173, 40.4037975271549 ], [ -3.627876375424838, 40.403767526249119 ], [ -3.62763636895283, 40.40396753228768 ], [ -3.627266358975151, 40.404237540439738 ], [ -3.626996351694142, 40.404397545270584 ], [ -3.626956350615474, 40.404367544364803 ], [ -3.626886348727805, 40.404327543157088 ], [ -3.6267363446828, 40.404227540137811 ], [ -3.626226330929783, 40.403977532589607 ], [ -3.625276305311418, 40.403657522927915 ] ] ] } },
{ "type": "Feature", "properties": { "id_barrio": "10103", "nombre_barrio": "Lucero", "nombre_distrito": "Latina", "area_km2": 1.678, "distancia_centro_km": 4.469, "lat_c": 40.4025366675139, "lon_c": -3.7527025162442884 }, "geometry": { "type": "Polygon", "coordinates": [ [ [ -3.742309461224319, 40.404507548591795 ], [ -3.742859476056004, 40.404527549195649 ], [ -3.74303948091001, 40.404527549195649 ], [ -3.744089509225045, 40.404527549195649 ], [ -3.744179511652048, 40.404167538326242 ], [ -3.74443951866339, 40.403767526249119 ], [ -3.744829529180403, 40.403097506019947 ], [ -3.744849529719737, 40.403037504208378 ], [ -3.744859529989404, 40.402897499981385 ], [ -3.744849529719737, 40.402277481261848 ], [ -3.744719526214066, 40.40112744654013 ], [ -3.744669524865731, 40.400707433859154 ], [ -3.744659524596064, 40.400587430236016 ], [ -3.744459519202724, 40.399597400345144 ], [ -3.744359516506054, 40.399137386456452 ], [ -3.74423951327005, 40.39855736894463 ], [ -3.743979506258708, 40.397297330901701 ], [ -3.743809501674369, 40.396477306143609 ], [ -3.743759500326034, 40.396247299199267 ], [ -3.743729499517033, 40.396097294670341 ], [ -3.743599496011362, 40.395517277158518 ], [ -3.744569522169061, 40.395117265081403 ], [ -3.744609523247729, 40.395107264779469 ], [ -3.744759527292734, 40.395087264175615 ], [ -3.746069562619111, 40.39521726810068 ], [ -3.746649578259797, 40.395277269912249 ], [ -3.747189592821815, 40.395337271723818 ], [ -3.747399598484822, 40.395367272629599 ], [ -3.751829717947303, 40.395897288631787 ], [ -3.752489735745325, 40.39597729104721 ], [ -3.752569737902661, 40.395987291349137 ], [ -3.753219755431016, 40.396017292254918 ], [ -3.753489762712025, 40.395957290443349 ], [ -3.753649767026697, 40.395907288933714 ], [ -3.753769770262701, 40.395867287725999 ], [ -3.754179781319048, 40.396477306143609 ], [ -3.754499789948392, 40.396937320032293 ], [ -3.754789797768735, 40.39717732727857 ], [ -3.755149807476747, 40.397417334524839 ], [ -3.75553981799376, 40.397637341167254 ], [ -3.755949829050107, 40.397887348715457 ], [ -3.756409841454789, 40.398097355055945 ], [ -3.757009857634809, 40.39837736350993 ], [ -3.757729877050833, 40.39872737407741 ], [ -3.758189889455515, 40.399047383739102 ], [ -3.758449896466857, 40.399297391287305 ], [ -3.758979910759208, 40.400027413328047 ], [ -3.760209943928249, 40.401957471600149 ], [ -3.760809960108269, 40.402887499679458 ], [ -3.760449950400257, 40.403367514171997 ], [ -3.760229944467583, 40.403647522625981 ], [ -3.759859934489904, 40.40396753228768 ], [ -3.759759931793234, 40.404067535306957 ], [ -3.757659875163164, 40.405287572142178 ], [ -3.757359867073154, 40.405457577274952 ], [ -3.757059858983144, 40.405627582407725 ], [ -3.756879854129138, 40.405687584219294 ], [ -3.756719849814466, 40.405717585125082 ], [ -3.756499843881792, 40.405747586030863 ], [ -3.756279837949118, 40.40575758633279 ], [ -3.756119833634446, 40.405777586936651 ], [ -3.755959829319774, 40.405817588144359 ], [ -3.755699822308432, 40.405907590861709 ], [ -3.754919801274406, 40.406317603240758 ], [ -3.752659740329664, 40.407467637962476 ], [ -3.752069724419311, 40.40774764641646 ], [ -3.750889692598605, 40.408317663626363 ], [ -3.750759689092934, 40.408337664230217 ], [ -3.750649686126597, 40.408357664834071 ], [ -3.750549683429927, 40.408367665135998 ], [ -3.749869665092571, 40.408457667853355 ], [ -3.747889611698505, 40.408727676005405 ], [ -3.747479600642158, 40.408777677515047 ], [ -3.744669524865731, 40.409147688686382 ], [ -3.744609523247729, 40.409227691101805 ], [ -3.744579522438728, 40.409257692007593 ], [ -3.744499520281392, 40.409287692913374 ], [ -3.744469519472391, 40.409297693215301 ], [ -3.744409517854389, 40.409317693819162 ], [ -3.74393950518004, 40.409427697140366 ], [ -3.743859503022704, 40.409447697744227 ], [ -3.743559494932694, 40.409517699857723 ], [ -3.743329488730353, 40.409567701367358 ], [ -3.743259486842684, 40.409577701669285 ], [ -3.743209485494349, 40.409577701669285 ], [ -3.743189484955015, 40.409577701669285 ], [ -3.74313948360668, 40.409577701669285 ], [ -3.743049481179677, 40.409567701367358 ], [ -3.742879476595338, 40.409537700461577 ], [ -3.74253946742666, 40.409447697744227 ], [ -3.742449464999657, 40.409417696838439 ], [ -3.742359462572654, 40.409387695932658 ], [ -3.742229459066983, 40.409347694724943 ], [ -3.742069454752311, 40.409287692913374 ], [ -3.741979452325308, 40.409257692007593 ], [ -3.741859449089304, 40.409227691101805 ], [ -3.741079428055278, 40.408957682949755 ], [ -3.741329434796953, 40.408637673288055 ], [ -3.741419437223956, 40.408487668759136 ], [ -3.741659443695964, 40.407547640377906 ], [ -3.741759446392634, 40.406937621960296 ], [ -3.741849448819637, 40.406287602334977 ], [ -3.74193945124664, 40.406007593880993 ], [ -3.741979452325308, 40.405897590559782 ], [ -3.742089455291645, 40.405747586030863 ], [ -3.742169457448981, 40.405637582709659 ], [ -3.742179457718648, 40.405627582407725 ], [ -3.742219458797316, 40.405537579690375 ], [ -3.742269460145651, 40.405427576369171 ], [ -3.742269460145651, 40.405387575161456 ], [ -3.742279460415318, 40.405107566707471 ], [ -3.742299460954652, 40.404707554630349 ], [ -3.742309461224319, 40.404507548591795 ] ] ] } },
{ "type": "Feature", "properties": { "id_barrio": "14145", "nombre_barrio": "Fontarrón", "nombre_distrito": "Moratalaz", "area_km2": 0.967, "distancia_centro_km": 5.301, "lat_c": 40.401703154908283, "lon_c": -3.6443185984952184 }, "geometry": { "type": "Polygon", "coordinates": [ [ [ -3.65103699997361, 40.405727585427009 ], [ -3.651026999703943, 40.405717585125082 ], [ -3.650826994310603, 40.405357574255675 ], [ -3.650566987299261, 40.405217570028682 ], [ -3.649506958714559, 40.404737555536137 ], [ -3.649156949276214, 40.404577550705291 ], [ -3.648316926624186, 40.404197539232023 ], [ -3.648256925006184, 40.404167538326242 ], [ -3.648126921500513, 40.404117536816599 ], [ -3.648056919612844, 40.404087535910818 ], [ -3.647796912601502, 40.40396753228768 ], [ -3.647746911253167, 40.403947531683826 ], [ -3.64753690559016, 40.40387752957033 ], [ -3.647476903972158, 40.403857528966469 ], [ -3.647086893455145, 40.403737525343338 ], [ -3.646666882129131, 40.403657522927915 ], [ -3.646326872960453, 40.403627522022127 ], [ -3.644406821184389, 40.403567520210558 ], [ -3.644346819566387, 40.403507518398989 ], [ -3.644226816330383, 40.403417515681639 ], [ -3.643846806083037, 40.40326751115272 ], [ -3.643166787745681, 40.403007503302589 ], [ -3.642806778037669, 40.40285749877367 ], [ -3.642226762396983, 40.402657492735109 ], [ -3.641776750261968, 40.402577490319686 ], [ -3.641266736508951, 40.402547489413905 ], [ -3.640876725991938, 40.402557489715832 ], [ -3.640516716283926, 40.402557489715832 ], [ -3.640246709002917, 40.402527488810044 ], [ -3.640096704957912, 40.402497487904263 ], [ -3.639996702261242, 40.402477487300409 ], [ -3.639596691474562, 40.402347483375344 ], [ -3.63893667367654, 40.402077475223287 ], [ -3.638476661271858, 40.401877469184726 ], [ -3.637786642664835, 40.401597460730741 ], [ -3.636476607338458, 40.401057444426634 ], [ -3.636166598978781, 40.40095744140735 ], [ -3.637956647249174, 40.398277360490646 ], [ -3.638516662350526, 40.397437335128693 ], [ -3.639686693901565, 40.395607279875868 ], [ -3.639976701721908, 40.394797255419704 ], [ -3.642276763745318, 40.395347272025745 ], [ -3.642626773183663, 40.395447275045022 ], [ -3.643096785858012, 40.395627280479729 ], [ -3.643406794217689, 40.395767284706722 ], [ -3.643756803656034, 40.395937289839495 ], [ -3.644286817948385, 40.396207297991552 ], [ -3.644906834667739, 40.396627310672528 ], [ -3.64543684896009, 40.397077324259286 ], [ -3.647056892646144, 40.398537368340776 ], [ -3.648916942804206, 40.400297421480104 ], [ -3.651327007793953, 40.402377484281125 ], [ -3.652967052019341, 40.403697524135623 ], [ -3.654017080334376, 40.404537549497576 ], [ -3.654427091390723, 40.404777556743845 ], [ -3.654857102986404, 40.405017563990121 ], [ -3.655327115660753, 40.405207569726748 ], [ -3.655817128874436, 40.40540757576531 ], [ -3.655967132919441, 40.405467577576879 ], [ -3.656117136964446, 40.405527579388448 ], [ -3.656427145324123, 40.405617582105798 ], [ -3.656717153144466, 40.405677583917367 ], [ -3.657377170942488, 40.40575758633279 ], [ -3.657777181729168, 40.405787587238578 ], [ -3.658557202763194, 40.405857589352074 ], [ -3.658677205999198, 40.405867589654001 ], [ -3.658887211662205, 40.405877589955928 ], [ -3.665217382361416, 40.406337603844612 ], [ -3.665157380743414, 40.40645760746775 ], [ -3.664087351889045, 40.408527669966844 ], [ -3.661987295258975, 40.407957652756949 ], [ -3.660497255078592, 40.407557640679833 ], [ -3.65943722649389, 40.407297632829703 ], [ -3.658997214628542, 40.407187629508499 ], [ -3.658427199257523, 40.407017624375719 ], [ -3.657667178762831, 40.406827618639085 ], [ -3.656977160155808, 40.406707615015954 ], [ -3.656697152605132, 40.406647613204385 ], [ -3.656297141818452, 40.406567610788962 ], [ -3.655697125638432, 40.406387605354254 ], [ -3.655347116200087, 40.40627760203305 ], [ -3.655177111615748, 40.406217600221481 ], [ -3.655127110267413, 40.40619759961762 ], [ -3.655057108379744, 40.406177599013766 ], [ -3.654687098402065, 40.406057595390635 ], [ -3.654097082491712, 40.405907590861709 ], [ -3.653877076559038, 40.405857589352074 ], [ -3.653647070356697, 40.405797587540505 ], [ -3.653127056334013, 40.405707584823155 ], [ -3.652587041771995, 40.405637582709659 ], [ -3.652457038266324, 40.405617582105798 ], [ -3.651967025052641, 40.405617582105798 ], [ -3.651847021816637, 40.405617582105798 ], [ -3.651817021007636, 40.405617582105798 ], [ -3.651597015074962, 40.405627582407725 ], [ -3.65133700806362, 40.405647583011586 ], [ -3.651247005636617, 40.40566758361544 ], [ -3.65103699997361, 40.405727585427009 ] ] ] } },
{ "type": "Feature", "properties": { "id_barrio": "02022", "nombre_barrio": "Acacias", "nombre_distrito": "Arganzuela", "area_km2": 1.072, "distancia_centro_km": 1.797, "lat_c": 40.400962662352057, "lon_c": -3.7068573403012088 }, "geometry": { "type": "Polygon", "coordinates": [ [ [ -3.702558211803126, 40.405067331623414 ], [ -3.701708366376299, 40.403947531683826 ], [ -3.700618336982596, 40.402577490319686 ], [ -3.699618310015896, 40.401297451672903 ], [ -3.69933830246522, 40.401037443822773 ], [ -3.699698312173232, 40.4005474290283 ], [ -3.70043833212859, 40.399737404572136 ], [ -3.701048348578277, 40.399067384342956 ], [ -3.701588363140295, 40.398477366529207 ], [ -3.702088376623645, 40.397947350527026 ], [ -3.702188379320315, 40.397867348111596 ], [ -3.702288382016985, 40.397787345696173 ], [ -3.703248407905017, 40.396797315805301 ], [ -3.70463844538873, 40.395237268704534 ], [ -3.70733851819882, 40.395897288631787 ], [ -3.708218541929516, 40.396107294972275 ], [ -3.708778557030868, 40.396277300105048 ], [ -3.709688581570565, 40.396547308257105 ], [ -3.710288597750585, 40.396797315805301 ], [ -3.710798611503602, 40.397007322145789 ], [ -3.711378627144288, 40.397327331807489 ], [ -3.712158648178314, 40.397887348715457 ], [ -3.712728663549333, 40.398357362906069 ], [ -3.713178675684348, 40.398747374681264 ], [ -3.71343868269569, 40.398967381323679 ], [ -3.714048699145377, 40.399357393098875 ], [ -3.714898722067072, 40.39966740245864 ], [ -3.714368707774721, 40.400887439293854 ], [ -3.713218676763016, 40.403317512662362 ], [ -3.712548658695327, 40.404747555838064 ], [ -3.711668634964631, 40.406647613204385 ], [ -3.711278624447618, 40.4065476101851 ], [ -3.709908587503239, 40.406317603240758 ], [ -3.709528577255893, 40.406267601731116 ], [ -3.708398546783522, 40.406057595390635 ], [ -3.707088511457145, 40.405787587238578 ], [ -3.706498495546792, 40.40566758361544 ], [ -3.703878424894038, 40.405187569122894 ], [ -3.702968400354341, 40.405057565197829 ], [ -3.702558211803126, 40.405067331623414 ] ] ] } },
{ "type": "Feature", "properties": { "id_barrio": "03032", "nombre_barrio": "Adelfas", "nombre_distrito": "Retiro", "area_km2": 0.641, "distancia_centro_km": 3.259, "lat_c": 40.400669684790358, "lon_c": -3.6715623536088029 }, "geometry": { "type": "Polygon", "coordinates": [ [ [ -3.673527606454693, 40.394307240625231 ], [ -3.673527606454693, 40.394317240927158 ], [ -3.67443763099439, 40.396577309162886 ], [ -3.674957645017074, 40.397387333619058 ], [ -3.675057647713744, 40.397537338147977 ], [ -3.675707665242099, 40.398217358679076 ], [ -3.675957671983774, 40.398407364415711 ], [ -3.676297681152452, 40.398667372265841 ], [ -3.676797694635802, 40.398947380719825 ], [ -3.675927671174773, 40.399997412422266 ], [ -3.67483764178107, 40.401297451672903 ], [ -3.673917616971706, 40.402277481261848 ], [ -3.673047593510677, 40.403207509341151 ], [ -3.672447577330657, 40.403887529872257 ], [ -3.672167569779981, 40.404197539232023 ], [ -3.671007538498609, 40.405477577878806 ], [ -3.670897535532272, 40.405607581803871 ], [ -3.670797532835602, 40.405717585125082 ], [ -3.670697530138932, 40.405817588144359 ], [ -3.670547526093927, 40.405987593277139 ], [ -3.67043752312759, 40.406117597202197 ], [ -3.67033752043092, 40.406267601731116 ], [ -3.670267518543251, 40.406387605354254 ], [ -3.67023751773425, 40.406527609581246 ], [ -3.670217517194916, 40.406657613506312 ], [ -3.668977483756208, 40.406617612298596 ], [ -3.665207382091749, 40.406337603844612 ], [ -3.665557391530094, 40.405557580294229 ], [ -3.666327412294453, 40.403867529268396 ], [ -3.666687422002465, 40.402897499981385 ], [ -3.666777424429468, 40.402627491829328 ], [ -3.668267464609851, 40.399637401552859 ], [ -3.669257491306884, 40.398327362000288 ], [ -3.669627501284563, 40.397837347205815 ], [ -3.670057512880244, 40.397397333920985 ], [ -3.670397522048922, 40.397077324259286 ], [ -3.670967537419941, 40.396577309162886 ], [ -3.671087540655945, 40.396437304935894 ], [ -3.672047566543977, 40.39530727081803 ], [ -3.672927590274673, 40.394667251494639 ], [ -3.673527606454693, 40.394307240625231 ] ] ] } },
{ "type": "Feature", "properties": { "id_barrio": "19194", "nombre_barrio": "El Cañaveral", "nombre_distrito": "Vicálvaro", "area_km2": 10.572, "distancia_centro_km": 13.164, "lat_c": 40.404623236746652, "lon_c": -3.5492221067880898 }, "geometry": { "type": "Polygon", "coordinates": [ [ [ -3.53363383408303, 40.391627159708527 ], [ -3.533673835161698, 40.391627159708527 ], [ -3.535423882353423, 40.391477155179608 ], [ -3.535493884241092, 40.391467154877681 ], [ -3.535953896645774, 40.391427153669966 ], [ -3.536413909050456, 40.391387152462258 ], [ -3.537383935208155, 40.391307150046835 ], [ -3.537443936826157, 40.391327150650689 ], [ -3.53993400397324, 40.392247178428065 ], [ -3.539974005051908, 40.392257178729992 ], [ -3.542004059794309, 40.392947199563025 ], [ -3.542504073277659, 40.393117204695798 ], [ -3.542744079749667, 40.393097204091944 ], [ -3.542654077322664, 40.393597219188344 ], [ -3.542724079210333, 40.394027232171247 ], [ -3.544874137188738, 40.393557217980629 ], [ -3.546764188155801, 40.393137205299652 ], [ -3.548324230223853, 40.392937199261098 ], [ -3.548654239122864, 40.39290719835531 ], [ -3.549974274718908, 40.392807195336033 ], [ -3.551314310854286, 40.392837196241814 ], [ -3.552724348877333, 40.392977200468806 ], [ -3.553964382316041, 40.393137205299652 ], [ -3.554914407934406, 40.393357211942075 ], [ -3.556464449732791, 40.393847226736547 ], [ -3.55753447858716, 40.394217237907881 ], [ -3.55993454330724, 40.395347272025745 ], [ -3.563024626634343, 40.396807316107228 ], [ -3.563504639578359, 40.397037323051578 ], [ -3.566184711849115, 40.398287360792573 ], [ -3.569764808389901, 40.399957411214551 ], [ -3.570284822412585, 40.40019741846082 ], [ -3.570974841019608, 40.400517428122519 ], [ -3.576955002280474, 40.403337513266216 ], [ -3.579895081562572, 40.404717554932283 ], [ -3.583085167586345, 40.406227600523408 ], [ -3.585605235542429, 40.407287632527776 ], [ -3.576324985291453, 40.413107808249869 ], [ -3.57293489387434, 40.41175776748959 ], [ -3.572654886323664, 40.411867770810801 ], [ -3.572344877963987, 40.411907772018509 ], [ -3.57203486960431, 40.41192777262237 ], [ -3.571704860705299, 40.411937772924297 ], [ -3.571354851266954, 40.411977774132005 ], [ -3.571114844794946, 40.411967773830078 ], [ -3.570944840210607, 40.411957773528151 ], [ -3.570594830772262, 40.412057776547435 ], [ -3.570284822412585, 40.412167779868639 ], [ -3.569854810816904, 40.412337785001412 ], [ -3.569564802996561, 40.412477789228404 ], [ -3.569174792479548, 40.412647794361185 ], [ -3.568884784659205, 40.412787798588177 ], [ -3.568674778996198, 40.412857800701673 ], [ -3.56843477252419, 40.412947803419023 ], [ -3.567994760658842, 40.413027805834446 ], [ -3.564824675174403, 40.413527820930845 ], [ -3.564584668702395, 40.413537821232772 ], [ -3.564164657376381, 40.413537821232772 ], [ -3.5637346457807, 40.413517820628918 ], [ -3.56363464308403, 40.413457818817349 ], [ -3.563084628252345, 40.413457818817349 ], [ -3.56253461342066, 40.413387816703853 ], [ -3.562094601555312, 40.413337815194218 ], [ -3.561724591577633, 40.41330781428843 ], [ -3.561304580251619, 40.413267813080722 ], [ -3.560904569464939, 40.413257812778795 ], [ -3.560514558947926, 40.413237812174934 ], [ -3.560224551127583, 40.413237812174934 ], [ -3.55963453521723, 40.413177810363365 ], [ -3.559194523351882, 40.413147809457584 ], [ -3.558754511486534, 40.413077807344088 ], [ -3.558414502317856, 40.412987804626738 ], [ -3.557884488025505, 40.412857800701673 ], [ -3.557564479396161, 40.412727796776608 ], [ -3.55723447049715, 40.412557791643835 ], [ -3.556954462946474, 40.412437788020696 ], [ -3.556514451081126, 40.412297783793704 ], [ -3.555944435710107, 40.412127778660924 ], [ -3.555544424923427, 40.41201777533972 ], [ -3.555124413597413, 40.411957773528151 ], [ -3.554684401732065, 40.411957773528151 ], [ -3.554214389057716, 40.411887771414655 ], [ -3.553444368293357, 40.411687765376094 ], [ -3.553154360473014, 40.411717766281882 ], [ -3.552794350765002, 40.41175776748959 ], [ -3.552494342674992, 40.411797768697305 ], [ -3.552214335124316, 40.411837769905013 ], [ -3.55183432487697, 40.411867770810801 ], [ -3.551444314359957, 40.411917772320443 ], [ -3.551284310045285, 40.411907772018509 ], [ -3.551074304382278, 40.411907772018509 ], [ -3.550524289550593, 40.411937772924297 ], [ -3.55013427903358, 40.412007775037793 ], [ -3.54963426555023, 40.412147779264785 ], [ -3.549324257190553, 40.412327784699485 ], [ -3.545164145009081, 40.411477759035606 ], [ -3.545014140964076, 40.411427757525971 ], [ -3.544994140424742, 40.411437757827898 ], [ -3.544904137997739, 40.411457758431752 ], [ -3.544874137188738, 40.411457758431752 ], [ -3.544594129638062, 40.411387756318256 ], [ -3.54453412802006, 40.411377756016329 ], [ -3.544444125593057, 40.411357755412475 ], [ -3.544404124514389, 40.411357755412475 ], [ -3.544254120469384, 40.411357755412475 ], [ -3.544174118312048, 40.411357755412475 ], [ -3.544054115076044, 40.411357755412475 ], [ -3.54403411453671, 40.411357755412475 ], [ -3.543874110222038, 40.41134775511054 ], [ -3.543804108334369, 40.41134775511054 ], [ -3.543724106177033, 40.41134775511054 ], [ -3.543694105368032, 40.41134775511054 ], [ -3.543554101592694, 40.411327754506686 ], [ -3.543524100783693, 40.411327754506686 ], [ -3.543494099974692, 40.411317754204759 ], [ -3.543374096738688, 40.411277752997044 ], [ -3.54333409566002, 40.411277752997044 ], [ -3.543224092693683, 40.411267752695117 ], [ -3.542744079749667, 40.411127748468125 ], [ -3.542514073547326, 40.411067746656556 ], [ -3.542324068423653, 40.411047746052702 ], [ -3.542244066266317, 40.411027745448848 ], [ -3.542104062490979, 40.410987744241133 ], [ -3.541994059524642, 40.410957743335352 ], [ -3.541694051434632, 40.410867740618002 ], [ -3.541584048468295, 40.41081773910836 ], [ -3.541524046850293, 40.410797738504506 ], [ -3.541464045232291, 40.410777737900645 ], [ -3.541414043883956, 40.410767737598718 ], [ -3.541354042265954, 40.410747736994864 ], [ -3.541304040917619, 40.410737736692937 ], [ -3.541124036063613, 40.410717736089083 ], [ -3.541024033366943, 40.410707735787149 ], [ -3.540984032288275, 40.410697735485222 ], [ -3.540954031479274, 40.410697735485222 ], [ -3.540814027703936, 40.410687735183295 ], [ -3.54063402284993, 40.410677734881368 ], [ -3.540584021501595, 40.410677734881368 ], [ -3.540514019613926, 40.410677734881368 ], [ -3.540464018265591, 40.410677734881368 ], [ -3.540314014220586, 40.410657734277514 ], [ -3.540304013950919, 40.410657734277514 ], [ -3.54023401206325, 40.410647733975587 ], [ -3.540194010984582, 40.410637733673653 ], [ -3.540054007209244, 40.410607732767872 ], [ -3.540044006939577, 40.410607732767872 ], [ -3.539964004782241, 40.410577731862091 ], [ -3.539814000737236, 40.410517730050522 ], [ -3.539773999658568, 40.410697735485222 ], [ -3.539773999658568, 40.410917742127637 ], [ -3.539773999658568, 40.411127748468125 ], [ -3.539783999928235, 40.411187750279694 ], [ -3.539814000737236, 40.41140775692211 ], [ -3.539804000467569, 40.411437757827898 ], [ -3.539773999658568, 40.411487759337533 ], [ -3.539753999119234, 40.411537760847175 ], [ -3.539723998310233, 40.41157776205489 ], [ -3.539703997770899, 40.411607762960671 ], [ -3.539663996692231, 40.411627763564525 ], [ -3.539553993725894, 40.411647764168386 ], [ -3.539393989411222, 40.411627763564525 ], [ -3.539123982130213, 40.411557761451029 ], [ -3.539053980242544, 40.411547761149102 ], [ -3.538743971882867, 40.411457758431752 ], [ -3.538543966489527, 40.411437757827898 ], [ -3.53833396082652, 40.411437757827898 ], [ -3.538023952466843, 40.411657764470313 ], [ -3.537943950309507, 40.41175776748959 ], [ -3.537913949500506, 40.411837769905013 ], [ -3.537903949230839, 40.411887771414655 ], [ -3.53793395003984, 40.412177780170566 ], [ -3.537913949500506, 40.412247782284062 ], [ -3.537883948691505, 40.412287783491777 ], [ -3.537813946803836, 40.4123677859072 ], [ -3.537603941140829, 40.412477789228404 ], [ -3.537453937095824, 40.412537791039973 ], [ -3.537313933320486, 40.412577792247689 ], [ -3.537223930893483, 40.412587792549616 ], [ -3.536913922533806, 40.41260779315347 ], [ -3.53683392037647, 40.41260779315347 ], [ -3.536683916331465, 40.412597792851543 ], [ -3.536503911477459, 40.412577792247689 ], [ -3.536353907432454, 40.4125477913419 ], [ -3.536243904466117, 40.412527790738046 ], [ -3.536253904735784, 40.412657794663112 ], [ -3.536243904466117, 40.412747797380462 ], [ -3.536193903117782, 40.4128678010036 ], [ -3.536163902308781, 40.412917802513242 ], [ -3.536053899342444, 40.413017805532519 ], [ -3.535973897185108, 40.413077807344088 ], [ -3.535823893140103, 40.41312780885373 ], [ -3.535673889095098, 40.413157809759511 ], [ -3.535213876690416, 40.41441784780244 ], [ -3.534893868061072, 40.414337845387017 ], [ -3.53463386104973, 40.414287843877375 ], [ -3.534343853229387, 40.414237842367733 ], [ -3.534043845139377, 40.414187840858098 ], [ -3.533763837588701, 40.41415783995231 ], [ -3.533463829498691, 40.414127839046529 ], [ -3.53333382599302, 40.414117838744602 ], [ -3.533053818442344, 40.414117838744602 ], [ -3.532853813049004, 40.414127839046529 ], [ -3.532603806307329, 40.414147839650383 ], [ -3.532403800913989, 40.414167840254237 ], [ -3.532093792554312, 40.414217841763879 ], [ -3.531923787969973, 40.414257842971594 ], [ -3.531713782306966, 40.414307844481229 ], [ -3.53163378014963, 40.41432784508509 ], [ -3.531553777992294, 40.414347845688944 ], [ -3.531393773677622, 40.414407847500513 ], [ -3.531183768014615, 40.414487849915936 ], [ -3.530973762351608, 40.414577852633286 ], [ -3.530783757227935, 40.414637854444855 ], [ -3.530563751295261, 40.414687855954497 ], [ -3.530463748598591, 40.414707856558351 ], [ -3.530283743744585, 40.414717856860278 ], [ -3.531243769632617, 40.420088018995614 ], [ -3.530473748868258, 40.419558002993433 ], [ -3.529953734845574, 40.419197992124026 ], [ -3.529343718395887, 40.418787979744977 ], [ -3.528763702755201, 40.418387967667854 ], [ -3.528093684687512, 40.417937954081097 ], [ -3.527663673091831, 40.417657945627113 ], [ -3.527073657181478, 40.417317935361559 ], [ -3.526603644507129, 40.417067927813356 ], [ -3.526403639113789, 40.416947924190225 ], [ -3.526103631023779, 40.416797919661306 ], [ -3.525883625091105, 40.416687916340095 ], [ -3.525693619967432, 40.416577913018891 ], [ -3.525563616461761, 40.416517911207322 ], [ -3.525493614574092, 40.416487910301534 ], [ -3.525443613225757, 40.416457909395753 ], [ -3.525403612147089, 40.416437908791899 ], [ -3.525343610529087, 40.416407907886111 ], [ -3.525303609450419, 40.416387907282257 ], [ -3.52523360756275, 40.416347906074542 ], [ -3.525183606214415, 40.416307904866834 ], [ -3.525103604057079, 40.416237902753338 ], [ -3.525063602978411, 40.416187901243696 ], [ -3.525023601899743, 40.416127899432126 ], [ -3.524983600821075, 40.416047897016703 ], [ -3.524943599742407, 40.415977894903207 ], [ -3.524873597854738, 40.415837890676215 ], [ -3.5247335940794, 40.415587883128019 ], [ -3.524673592461398, 40.415497880410662 ], [ -3.524623591113063, 40.415437878599093 ], [ -3.524593590304062, 40.415397877391385 ], [ -3.524543588955727, 40.415347875881743 ], [ -3.524493587607392, 40.415297874372101 ], [ -3.524423585719723, 40.415247872862466 ], [ -3.524263581405051, 40.415137869541255 ], [ -3.524073576281378, 40.415017865918117 ], [ -3.523913571966706, 40.414917862898839 ], [ -3.523653564955364, 40.41476785836992 ], [ -3.523223553359683, 40.414497850217863 ], [ -3.522873543921338, 40.414277843575448 ], [ -3.522673538527998, 40.414147839650383 ], [ -3.522603536640329, 40.414097838140741 ], [ -3.52253353475266, 40.414047836631106 ], [ -3.522483533404325, 40.414007835423391 ], [ -3.522423531786323, 40.413947833611822 ], [ -3.522283528010985, 40.413827829988691 ], [ -3.522143524235647, 40.41365782485591 ], [ -3.522003520460309, 40.413467819119276 ], [ -3.521903517763639, 40.413337815194218 ], [ -3.5217335131793, 40.413117808551803 ], [ -3.52153350778596, 40.412827799795885 ], [ -3.521143497268947, 40.412297783793704 ], [ -3.52093349160594, 40.411997774735866 ], [ -3.520863489718271, 40.411897771716582 ], [ -3.520823488639603, 40.411837769905013 ], [ -3.520793487830602, 40.411787768395378 ], [ -3.520743486482267, 40.411687765376094 ], [ -3.520683484864265, 40.411557761451029 ], [ -3.520623483246263, 40.411417757224037 ], [ -3.520413477583256, 40.410837739712214 ], [ -3.520343475695587, 40.410697735485222 ], [ -3.520253473268584, 40.410547730956303 ], [ -3.519823461672903, 40.409987714048334 ], [ -3.519953465178574, 40.409937712538692 ], [ -3.519873463021238, 40.409827709217488 ], [ -3.519753459785234, 40.409657704084715 ], [ -3.519563454661561, 40.409407696536512 ], [ -3.519483452504225, 40.409307693517235 ], [ -3.51943345115589, 40.409237691403739 ], [ -3.519363449268221, 40.409147688686382 ], [ -3.519313447919886, 40.409077686572886 ], [ -3.519263446571551, 40.408987683855536 ], [ -3.519243446032217, 40.40894768264782 ], [ -3.519223445492883, 40.408897681138185 ], [ -3.519213445223216, 40.408847679628543 ], [ -3.519203444953549, 40.408787677816974 ], [ -3.519193444683882, 40.408727676005405 ], [ -3.519203444953549, 40.408617672684201 ], [ -3.519223445492883, 40.408497669061063 ], [ -3.519243446032217, 40.408357664834071 ], [ -3.519263446571551, 40.408207660305152 ], [ -3.519293447380552, 40.408017654568518 ], [ -3.519313447919886, 40.407797647926103 ], [ -3.519343448728887, 40.407487638566337 ], [ -3.519343448728887, 40.407257631621995 ], [ -3.519343448728887, 40.407137627998857 ], [ -3.519353448998554, 40.407007624073792 ], [ -3.519353448998554, 40.406887620450654 ], [ -3.519353448998554, 40.406767616827523 ], [ -3.519343448728887, 40.406647613204385 ], [ -3.519343448728887, 40.406527609581246 ], [ -3.51933344845922, 40.406377605052327 ], [ -3.519313447919886, 40.406167598711839 ], [ -3.519283447110885, 40.405987593277139 ], [ -3.519263446571551, 40.405787587238578 ], [ -3.519223445492883, 40.405557580294229 ], [ -3.519203444953549, 40.405397575463383 ], [ -3.519173444144548, 40.405227570330609 ], [ -3.519113442526546, 40.404967562480479 ], [ -3.519083441717545, 40.404827558253487 ], [ -3.519043440638877, 40.404697554328422 ], [ -3.518993439290542, 40.404567550403357 ], [ -3.518953438211874, 40.404477547686007 ], [ -3.518893436593872, 40.404357544062869 ], [ -3.518823434706203, 40.404227540137811 ], [ -3.518743432548867, 40.404097536212745 ], [ -3.518643429852197, 40.403957531985753 ], [ -3.51853342688586, 40.403777526551046 ], [ -3.518463424998191, 40.403677523531769 ], [ -3.518393423110522, 40.403547519606704 ], [ -3.51833342149252, 40.403427515983566 ], [ -3.518283420144185, 40.403297512058501 ], [ -3.51823341879585, 40.403147507529582 ], [ -3.518213418256516, 40.403047504510305 ], [ -3.518203417986849, 40.40294750149102 ], [ -3.518183417447515, 40.402837498169816 ], [ -3.518173417177848, 40.402727494848605 ], [ -3.518163416908181, 40.402607491225474 ], [ -3.518163416908181, 40.40250748820619 ], [ -3.518163416908181, 40.402397484884986 ], [ -3.518153416638514, 40.402247480356067 ], [ -3.518153416638514, 40.402137477034856 ], [ -3.518153416638514, 40.402047474317506 ], [ -3.518163416908181, 40.401957471600149 ], [ -3.518183417447515, 40.401847468278945 ], [ -3.518193417717182, 40.40174746525966 ], [ -3.518213418256516, 40.401617461334602 ], [ -3.51823341879585, 40.40147745710761 ], [ -3.518263419604851, 40.401327452578684 ], [ -3.518313420953186, 40.40112744654013 ], [ -3.518373422571188, 40.400917440199642 ], [ -3.518413423649856, 40.400747435066862 ], [ -3.518453424728524, 40.400587430236016 ], [ -3.518493425807192, 40.400427425405169 ], [ -3.51853342688586, 40.400287421178177 ], [ -3.518583428234195, 40.40010741574347 ], [ -3.51863342958253, 40.399967411516478 ], [ -3.518673430661198, 40.399877408799128 ], [ -3.518693431200532, 40.399817406987559 ], [ -3.5187334322792, 40.399707403666355 ], [ -3.518783433627535, 40.399587400043217 ], [ -3.518843435245537, 40.399467396420079 ], [ -3.518943437942207, 40.39925739007959 ], [ -3.519043440638877, 40.399047383739102 ], [ -3.519073441447878, 40.398967381323679 ], [ -3.519143443335547, 40.39881737679476 ], [ -3.519203444953549, 40.398687372869695 ], [ -3.519243446032217, 40.398607370454272 ], [ -3.519283447110885, 40.398527368038849 ], [ -3.519323448189553, 40.398437365321499 ], [ -3.519353448998554, 40.398357362906069 ], [ -3.519393450077222, 40.398267360188719 ], [ -3.519413450616556, 40.398207358377149 ], [ -3.51943345115589, 40.39814735656558 ], [ -3.519453451695224, 40.398087354754018 ], [ -3.519473452234558, 40.398037353244376 ], [ -3.519483452504225, 40.397977351432807 ], [ -3.519493452773892, 40.397937350225092 ], [ -3.519503453043559, 40.397897349017384 ], [ -3.519503453043559, 40.397867348111596 ], [ -3.519503453043559, 40.397847347507742 ], [ -3.519603455740229, 40.397857347809669 ], [ -3.519623456279563, 40.397737344186538 ], [ -3.520323475156253, 40.393777224623051 ], [ -3.520413477583256, 40.392097173899145 ], [ -3.522593536370662, 40.391857166652869 ], [ -3.524343583562387, 40.390837135856216 ], [ -3.526893652327472, 40.389787104153775 ], [ -3.529153713272214, 40.389377091774726 ], [ -3.532083792284645, 40.391417153368039 ], [ -3.532863813318671, 40.391687161520096 ], [ -3.53363383408303, 40.391627159708527 ] ] ] } },
{ "type": "Feature", "properties": { "id_barrio": "02026", "nombre_barrio": "Palos de la Frontera", "nombre_distrito": "Arganzuela", "area_km2": 0.649, "distancia_centro_km": 1.68, "lat_c": 40.403299958458611, "lon_c": -3.6949608826242288 }, "geometry": { "type": "Polygon", "coordinates": [ [ [ -3.685487928976425, 40.400397424499381 ], [ -3.690978077023608, 40.400697433557227 ], [ -3.692348113967987, 40.40077743597265 ], [ -3.692458116934324, 40.400787436274577 ], [ -3.692688123136665, 40.400797436576504 ], [ -3.69383815414837, 40.400847438086146 ], [ -3.693988158193375, 40.400767435670723 ], [ -3.696178217250448, 40.400917440199642 ], [ -3.69933830246522, 40.401037443822773 ], [ -3.699618310015896, 40.401297451672903 ], [ -3.700618336982596, 40.402577490319686 ], [ -3.701708366376299, 40.403947531683826 ], [ -3.702528388488993, 40.40507756580169 ], [ -3.700978346690608, 40.405507578784594 ], [ -3.700958346151274, 40.405507578784594 ], [ -3.700058321881244, 40.405737585728936 ], [ -3.699358303004554, 40.40592759146557 ], [ -3.697928264442173, 40.406327603542685 ], [ -3.697858262554504, 40.406347604146546 ], [ -3.695398196216422, 40.406997623771865 ], [ -3.695278192980418, 40.40695762256415 ], [ -3.694098161159712, 40.407277632225849 ], [ -3.693958157384374, 40.407297632829703 ], [ -3.693898155766372, 40.407287632527776 ], [ -3.693848154418037, 40.407257631621995 ], [ -3.693678149833698, 40.40712762769693 ], [ -3.693228137698683, 40.406987623469938 ], [ -3.693198136889682, 40.407197629810426 ], [ -3.693158135811014, 40.407347634339345 ], [ -3.693008131766009, 40.407577641283687 ], [ -3.693008131766009, 40.407547640377906 ], [ -3.693008131766009, 40.407447637358622 ], [ -3.692998131496342, 40.407277632225849 ], [ -3.692978130957008, 40.407237631018134 ], [ -3.692968130687341, 40.40721763041428 ], [ -3.692958130417674, 40.407197629810426 ], [ -3.691248084304617, 40.405597581501944 ], [ -3.690698069472932, 40.40507756580169 ], [ -3.690588066506595, 40.404977562782406 ], [ -3.686717962145466, 40.401507458013391 ], [ -3.685487928976425, 40.400397424499381 ] ] ] } },
{ "type": "Feature", "properties": { "id_barrio": "19191", "nombre_barrio": "Casco Histórico de Vicálvaro", "nombre_distrito": "Vicálvaro", "area_km2": 21.052, "distancia_centro_km": 10.823, "lat_c": 40.39312258385813, "lon_c": -3.5798489914088769 }, "geometry": { "type": "Polygon", "coordinates": [ [ [ -3.576284984212785, 40.413117808551803 ], [ -3.585605235542429, 40.407287632527776 ], [ -3.583085167586345, 40.406227600523408 ], [ -3.579895081562572, 40.404717554932283 ], [ -3.576955002280474, 40.403337513266216 ], [ -3.570974841019608, 40.400517428122519 ], [ -3.570284822412585, 40.40019741846082 ], [ -3.569764808389901, 40.399957411214551 ], [ -3.566184711849115, 40.398287360792573 ], [ -3.563504639578359, 40.397037323051578 ], [ -3.563024626634343, 40.396807316107228 ], [ -3.55993454330724, 40.395347272025745 ], [ -3.55753447858716, 40.394217237907881 ], [ -3.556464449732791, 40.393847226736547 ], [ -3.554914407934406, 40.393357211942075 ], [ -3.553964382316041, 40.393137205299652 ], [ -3.552724348877333, 40.392977200468806 ], [ -3.551314310854286, 40.392837196241814 ], [ -3.549974274718908, 40.392807195336033 ], [ -3.548654239122864, 40.39290719835531 ], [ -3.548324230223853, 40.392937199261098 ], [ -3.546764188155801, 40.393137205299652 ], [ -3.544874137188738, 40.393557217980629 ], [ -3.542724079210333, 40.394027232171247 ], [ -3.542654077322664, 40.393597219188344 ], [ -3.542744079749667, 40.393097204091944 ], [ -3.542504073277659, 40.393117204695798 ], [ -3.542004059794309, 40.392947199563025 ], [ -3.539974005051908, 40.392257178729992 ], [ -3.53993400397324, 40.392247178428065 ], [ -3.537443936826157, 40.391327150650689 ], [ -3.537383935208155, 40.391307150046835 ], [ -3.536413909050456, 40.391387152462258 ], [ -3.535953896645774, 40.391427153669966 ], [ -3.535493884241092, 40.391467154877681 ], [ -3.535423882353423, 40.391477155179608 ], [ -3.533713836240366, 40.391647160312381 ], [ -3.534153848105714, 40.391347151254543 ], [ -3.534603860240729, 40.391057142498632 ], [ -3.535063872645411, 40.390777134044647 ], [ -3.535523885050093, 40.390497125590663 ], [ -3.535983897454775, 40.390217117136679 ], [ -3.536443909859457, 40.389937108682695 ], [ -3.536893921994472, 40.389647099926783 ], [ -3.537343934129487, 40.389357091170872 ], [ -3.537783945994835, 40.389057082113034 ], [ -3.538223957860183, 40.388757073055189 ], [ -3.538653969455864, 40.388447063695423 ], [ -3.539073980781878, 40.388137054335658 ], [ -3.539483991838225, 40.387817044673959 ], [ -3.539884002624905, 40.387487034710333 ], [ -3.540284013411585, 40.387157024746713 ], [ -3.540674023928598, 40.38681701448116 ], [ -3.541054034175944, 40.38646700391368 ], [ -3.54143404442329, 40.386116993346199 ], [ -3.541804054400969, 40.385766982778719 ], [ -3.542174064378648, 40.385416972211239 ], [ -3.542544074356327, 40.385066961643759 ], [ -3.542914084334006, 40.384716951076278 ], [ -3.543284094311685, 40.384366940508798 ], [ -3.543654104289364, 40.384016929941318 ], [ -3.544024114267043, 40.383666919373837 ], [ -3.544394124244722, 40.383316908806357 ], [ -3.544764134222401, 40.382966898238877 ], [ -3.54513414420008, 40.382616887671396 ], [ -3.545504154177759, 40.382266877103916 ], [ -3.545874164155438, 40.381916866536443 ], [ -3.546244174133117, 40.381566855968963 ], [ -3.546614184110796, 40.381216845401482 ], [ -3.546984194088475, 40.380866834834002 ], [ -3.547354204066154, 40.380516824266522 ], [ -3.547724214043833, 40.380166813699041 ], [ -3.548094224021512, 40.379816803131561 ], [ -3.54823422779685, 40.379676798904569 ], [ -3.549704267437899, 40.378256756030794 ], [ -3.550054276876244, 40.377896745161387 ], [ -3.550394286044922, 40.377526733990045 ], [ -3.5507342952136, 40.377156722818711 ], [ -3.551064304112611, 40.376786711647377 ], [ -3.551384312741955, 40.376406700174108 ], [ -3.551694321101632, 40.376026688700847 ], [ -3.551994329191642, 40.375636676925659 ], [ -3.552294337281652, 40.375246665150463 ], [ -3.552574344832328, 40.374856653375275 ], [ -3.552854352383004, 40.374456641298153 ], [ -3.553124359664013, 40.37405662922103 ], [ -3.553384366675355, 40.373656617143915 ], [ -3.553644373686697, 40.373256605066793 ], [ -3.553904380698039, 40.372846592687743 ], [ -3.554154387439714, 40.372436580308694 ], [ -3.554404394181389, 40.372026567929645 ], [ -3.554654400923064, 40.371616555550602 ], [ -3.554904407664739, 40.371206543171553 ], [ -3.555154414406414, 40.370796530792504 ], [ -3.555404421148089, 40.370386518413454 ], [ -3.555664428159431, 40.369986506336339 ], [ -3.555924435170773, 40.369586494259217 ], [ -3.556194442451782, 40.369186482182094 ], [ -3.556464449732791, 40.368786470104979 ], [ -3.556744457283467, 40.368386458027857 ], [ -3.55703446510381, 40.367996446252661 ], [ -3.557324472924153, 40.367606434477473 ], [ -3.557624481014163, 40.367216422702278 ], [ -3.55793448937384, 40.366836411229016 ], [ -3.558244497733517, 40.366456399755755 ], [ -3.558564506362861, 40.366076388282487 ], [ -3.558894515261872, 40.365706377111152 ], [ -3.55923452443055, 40.365336365939818 ], [ -3.559574533599228, 40.364966354768477 ], [ -3.559924543037573, 40.364606343899069 ], [ -3.560284552745585, 40.364246333029662 ], [ -3.560644562453597, 40.363896322462182 ], [ -3.561014572431276, 40.363546311894702 ], [ -3.561394582678622, 40.363196301327221 ], [ -3.561774592925968, 40.362856291061675 ], [ -3.562164603442981, 40.362516280796122 ], [ -3.562564614229661, 40.362186270832495 ], [ -3.562964625016341, 40.361856260868869 ], [ -3.563364635803021, 40.36152625090525 ], [ -3.563774646859368, 40.361206241243551 ], [ -3.564184657915715, 40.360886231581858 ], [ -3.564594668972062, 40.360566221920159 ], [ -3.565004680028409, 40.360246212258467 ], [ -3.565224685961083, 40.360076207125687 ], [ -3.566124710231113, 40.360266212862321 ], [ -3.566694725602132, 40.360396216787386 ], [ -3.567404744748489, 40.36059622282594 ], [ -3.568084763085845, 40.360826229770289 ], [ -3.568814782771536, 40.361096237922347 ], [ -3.56933479679422, 40.361286243658974 ], [ -3.569794809198902, 40.361486249697535 ], [ -3.570164819176581, 40.361666255132242 ], [ -3.570414825918256, 40.361816259661161 ], [ -3.57413492623438, 40.364316335143158 ], [ -3.576224982594783, 40.365736378016933 ], [ -3.576744996617467, 40.366086388584414 ], [ -3.577005003628809, 40.366246393415267 ], [ -3.577405014415489, 40.366466400057682 ], [ -3.577675021696498, 40.36659640398274 ], [ -3.577945028977507, 40.366706407303951 ], [ -3.578265037606851, 40.366826410927089 ], [ -3.578545045157527, 40.366916413644439 ], [ -3.578915055135206, 40.367006416361789 ], [ -3.579285065112885, 40.367076418475285 ], [ -3.579645074820897, 40.367126419984928 ], [ -3.580105087225579, 40.367156420890709 ], [ -3.581595127405962, 40.367216422702278 ], [ -3.582515152215326, 40.367246423608066 ], [ -3.583325174058353, 40.367286424815774 ], [ -3.583805187002369, 40.367336426325416 ], [ -3.584325201025053, 40.367436429344693 ], [ -3.584895216396072, 40.367586433873619 ], [ -3.585255226104084, 40.367726438100611 ], [ -3.585595235272762, 40.367866442327596 ], [ -3.585945244711107, 40.368036447460376 ], [ -3.587725292711833, 40.368976475841606 ], [ -3.589395337746222, 40.369816501203559 ], [ -3.590755374420934, 40.370446520225023 ], [ -3.592255414870984, 40.371166541963838 ], [ -3.595665506827431, 40.372806591480028 ], [ -3.597425554288823, 40.373656617143915 ], [ -3.598405580716189, 40.37414663193838 ], [ -3.598665587727531, 40.374306636769234 ], [ -3.598825592042203, 40.374406639788511 ], [ -3.599015597165876, 40.374536643713576 ], [ -3.59923560309855, 40.374696648544422 ], [ -3.599515610649226, 40.374936655790698 ], [ -3.599775617660568, 40.375216664244682 ], [ -3.600005623862909, 40.375506673000594 ], [ -3.600205629256249, 40.375806682058432 ], [ -3.600705642739599, 40.376716709533881 ], [ -3.600515637615926, 40.376816712553158 ], [ -3.600325632492253, 40.376936716176296 ], [ -3.600165628177581, 40.377056719799434 ], [ -3.599985623323575, 40.377236725234134 ], [ -3.599685615233565, 40.377616736707402 ], [ -3.599525610918893, 40.377926746067168 ], [ -3.599425608222223, 40.378176753615371 ], [ -3.59933560579522, 40.378366759351998 ], [ -3.599265603907551, 40.37850676357899 ], [ -3.599185601750215, 40.378646767805982 ], [ -3.599105599592879, 40.378756771127193 ], [ -3.599025597435543, 40.378846773844543 ], [ -3.59893559500854, 40.378936776561893 ], [ -3.598775590693868, 40.379056780185032 ], [ -3.598615586379196, 40.379166783506243 ], [ -3.597825565075503, 40.379656798300715 ], [ -3.599515610649226, 40.382326878915485 ], [ -3.599595612806562, 40.382356879821273 ], [ -3.600155627907914, 40.382396881028981 ], [ -3.600565638964261, 40.382526884954046 ], [ -3.600845646514937, 40.382666889181039 ], [ -3.601055652177944, 40.382876895521527 ], [ -3.601165655144281, 40.38312690306973 ], [ -3.60113565433528, 40.383406911523714 ], [ -3.60083564624527, 40.383926927223968 ], [ -3.600875647323938, 40.38415693416831 ], [ -3.601075652717278, 40.384646948962782 ], [ -3.601385661076955, 40.385116963153401 ], [ -3.601725670245633, 40.385576977042085 ], [ -3.602355687234654, 40.386196995761622 ], [ -3.602885701527005, 40.386457003611753 ], [ -3.603045705841677, 40.386537006027176 ], [ -3.603495717976692, 40.386667009952241 ], [ -3.603755724988034, 40.386677010254168 ], [ -3.603925729572373, 40.386677010254168 ], [ -3.604155735774714, 40.386637009046453 ], [ -3.605275765977418, 40.385986989421134 ], [ -3.605575774067428, 40.386256997573192 ], [ -3.605675776764098, 40.386437003007899 ], [ -3.605785779730435, 40.386497004819461 ], [ -3.605895782696772, 40.386517005423322 ], [ -3.606015785932776, 40.386497004819461 ], [ -3.606185790517115, 40.386437003007899 ], [ -3.606385795910455, 40.386336999988615 ], [ -3.606505799146459, 40.386246997271265 ], [ -3.607075814517478, 40.386657009650314 ], [ -3.60763582961883, 40.387017020519721 ], [ -3.60813584310218, 40.387297028973705 ], [ -3.608585855237195, 40.387547036521902 ], [ -3.608395850113522, 40.387787043768178 ], [ -3.607765833124501, 40.388537066412773 ], [ -3.60733582152882, 40.389137084528457 ], [ -3.60693581074214, 40.389757103247995 ], [ -3.606465798067791, 40.390657130421509 ], [ -3.6057357783821, 40.392077173295284 ], [ -3.605555773528094, 40.392517186580122 ], [ -3.605525772719093, 40.39255718778783 ], [ -3.605405769483089, 40.392707192316749 ], [ -3.605095761123412, 40.393307210432432 ], [ -3.604545746291727, 40.394287240021377 ], [ -3.604315740089386, 40.394627250286931 ], [ -3.60413573523538, 40.394897258438981 ], [ -3.60393572984204, 40.395197267496826 ], [ -3.603575720134028, 40.395667281687437 ], [ -3.603525718785693, 40.395727283499006 ], [ -3.603275712044018, 40.396017292254918 ], [ -3.603055706111344, 40.396237298897333 ], [ -3.602715696942666, 40.396567308860959 ], [ -3.602295685616652, 40.396907319126512 ], [ -3.601905675099639, 40.397207328184351 ], [ -3.601325659458953, 40.397607340261473 ], [ -3.60043563545859, 40.398167357169442 ], [ -3.599885620626905, 40.398487366831134 ], [ -3.599385607143555, 40.398777375587045 ], [ -3.598895593929872, 40.399097385248744 ], [ -3.598475582603858, 40.399357393098875 ], [ -3.598065571547511, 40.399617400948998 ], [ -3.597585558603495, 40.399897409402982 ], [ -3.597005542962809, 40.400207418762754 ], [ -3.596445527861457, 40.400557429330235 ], [ -3.59593551410844, 40.400877438991927 ], [ -3.595065490647411, 40.401407454994114 ], [ -3.59483548444507, 40.401547459221106 ], [ -3.594545476624727, 40.401727464655806 ], [ -3.594055463411044, 40.402027473713645 ], [ -3.59383545747837, 40.402177478242571 ], [ -3.593585450736695, 40.40232748277149 ], [ -3.594205467456049, 40.402897499981385 ], [ -3.59443547365839, 40.403107506321874 ], [ -3.594595477973062, 40.403257510850793 ], [ -3.594915486602406, 40.403507518398989 ], [ -3.595125492265413, 40.403607521418273 ], [ -3.595375499007088, 40.403727525041404 ], [ -3.596165520310781, 40.40405753500503 ], [ -3.597625559682163, 40.404637552516853 ], [ -3.598005569929509, 40.404107536514672 ], [ -3.598345579098187, 40.403647522625981 ], [ -3.598445581794857, 40.403537519304777 ], [ -3.598585585570195, 40.403387514775858 ], [ -3.598925594738873, 40.403077505416086 ], [ -3.599365606604221, 40.402737495150532 ], [ -3.599765617390901, 40.402437486092694 ], [ -3.600285631413585, 40.402777496358247 ], [ -3.600685642200265, 40.402777496358247 ], [ -3.60133565972862, 40.402717494546678 ], [ -3.601455662964624, 40.402727494848605 ], [ -3.601685669166965, 40.402737495150532 ], [ -3.602055679144644, 40.402807497264028 ], [ -3.602345686964987, 40.402837498169816 ], [ -3.602405688582989, 40.402817497565962 ], [ -3.602455689931324, 40.402787496660174 ], [ -3.602495691009992, 40.402727494848605 ], [ -3.602505691279659, 40.402687493640897 ], [ -3.602425689122323, 40.402577490319686 ], [ -3.602255684537984, 40.402477487300409 ], [ -3.601795672133302, 40.402237480054133 ], [ -3.601485663773625, 40.402077475223287 ], [ -3.601145654604947, 40.401897469788587 ], [ -3.600675641930598, 40.40165746254231 ], [ -3.600775644627268, 40.401527458617245 ], [ -3.601705669706299, 40.400217419064681 ], [ -3.601825672942303, 40.400147416951185 ], [ -3.602095680223312, 40.40019741846082 ], [ -3.602735697482, 40.40027742087625 ], [ -3.602985704223675, 40.400317422083958 ], [ -3.603075706650678, 40.400317422083958 ], [ -3.603185709617015, 40.400317422083958 ], [ -3.603395715280022, 40.400317422083958 ], [ -3.603655722291364, 40.400317422083958 ], [ -3.603865727954371, 40.400317422083958 ], [ -3.604165736044381, 40.400307421782031 ], [ -3.604375741707388, 40.400317422083958 ], [ -3.604625748449063, 40.400317422083958 ], [ -3.604975757887408, 40.400327422385885 ], [ -3.605055760044744, 40.400337422687812 ], [ -3.605905782966439, 40.400537428726373 ], [ -3.606305793753119, 40.400647432047585 ], [ -3.606495798876792, 40.400187418158893 ], [ -3.60663580265213, 40.399807406685632 ], [ -3.606675803730798, 40.399777405779851 ], [ -3.607195817753482, 40.399947410912624 ], [ -3.607875836090838, 40.400217419064681 ], [ -3.608865862787871, 40.400637431745658 ], [ -3.611755940721634, 40.401827467675091 ], [ -3.61183594287897, 40.401857468580872 ], [ -3.611865943687971, 40.401867468882799 ], [ -3.612305955553319, 40.402027473713645 ], [ -3.613665992228031, 40.402407485186913 ], [ -3.614496014610392, 40.40267749333897 ], [ -3.61493602647574, 40.402827497867889 ], [ -3.615376038341088, 40.402917500585239 ], [ -3.615886052094105, 40.402957501792955 ], [ -3.616546069892127, 40.402977502396809 ], [ -3.616766075824801, 40.403407515379712 ], [ -3.616826077442803, 40.40352751900285 ], [ -3.616876078791138, 40.403657522927915 ], [ -3.616996082027142, 40.403947531683826 ], [ -3.617076084184478, 40.404187538930096 ], [ -3.617156086341814, 40.404537549497576 ], [ -3.617186087150815, 40.404967562480479 ], [ -3.617156086341814, 40.405277571840244 ], [ -3.617056083645144, 40.405607581803871 ], [ -3.617926107106173, 40.405647583011586 ], [ -3.618676127331198, 40.405677583917367 ], [ -3.619586151870895, 40.405777586936651 ], [ -3.620586178837595, 40.405877589955928 ], [ -3.623946269445707, 40.406177599013766 ], [ -3.623956269715374, 40.406187599315693 ], [ -3.62393626917604, 40.406217600221481 ], [ -3.62033617209592, 40.413087807646015 ], [ -3.620176167781248, 40.413347815496145 ], [ -3.620106165893579, 40.413457818817349 ], [ -3.620076165084578, 40.413507820326991 ], [ -3.62003616400591, 40.41356782213856 ], [ -3.619966162118241, 40.413677825459764 ], [ -3.619886159960905, 40.413787828780976 ], [ -3.619806157803569, 40.413897832102187 ], [ -3.619746156185567, 40.413967834215683 ], [ -3.619676154297898, 40.414047836631106 ], [ -3.619486149174225, 40.414257842971594 ], [ -3.618996135960542, 40.414687855954497 ], [ -3.618746129218867, 40.414887861993058 ], [ -3.618576124634528, 40.41500786561619 ], [ -3.618396119780522, 40.415107868635474 ], [ -3.618226115196183, 40.415207871654751 ], [ -3.618156113308514, 40.415247872862466 ], [ -3.61803611007251, 40.415307874674035 ], [ -3.617956107915174, 40.415347875881743 ], [ -3.6177361019825, 40.415437878599093 ], [ -3.617456094431824, 40.415547881920304 ], [ -3.613915998969706, 40.416937923888298 ], [ -3.610785914563935, 40.417887952571455 ], [ -3.610275900810918, 40.413107808249869 ], [ -3.608475852270858, 40.412667794965039 ], [ -3.607925837439173, 40.4125477913419 ], [ -3.607295820450152, 40.412427787718769 ], [ -3.606675803730798, 40.412327784699485 ], [ -3.60583578107877, 40.412207781076354 ], [ -3.603415715819356, 40.411887771414655 ], [ -3.601925675638973, 40.411677765074167 ], [ -3.599605613076229, 40.411277752997044 ], [ -3.598175574513848, 40.411007744844994 ], [ -3.595855511951104, 40.410507729748595 ], [ -3.594885485793405, 40.410267722502319 ], [ -3.593485448040025, 40.409897711330984 ], [ -3.59233541702832, 40.409567701367358 ], [ -3.591305389252619, 40.40926769230952 ], [ -3.589515340982226, 40.408687674797697 ], [ -3.588625316981863, 40.408377665437925 ], [ -3.588425311588523, 40.408867680232397 ], [ -3.588315308622186, 40.409127688082528 ], [ -3.588185305116515, 40.409337694423016 ], [ -3.588005300262509, 40.409587701971219 ], [ -3.587095275722812, 40.410647733975587 ], [ -3.58623525253145, 40.411627763564525 ], [ -3.58503522017141, 40.412997804928665 ], [ -3.584455204530724, 40.413647824553983 ], [ -3.584195197519382, 40.413967834215683 ], [ -3.584015192665376, 40.414207841461952 ], [ -3.583795186732702, 40.414557852029432 ], [ -3.583625182148363, 40.414837860483416 ], [ -3.583475178103358, 40.415097868333547 ], [ -3.58333517432802, 40.415337875579816 ], [ -3.583205170822349, 40.415587883128019 ], [ -3.58313516893468, 40.415747887958865 ], [ -3.583095167856012, 40.415867891581996 ], [ -3.583055166777344, 40.415987895205134 ], [ -3.58303516623801, 40.416097898526345 ], [ -3.583015165698676, 40.416237902753338 ], [ -3.583005165429009, 40.416397907584184 ], [ -3.582995165159342, 40.416537911811176 ], [ -3.582975164620008, 40.417037926907575 ], [ -3.582955164080674, 40.417537942003975 ], [ -3.582945163811007, 40.417687946532894 ], [ -3.582925163271673, 40.417827950759886 ], [ -3.582905162732339, 40.417987955590739 ], [ -3.582885162193005, 40.418097958911943 ], [ -3.582845161114337, 40.418247963440862 ], [ -3.582795159766002, 40.418407968271708 ], [ -3.582735158148, 40.418577973404489 ], [ -3.582655155990664, 40.418757978839189 ], [ -3.582555153293994, 40.418937984273896 ], [ -3.582185143316315, 40.419618004805002 ], [ -3.581925136304973, 40.420078018693687 ], [ -3.581715130641966, 40.420448029865021 ], [ -3.581605127675629, 40.420628035299728 ], [ -3.581165115810281, 40.42126805462312 ], [ -3.5807351042146, 40.421898073644584 ], [ -3.580295092349252, 40.422528092666049 ], [ -3.579745077517567, 40.423308116216432 ], [ -3.579415068618556, 40.42375812980319 ], [ -3.578685048932865, 40.424598155165143 ], [ -3.578345039764187, 40.424978166638411 ], [ -3.578115033561846, 40.425248174790461 ], [ -3.577955029247174, 40.425458181130949 ], [ -3.577825025741503, 40.425678187773364 ], [ -3.577725023044833, 40.425878193811926 ], [ -3.577655021157164, 40.426038198642779 ], [ -3.577485016572825, 40.426008197736991 ], [ -3.575254956437084, 40.42556818445216 ], [ -3.575794970999102, 40.424708158486354 ], [ -3.576004976662109, 40.4243681482208 ], [ -3.57613498016778, 40.424148141578385 ], [ -3.576264983673451, 40.423898134030182 ], [ -3.576354986100454, 40.423698127991621 ], [ -3.57643498825779, 40.423508122254994 ], [ -3.576594992572462, 40.42299810685666 ], [ -3.576704995538799, 40.422608095081472 ], [ -3.576774997426468, 40.422288085419773 ], [ -3.57683499904447, 40.421988076361934 ], [ -3.576965002550141, 40.421628065492527 ], [ -3.577165007943481, 40.421218053113478 ], [ -3.577305011718819, 40.420998046471063 ], [ -3.577645020887497, 40.420258024128394 ], [ -3.578305038685519, 40.419257993935588 ], [ -3.578425041921523, 40.419027986991246 ], [ -3.578625047314863, 40.418637975216058 ], [ -3.578795051899202, 40.418307965252431 ], [ -3.579145061337547, 40.417857951665674 ], [ -3.57953507185456, 40.417337935965413 ], [ -3.578055031943844, 40.414987865012336 ], [ -3.578185035449515, 40.414837860483416 ], [ -3.57763502061783, 40.41365782485591 ], [ -3.576284984212785, 40.413117808551803 ] ] ] } },
{ "type": "Feature", "properties": { "id_barrio": "03031", "nombre_barrio": "Pacífico", "nombre_distrito": "Retiro", "area_km2": 0.759, "distancia_centro_km": 2.595, "lat_c": 40.403207985090987, "lon_c": -3.6787864532949346 }, "geometry": { "type": "Polygon", "coordinates": [ [ [ -3.676797694635802, 40.398947380719825 ], [ -3.679047755310877, 40.400787436274577 ], [ -3.679607770412229, 40.401027443520846 ], [ -3.67963777122123, 40.401047444124707 ], [ -3.680077783086578, 40.401327452578684 ], [ -3.680607797378929, 40.401577460126887 ], [ -3.681207813558949, 40.401857468580872 ], [ -3.682067836750311, 40.402257480657994 ], [ -3.682287842682985, 40.402357483677271 ], [ -3.682367844840321, 40.402337483073417 ], [ -3.682457847267324, 40.402337483073417 ], [ -3.682507848615659, 40.402347483375344 ], [ -3.682517848885326, 40.402347483375344 ], [ -3.682597851042662, 40.402377484281125 ], [ -3.68463790605473, 40.403207509341151 ], [ -3.684667906863731, 40.403217509643078 ], [ -3.686697961606132, 40.404627552214926 ], [ -3.687787990999835, 40.405617582105798 ], [ -3.688618013382196, 40.406377605052327 ], [ -3.688858019854204, 40.406537609883173 ], [ -3.688778017696868, 40.406667613808239 ], [ -3.688608013112529, 40.406987623469938 ], [ -3.687257976707484, 40.406577611090889 ], [ -3.686497956212792, 40.406427606561969 ], [ -3.686217948662116, 40.406387605354254 ], [ -3.68593794111144, 40.406377605052327 ], [ -3.685597931942762, 40.406397605656181 ], [ -3.685307924122419, 40.406437606863896 ], [ -3.683417873155356, 40.406737615921735 ], [ -3.682007835132309, 40.40695762256415 ], [ -3.680017781468576, 40.40730763313163 ], [ -3.678817749108536, 40.407497638868264 ], [ -3.677547714860827, 40.407417636452841 ], [ -3.675277653646418, 40.407207630112353 ], [ -3.675077648253078, 40.407187629508499 ], [ -3.673817614275036, 40.407067625885361 ], [ -3.672267572476651, 40.406907621054515 ], [ -3.670217517194916, 40.406657613506312 ], [ -3.67023751773425, 40.406527609581246 ], [ -3.670267518543251, 40.406387605354254 ], [ -3.67033752043092, 40.406267601731116 ], [ -3.67043752312759, 40.406117597202197 ], [ -3.670547526093927, 40.405987593277139 ], [ -3.670697530138932, 40.405817588144359 ], [ -3.670797532835602, 40.405717585125082 ], [ -3.670897535532272, 40.405607581803871 ], [ -3.671007538498609, 40.405477577878806 ], [ -3.672167569779981, 40.404197539232023 ], [ -3.672447577330657, 40.403887529872257 ], [ -3.673047593510677, 40.403207509341151 ], [ -3.673917616971706, 40.402277481261848 ], [ -3.67483764178107, 40.401297451672903 ], [ -3.675927671174773, 40.399997412422266 ], [ -3.676797694635802, 40.398947380719825 ] ] ] } },
{ "type": "Feature", "properties": { "id_barrio": "14146", "nombre_barrio": "Vinateros", "nombre_distrito": "Moratalaz", "area_km2": 0.595, "distancia_centro_km": 5.16, "lat_c": 40.405342880455024, "lon_c": -3.6446363110053319 }, "geometry": { "type": "Polygon", "coordinates": [ [ [ -3.634286548281385, 40.403757525947192 ], [ -3.634846563382737, 40.402897499981385 ], [ -3.636166598978781, 40.40095744140735 ], [ -3.636476607338458, 40.401057444426634 ], [ -3.637786642664835, 40.401597460730741 ], [ -3.638476661271858, 40.401877469184726 ], [ -3.63893667367654, 40.402077475223287 ], [ -3.639596691474562, 40.402347483375344 ], [ -3.639996702261242, 40.402477487300409 ], [ -3.640096704957912, 40.402497487904263 ], [ -3.640246709002917, 40.402527488810044 ], [ -3.640516716283926, 40.402557489715832 ], [ -3.640876725991938, 40.402557489715832 ], [ -3.641266736508951, 40.402547489413905 ], [ -3.641776750261968, 40.402577490319686 ], [ -3.642226762396983, 40.402657492735109 ], [ -3.642806778037669, 40.40285749877367 ], [ -3.643166787745681, 40.403007503302589 ], [ -3.643846806083037, 40.40326751115272 ], [ -3.644226816330383, 40.403417515681639 ], [ -3.644346819566387, 40.403507518398989 ], [ -3.644406821184389, 40.403567520210558 ], [ -3.646326872960453, 40.403627522022127 ], [ -3.646666882129131, 40.403657522927915 ], [ -3.647086893455145, 40.403737525343338 ], [ -3.647476903972158, 40.403857528966469 ], [ -3.64753690559016, 40.40387752957033 ], [ -3.647746911253167, 40.403947531683826 ], [ -3.647796912601502, 40.40396753228768 ], [ -3.648056919612844, 40.404087535910818 ], [ -3.648126921500513, 40.404117536816599 ], [ -3.648256925006184, 40.404167538326242 ], [ -3.648316926624186, 40.404197539232023 ], [ -3.649156949276214, 40.404577550705291 ], [ -3.649506958714559, 40.404737555536137 ], [ -3.650566987299261, 40.405217570028682 ], [ -3.650826994310603, 40.405357574255675 ], [ -3.65103699997361, 40.405727585427009 ], [ -3.649066946849211, 40.4065476101851 ], [ -3.647826913410503, 40.407067625885361 ], [ -3.647746911253167, 40.407097626791142 ], [ -3.64583685974677, 40.407907651247314 ], [ -3.643716802577366, 40.40876767721312 ], [ -3.643246789903017, 40.408957682949755 ], [ -3.641706748374299, 40.409577701669285 ], [ -3.64123673569995, 40.409827709217488 ], [ -3.641156733542614, 40.409737706500138 ], [ -3.640916727070606, 40.409487698951935 ], [ -3.64063671951993, 40.409127688082528 ], [ -3.640626719250263, 40.409117687780601 ], [ -3.640246709002917, 40.408527669966844 ], [ -3.640216708193916, 40.408467668155282 ], [ -3.640076704418578, 40.408167659097437 ], [ -3.639776696328568, 40.407527639774045 ], [ -3.63953668985656, 40.407027624677646 ], [ -3.63943668715989, 40.406207599919554 ], [ -3.639396686081222, 40.405877589955928 ], [ -3.639276682845218, 40.405917591163643 ], [ -3.639026676103543, 40.405997593579066 ], [ -3.638706667474199, 40.405587581200017 ], [ -3.638496661811192, 40.405327573349886 ], [ -3.638196653721182, 40.40499756338626 ], [ -3.63763663861983, 40.404527549195649 ], [ -3.637186626484815, 40.404237540439738 ], [ -3.636646611922797, 40.403997533193461 ], [ -3.636386604911455, 40.403917530778038 ], [ -3.636146598439447, 40.403857528966469 ], [ -3.635826589810103, 40.4037975271549 ], [ -3.635496580911092, 40.403767526249119 ], [ -3.635166572012081, 40.403757525947192 ], [ -3.634716559877066, 40.403757525947192 ], [ -3.634286548281385, 40.403757525947192 ] ] ] } },
{ "type": "Feature", "properties": { "id_barrio": "02021", "nombre_barrio": "Imperial", "nombre_distrito": "Arganzuela", "area_km2": 0.967, "distancia_centro_km": 1.621, "lat_c": 40.40693300492751, "lon_c": -3.7174338028871974 }, "geometry": { "type": "Polygon", "coordinates": [ [ [ -3.714898722067072, 40.39966740245864 ], [ -3.715898749033772, 40.399917410006843 ], [ -3.716418763056456, 40.399987412120339 ], [ -3.716768772494801, 40.399997412422266 ], [ -3.717068780584811, 40.399977411818405 ], [ -3.717308787056819, 40.399957411214551 ], [ -3.718958831551874, 40.399827407289486 ], [ -3.718998832630542, 40.399827407289486 ], [ -3.719308840990219, 40.399837407591413 ], [ -3.719728852316233, 40.399897409402982 ], [ -3.719978859057908, 40.399947410912624 ], [ -3.72033886876592, 40.400087415139616 ], [ -3.721118889799946, 40.400517428122519 ], [ -3.721698905440632, 40.400947441105423 ], [ -3.721828908946303, 40.401147447143984 ], [ -3.72193891191264, 40.401327452578684 ], [ -3.722208919193649, 40.401957471600149 ], [ -3.72223892000265, 40.40206747492136 ], [ -3.722388924047655, 40.402557489715832 ], [ -3.722568928901661, 40.403777526551046 ], [ -3.722648931058997, 40.404177538628169 ], [ -3.722718932946666, 40.404547549799503 ], [ -3.722738933486, 40.405217570028682 ], [ -3.722648931058997, 40.405827588446286 ], [ -3.722368923508321, 40.406747616223662 ], [ -3.722258920541984, 40.407057625583434 ], [ -3.722218919463316, 40.407177629206565 ], [ -3.721808908406969, 40.408517669664917 ], [ -3.722598929710662, 40.411387756318256 ], [ -3.722748933755667, 40.411717766281882 ], [ -3.722858936722004, 40.411907772018509 ], [ -3.722888937531005, 40.411977774132005 ], [ -3.722908938070339, 40.41201777533972 ], [ -3.722918938340006, 40.4123677859072 ], [ -3.722918938340006, 40.412377786209127 ], [ -3.722958939418674, 40.413987834819537 ], [ -3.720498873080592, 40.413947833611822 ], [ -3.71963884988923, 40.413937833309895 ], [ -3.719428844226223, 40.413937833309895 ], [ -3.71693877707914, 40.413917832706041 ], [ -3.717848801618837, 40.412077777151289 ], [ -3.71833881483252, 40.411117748166198 ], [ -3.716768772494801, 40.408707675401551 ], [ -3.715228730966083, 40.408087656682014 ], [ -3.713688689437365, 40.407447637358622 ], [ -3.712048645211977, 40.406747616223662 ], [ -3.711678635234298, 40.406667613808239 ], [ -3.712548658695327, 40.404747555838064 ], [ -3.713218676763016, 40.403317512662362 ], [ -3.714368707774721, 40.400887439293854 ], [ -3.714898722067072, 40.39966740245864 ] ] ] } },
{ "type": "Feature", "properties": { "id_barrio": "10102", "nombre_barrio": "Puerta del Ángel", "nombre_distrito": "Latina", "area_km2": 1.377, "distancia_centro_km": 2.468, "lat_c": 40.410189712279269, "lon_c": -3.7312395467927164 }, "geometry": { "type": "Polygon", "coordinates": [ [ [ -3.721808908406969, 40.408517669664917 ], [ -3.721818908676636, 40.40850766936299 ], [ -3.722218919463316, 40.408537670268778 ], [ -3.72253892809266, 40.408557670872632 ], [ -3.723478953441358, 40.408717675703478 ], [ -3.723748960722367, 40.408737676307332 ], [ -3.723868963958371, 40.408747676609266 ], [ -3.724168972048381, 40.408747676609266 ], [ -3.724498980947392, 40.408747676609266 ], [ -3.724678985801398, 40.408737676307332 ], [ -3.724988994161075, 40.408687674797697 ], [ -3.725219000363416, 40.408657673891909 ], [ -3.725899018700772, 40.40774764641646 ], [ -3.726129024903113, 40.407537640075972 ], [ -3.726459033802124, 40.407337634037418 ], [ -3.726749041622467, 40.407207630112353 ], [ -3.72713905213948, 40.407087626489215 ], [ -3.728669093398531, 40.406787617431377 ], [ -3.730189134387915, 40.406477608071604 ], [ -3.730489142477925, 40.406407605958108 ], [ -3.730599145444262, 40.4063676047504 ], [ -3.731969182388641, 40.405587581200017 ], [ -3.732829205580003, 40.405087566103617 ], [ -3.732909207737339, 40.405047564895902 ], [ -3.733129213670013, 40.404927561272764 ], [ -3.734359246839054, 40.404307542553234 ], [ -3.734649254659397, 40.404177538628169 ], [ -3.734959263019074, 40.404067535306957 ], [ -3.735419275423756, 40.403947531683826 ], [ -3.735869287558771, 40.403867529268396 ], [ -3.736199296457782, 40.403837528362615 ], [ -3.736449303199457, 40.403827528060688 ], [ -3.73683931371647, 40.403847528664542 ], [ -3.737149322076147, 40.40387752957033 ], [ -3.737959343919174, 40.404027534099249 ], [ -3.739099374661212, 40.404247540741665 ], [ -3.739729391650233, 40.404347543760942 ], [ -3.74033940809992, 40.404407545572511 ], [ -3.741049427246277, 40.404457547082153 ], [ -3.742309461224319, 40.404507548591795 ], [ -3.742299460954652, 40.404707554630349 ], [ -3.742279460415318, 40.405107566707471 ], [ -3.742269460145651, 40.405387575161456 ], [ -3.742269460145651, 40.405427576369171 ], [ -3.742219458797316, 40.405537579690375 ], [ -3.742179457718648, 40.405627582407725 ], [ -3.742169457448981, 40.405637582709659 ], [ -3.742089455291645, 40.405747586030863 ], [ -3.741979452325308, 40.405897590559782 ], [ -3.74193945124664, 40.406007593880993 ], [ -3.741849448819637, 40.406287602334977 ], [ -3.741759446392634, 40.406937621960296 ], [ -3.741659443695964, 40.407547640377906 ], [ -3.741419437223956, 40.408487668759136 ], [ -3.741329434796953, 40.408637673288055 ], [ -3.741079428055278, 40.408957682949755 ], [ -3.741859449089304, 40.409207690497951 ], [ -3.738529359290193, 40.411057746354629 ], [ -3.737919342840506, 40.411467758733679 ], [ -3.734179241985048, 40.412797798890104 ], [ -3.732799204771002, 40.413287813684576 ], [ -3.729579117938228, 40.414437848406294 ], [ -3.726219027330116, 40.415667885543442 ], [ -3.724858990655404, 40.416167900639842 ], [ -3.722378923777988, 40.41716793083264 ], [ -3.722848936452337, 40.415327875277889 ], [ -3.722948939149007, 40.413987834819537 ], [ -3.722918938340006, 40.412377786209127 ], [ -3.722918938340006, 40.4123677859072 ], [ -3.722908938070339, 40.41201777533972 ], [ -3.722888937531005, 40.411977774132005 ], [ -3.722858936722004, 40.411907772018509 ], [ -3.722748933755667, 40.411717766281882 ], [ -3.722598929710662, 40.411387756318256 ], [ -3.721808908406969, 40.408517669664917 ] ] ] } },
{ "type": "Feature", "properties": { "id_barrio": "14144", "nombre_barrio": "Media Legua", "nombre_distrito": "Moratalaz", "area_km2": 0.998, "distancia_centro_km": 3.981, "lat_c": 40.411951667306752, "lon_c": -3.6570695419239798 }, "geometry": { "type": "Polygon", "coordinates": [ [ [ -3.65103699997361, 40.405727585427009 ], [ -3.651247005636617, 40.40566758361544 ], [ -3.65133700806362, 40.405647583011586 ], [ -3.651597015074962, 40.405627582407725 ], [ -3.651817021007636, 40.405617582105798 ], [ -3.651847021816637, 40.405617582105798 ], [ -3.651967025052641, 40.405617582105798 ], [ -3.652457038266324, 40.405617582105798 ], [ -3.652587041771995, 40.405637582709659 ], [ -3.653127056334013, 40.405707584823155 ], [ -3.653647070356697, 40.405797587540505 ], [ -3.653877076559038, 40.405857589352074 ], [ -3.654097082491712, 40.405907590861709 ], [ -3.654687098402065, 40.406057595390635 ], [ -3.655057108379744, 40.406177599013766 ], [ -3.655127110267413, 40.40619759961762 ], [ -3.655177111615748, 40.406217600221481 ], [ -3.655347116200087, 40.40627760203305 ], [ -3.655697125638432, 40.406387605354254 ], [ -3.656297141818452, 40.406567610788962 ], [ -3.656697152605132, 40.406647613204385 ], [ -3.656977160155808, 40.406707615015954 ], [ -3.657667178762831, 40.406827618639085 ], [ -3.658427199257523, 40.407017624375719 ], [ -3.658997214628542, 40.407187629508499 ], [ -3.65943722649389, 40.407297632829703 ], [ -3.660497255078592, 40.407557640679833 ], [ -3.661987295258975, 40.407957652756949 ], [ -3.664097352158712, 40.408527669966844 ], [ -3.663767343259701, 40.40917768959217 ], [ -3.663397333282022, 40.409907711632911 ], [ -3.662927320607673, 40.410967743637279 ], [ -3.662547310360327, 40.41157776205489 ], [ -3.662497309011992, 40.411647764168386 ], [ -3.661487281775625, 40.413247812476861 ], [ -3.661167273146281, 40.413767828177122 ], [ -3.661057270179944, 40.413937833309895 ], [ -3.660587257505595, 40.414697856256424 ], [ -3.659447226763557, 40.416547912113103 ], [ -3.658977214089208, 40.417447939286625 ], [ -3.658697206538532, 40.418667976121839 ], [ -3.656297141818452, 40.418047957402301 ], [ -3.654017080334376, 40.417447939286625 ], [ -3.65013697570358, 40.416107898828272 ], [ -3.650266979209251, 40.415847890978142 ], [ -3.650396982714922, 40.415697886449223 ], [ -3.651567014265961, 40.414577852633286 ], [ -3.652787047165335, 40.413427817911568 ], [ -3.652877049592338, 40.413337815194218 ], [ -3.653947078446707, 40.4123677859072 ], [ -3.653807074671369, 40.412337785001412 ], [ -3.653677071165698, 40.412307784095631 ], [ -3.653577068469028, 40.412287783491777 ], [ -3.653547067660027, 40.41227778318985 ], [ -3.653387063345355, 40.412257782585989 ], [ -3.653177057682348, 40.412247782284062 ], [ -3.653067054716011, 40.412247782284062 ], [ -3.652977052289008, 40.412247782284062 ], [ -3.652317034490986, 40.412257782585989 ], [ -3.651687017501965, 40.412287783491777 ], [ -3.652387036378655, 40.410607732767872 ], [ -3.652487039075325, 40.410387726125457 ], [ -3.652557040962994, 40.410237721596538 ], [ -3.652567041232661, 40.410217720992677 ], [ -3.653047054176677, 40.409037685365178 ], [ -3.653087055255345, 40.408907681440112 ], [ -3.653087055255345, 40.408837679326616 ], [ -3.653067054716011, 40.408757676911193 ], [ -3.65303705390701, 40.408687674797697 ], [ -3.652787047165335, 40.408227660909006 ], [ -3.652527040153993, 40.407797647926103 ], [ -3.652097028558312, 40.407197629810426 ], [ -3.651607015344629, 40.406557610487035 ], [ -3.651577014535628, 40.406507608977392 ], [ -3.651287006715285, 40.406087596296416 ], [ -3.65103699997361, 40.405727585427009 ] ] ] } },
{ "type": "Feature", "properties": { "id_barrio": "14142", "nombre_barrio": "Horcajo", "nombre_distrito": "Moratalaz", "area_km2": 0.744, "distancia_centro_km": 6.578, "lat_c": 40.408424607201141, "lon_c": -3.6268123110279795 }, "geometry": { "type": "Polygon", "coordinates": [ [ [ -3.620366172904921, 40.413087807646015 ], [ -3.62393626917604, 40.406217600221481 ], [ -3.623946269445707, 40.406177599013766 ], [ -3.625276305311418, 40.403657522927915 ], [ -3.626226330929783, 40.403977532589607 ], [ -3.6267363446828, 40.404227540137811 ], [ -3.626886348727805, 40.404327543157088 ], [ -3.626956350615474, 40.404367544364803 ], [ -3.626996351694142, 40.404397545270584 ], [ -3.627266358975151, 40.404237540439738 ], [ -3.62763636895283, 40.40396753228768 ], [ -3.627876375424838, 40.403767526249119 ], [ -3.627926376773173, 40.4037975271549 ], [ -3.628016379200176, 40.403827528060688 ], [ -3.628026379469843, 40.403827528060688 ], [ -3.628116381896846, 40.403847528664542 ], [ -3.628206384323849, 40.403857528966469 ], [ -3.629246412369217, 40.403847528664542 ], [ -3.631586475471295, 40.403827528060688 ], [ -3.632266493808651, 40.403817527758761 ], [ -3.634286548281385, 40.403757525947192 ], [ -3.633896537764372, 40.404367544364803 ], [ -3.633656531292364, 40.404717554932283 ], [ -3.633476526438358, 40.404957562178552 ], [ -3.633266520775351, 40.405217570028682 ], [ -3.633086515921345, 40.405417576067236 ], [ -3.632826508910003, 40.405687584219294 ], [ -3.632476499471658, 40.406067595692562 ], [ -3.632176491381648, 40.406437606863896 ], [ -3.631706478707299, 40.407037624979573 ], [ -3.631266466841951, 40.407627642793329 ], [ -3.630426444189923, 40.40917768959217 ], [ -3.629696424504232, 40.410517730050522 ], [ -3.627596367874162, 40.414377846594725 ], [ -3.626706343873799, 40.41406783723496 ], [ -3.625656315558764, 40.413707826365552 ], [ -3.625086300187745, 40.413537821232772 ], [ -3.624246277535717, 40.413347815496145 ], [ -3.623316252456686, 40.413187810665299 ], [ -3.622486230074325, 40.413107808249869 ], [ -3.622166221444981, 40.413087807646015 ], [ -3.621816212006636, 40.413077807344088 ], [ -3.621376200141288, 40.413067807042161 ], [ -3.620366172904921, 40.413087807646015 ] ] ] } },
{ "type": "Feature", "properties": { "id_barrio": "01012", "nombre_barrio": "Embajadores", "nombre_distrito": "Centro", "area_km2": 1.034, "distancia_centro_km": 0.838, "lat_c": 40.409556292410613, "lon_c": -3.7015325026231856 }, "geometry": { "type": "Polygon", "coordinates": [ [ [ -3.703928426242373, 40.414307844481229 ], [ -3.703918425972706, 40.414297844179302 ], [ -3.702848397118337, 40.413917832706041 ], [ -3.701518361252626, 40.413447818515422 ], [ -3.700008320532909, 40.412827799795885 ], [ -3.699018293835876, 40.412317784397558 ], [ -3.698618283049196, 40.412127778660924 ], [ -3.696798233969802, 40.411187750279694 ], [ -3.695748205654767, 40.410667734579441 ], [ -3.694058160081044, 40.409937712538692 ], [ -3.69193810291164, 40.409087686874813 ], [ -3.692028105338643, 40.408697675099624 ], [ -3.691858100754304, 40.408437667249494 ], [ -3.692568119900661, 40.408007654266591 ], [ -3.69283812718167, 40.407777647322249 ], [ -3.692968130687341, 40.407617642491402 ], [ -3.693008131766009, 40.40756764098176 ], [ -3.693158135811014, 40.407347634339345 ], [ -3.693198136889682, 40.407197629810426 ], [ -3.693228137698683, 40.406987623469938 ], [ -3.693678149833698, 40.40712762769693 ], [ -3.693848154418037, 40.407257631621995 ], [ -3.693898155766372, 40.407287632527776 ], [ -3.693958157384374, 40.407297632829703 ], [ -3.694098161159712, 40.407277632225849 ], [ -3.695278192980418, 40.40695762256415 ], [ -3.695398196216422, 40.406997623771865 ], [ -3.697858262554504, 40.406347604146546 ], [ -3.697928264442173, 40.406327603542685 ], [ -3.699358303004554, 40.40592759146557 ], [ -3.700058321881244, 40.405737585728936 ], [ -3.700958346151274, 40.405507578784594 ], [ -3.700978346690608, 40.405507578784594 ], [ -3.702548389028327, 40.405067565499756 ], [ -3.702968400354341, 40.405057565197829 ], [ -3.703878424894038, 40.405187569122894 ], [ -3.706498495546792, 40.40566758361544 ], [ -3.707088511457145, 40.405787587238578 ], [ -3.708398546783522, 40.406057595390635 ], [ -3.709528577255893, 40.406267601731116 ], [ -3.709908587503239, 40.406317603240758 ], [ -3.711278624447618, 40.4065476101851 ], [ -3.711678635234298, 40.406657613506312 ], [ -3.711048618245277, 40.407997653964664 ], [ -3.710228596132583, 40.409017684761317 ], [ -3.710098592626912, 40.409167689290243 ], [ -3.709148567008547, 40.41037772582353 ], [ -3.708478548940858, 40.41116774967584 ], [ -3.708428547592523, 40.41125775239319 ], [ -3.708228542199183, 40.411437757827898 ], [ -3.70753852359216, 40.412787798588177 ], [ -3.707428520625823, 40.413337815194218 ], [ -3.707478521974158, 40.413527820930845 ], [ -3.707388519547155, 40.413637824252056 ], [ -3.70633849123212, 40.413967834215683 ], [ -3.706078484220778, 40.413997835121464 ], [ -3.705558470198094, 40.41397783451761 ], [ -3.704928453209073, 40.413937833309895 ], [ -3.704818450242736, 40.413937833309895 ], [ -3.704728447815733, 40.413947833611822 ], [ -3.704618444849396, 40.413987834819537 ], [ -3.703928426242373, 40.414307844481229 ] ] ] } },
{ "type": "Feature", "properties": { "id_barrio": "14143", "nombre_barrio": "Marroquina", "nombre_distrito": "Moratalaz", "area_km2": 1.79, "distancia_centro_km": 5.336, "lat_c": 40.410054131666094, "lon_c": -3.6412872176806963 }, "geometry": { "type": "Polygon", "coordinates": [ [ [ -3.627586367604495, 40.414377846594725 ], [ -3.629696424504232, 40.410517730050522 ], [ -3.630426444189923, 40.40917768959217 ], [ -3.631266466841951, 40.407627642793329 ], [ -3.631706478707299, 40.407037624979573 ], [ -3.632176491381648, 40.406437606863896 ], [ -3.632476499471658, 40.406067595692562 ], [ -3.632826508910003, 40.405687584219294 ], [ -3.633086515921345, 40.405417576067236 ], [ -3.633266520775351, 40.405217570028682 ], [ -3.633476526438358, 40.404957562178552 ], [ -3.633656531292364, 40.404717554932283 ], [ -3.633896537764372, 40.404367544364803 ], [ -3.634286548281385, 40.403757525947192 ], [ -3.634716559877066, 40.403757525947192 ], [ -3.635166572012081, 40.403757525947192 ], [ -3.635496580911092, 40.403767526249119 ], [ -3.635826589810103, 40.4037975271549 ], [ -3.636146598439447, 40.403857528966469 ], [ -3.636386604911455, 40.403917530778038 ], [ -3.636646611922797, 40.403997533193461 ], [ -3.637186626484815, 40.404237540439738 ], [ -3.63763663861983, 40.404527549195649 ], [ -3.638196653721182, 40.40499756338626 ], [ -3.638496661811192, 40.405327573349886 ], [ -3.638706667474199, 40.405587581200017 ], [ -3.639026676103543, 40.405997593579066 ], [ -3.639276682845218, 40.405917591163643 ], [ -3.639396686081222, 40.405877589955928 ], [ -3.63943668715989, 40.406207599919554 ], [ -3.63953668985656, 40.407027624677646 ], [ -3.639776696328568, 40.407527639774045 ], [ -3.640076704418578, 40.408167659097437 ], [ -3.640216708193916, 40.408467668155282 ], [ -3.640246709002917, 40.408527669966844 ], [ -3.640626719250263, 40.409117687780601 ], [ -3.64063671951993, 40.409127688082528 ], [ -3.640916727070606, 40.409487698951935 ], [ -3.641156733542614, 40.409737706500138 ], [ -3.64123673569995, 40.409827709217488 ], [ -3.641706748374299, 40.409577701669285 ], [ -3.643246789903017, 40.408957682949755 ], [ -3.643716802577366, 40.40876767721312 ], [ -3.64583685974677, 40.407907651247314 ], [ -3.647746911253167, 40.407097626791142 ], [ -3.647826913410503, 40.407067625885361 ], [ -3.649066946849211, 40.4065476101851 ], [ -3.65103699997361, 40.405727585427009 ], [ -3.651287006715285, 40.406087596296416 ], [ -3.651577014535628, 40.406507608977392 ], [ -3.651607015344629, 40.406557610487035 ], [ -3.652097028558312, 40.407197629810426 ], [ -3.652527040153993, 40.407797647926103 ], [ -3.652787047165335, 40.408227660909006 ], [ -3.65303705390701, 40.408687674797697 ], [ -3.653067054716011, 40.408757676911193 ], [ -3.653087055255345, 40.408837679326616 ], [ -3.653087055255345, 40.408907681440112 ], [ -3.653047054176677, 40.409037685365178 ], [ -3.652567041232661, 40.410217720992677 ], [ -3.652557040962994, 40.410237721596538 ], [ -3.652487039075325, 40.410387726125457 ], [ -3.652387036378655, 40.410607732767872 ], [ -3.651687017501965, 40.412287783491777 ], [ -3.652317034490986, 40.412257782585989 ], [ -3.652977052289008, 40.412247782284062 ], [ -3.653067054716011, 40.412247782284062 ], [ -3.653177057682348, 40.412247782284062 ], [ -3.653387063345355, 40.412257782585989 ], [ -3.653547067660027, 40.41227778318985 ], [ -3.653577068469028, 40.412287783491777 ], [ -3.653677071165698, 40.412307784095631 ], [ -3.653807074671369, 40.412337785001412 ], [ -3.653947078446707, 40.4123677859072 ], [ -3.652877049592338, 40.413337815194218 ], [ -3.652787047165335, 40.413427817911568 ], [ -3.651567014265961, 40.414577852633286 ], [ -3.650396982714922, 40.415697886449223 ], [ -3.650266979209251, 40.415847890978142 ], [ -3.650126975433913, 40.416097898526345 ], [ -3.647716910444166, 40.415367876485597 ], [ -3.646466876735791, 40.415057867125832 ], [ -3.646076866218778, 40.414987865012336 ], [ -3.645406848151089, 40.41485786108727 ], [ -3.644096812824712, 40.414647854746782 ], [ -3.642876779925338, 40.41450785051979 ], [ -3.64093672760994, 40.41441784780244 ], [ -3.639076677451878, 40.414457849010148 ], [ -3.637526635653493, 40.414587852935213 ], [ -3.634896564731072, 40.414957864106555 ], [ -3.634496553944392, 40.415017865918117 ], [ -3.633796535067702, 40.415117868937401 ], [ -3.633426525090023, 40.415137869541255 ], [ -3.632476499471658, 40.415187871050897 ], [ -3.631886483561305, 40.41517787074897 ], [ -3.63143647142629, 40.415167870447043 ], [ -3.630656450392264, 40.415097868333547 ], [ -3.629926430706573, 40.414997865314263 ], [ -3.629026406436543, 40.414807859577628 ], [ -3.628606395110529, 40.414687855954497 ], [ -3.628046380009177, 40.414527851123644 ], [ -3.627586367604495, 40.414377846594725 ] ] ] } },
{ "type": "Feature", "properties": { "id_barrio": "03035", "nombre_barrio": "Los Jerónimos", "nombre_distrito": "Retiro", "area_km2": 1.905, "distancia_centro_km": 1.613, "lat_c": 40.413482851548039, "lon_c": -3.685066217395677 }, "geometry": { "type": "Polygon", "coordinates": [ [ [ -3.678827749378203, 40.407497638868264 ], [ -3.680017781468576, 40.40730763313163 ], [ -3.682007835132309, 40.40695762256415 ], [ -3.683417873155356, 40.406737615921735 ], [ -3.685307924122419, 40.406437606863896 ], [ -3.685597931942762, 40.406397605656181 ], [ -3.68593794111144, 40.406377605052327 ], [ -3.686217948662116, 40.406387605354254 ], [ -3.686497956212792, 40.406427606561969 ], [ -3.687257976707484, 40.406577611090889 ], [ -3.688608013112529, 40.406987623469938 ], [ -3.688778017696868, 40.406667613808239 ], [ -3.688878020393538, 40.406537609883173 ], [ -3.689168028213881, 40.406717615317881 ], [ -3.689888047629905, 40.407117627395003 ], [ -3.690218056528916, 40.407357634641272 ], [ -3.690258057607584, 40.407327633735484 ], [ -3.690828072978603, 40.407757646718395 ], [ -3.691178082416948, 40.407987653662737 ], [ -3.691398088349622, 40.408107657285875 ], [ -3.691508091315959, 40.408147658493583 ], [ -3.691858100754304, 40.408437667249494 ], [ -3.692028105338643, 40.408697675099624 ], [ -3.691928102641973, 40.409077686572886 ], [ -3.692208110192649, 40.40970770559435 ], [ -3.692358114237654, 40.410197720388823 ], [ -3.69263812178833, 40.411467758733679 ], [ -3.692888128530005, 40.412637794059258 ], [ -3.693188136620015, 40.414037836329179 ], [ -3.693428143092023, 40.415137869541255 ], [ -3.693628148485363, 40.415887892185857 ], [ -3.693588147406695, 40.416347906074542 ], [ -3.693468144170691, 40.416947924190225 ], [ -3.693158135811014, 40.418487970687138 ], [ -3.692968130687341, 40.418887982764254 ], [ -3.693078133653678, 40.419327996049084 ], [ -3.692178109383648, 40.419508001483791 ], [ -3.688698015539532, 40.419988015976337 ], [ -3.685907940302439, 40.420568033488159 ], [ -3.685857938954104, 40.420578033790086 ], [ -3.685177920616748, 40.420698037413224 ], [ -3.6847379087514, 40.420778039828647 ], [ -3.684567904167061, 40.420808040734428 ], [ -3.684447900931057, 40.420828041338289 ], [ -3.683087864256345, 40.421048047980705 ], [ -3.68243784672799, 40.421158051301909 ], [ -3.681207813558949, 40.421418059152039 ], [ -3.679957779850574, 40.421668066700242 ], [ -3.679757774457234, 40.421058048282632 ], [ -3.679587769872895, 40.420538032582378 ], [ -3.679247760704217, 40.419578003597287 ], [ -3.67843773886119, 40.417337935965413 ], [ -3.678347736434187, 40.417067927813356 ], [ -3.677767720793501, 40.415467879504881 ], [ -3.676857696253804, 40.412927802815169 ], [ -3.676287680882785, 40.411397756620183 ], [ -3.676327681961453, 40.411327754506686 ], [ -3.676897697332472, 40.410287723106173 ], [ -3.678407738052189, 40.408197660003225 ], [ -3.678827749378203, 40.407497638868264 ] ] ] } },
{ "type": "Feature", "properties": { "id_barrio": "03033", "nombre_barrio": "Estrella", "nombre_distrito": "Retiro", "area_km2": 1.027, "distancia_centro_km": 3.256, "lat_c": 40.41382841598476, "lon_c": -3.6653683575218423 }, "geometry": { "type": "Polygon", "coordinates": [ [ [ -3.665217024295495, 40.406338319978765 ], [ -3.668977483756208, 40.406617612298596 ], [ -3.670227517464583, 40.406657613506312 ], [ -3.670047512610577, 40.408487668759136 ], [ -3.669947509913907, 40.409817708915561 ], [ -3.669827506677903, 40.411387756318256 ], [ -3.669747504520567, 40.412427787718769 ], [ -3.669707503441899, 40.412917802513242 ], [ -3.669557499396894, 40.414517850821717 ], [ -3.669397495082222, 40.416297904564907 ], [ -3.669387494812555, 40.416367906678403 ], [ -3.669367494273221, 40.416567912716957 ], [ -3.669247491037217, 40.417947954383024 ], [ -3.66903748537421, 40.420738038620932 ], [ -3.668997484295542, 40.421198052509624 ], [ -3.665027377237743, 40.420218022920679 ], [ -3.662917320338006, 40.419668006314637 ], [ -3.658697206538532, 40.418677976423766 ], [ -3.658977214089208, 40.417447939286625 ], [ -3.659447226763557, 40.416547912113103 ], [ -3.660587257505595, 40.414697856256424 ], [ -3.661057270179944, 40.413937833309895 ], [ -3.661167273146281, 40.413767828177122 ], [ -3.661487281775625, 40.413247812476861 ], [ -3.662497309011992, 40.411647764168386 ], [ -3.662547310360327, 40.41157776205489 ], [ -3.662927320607673, 40.410967743637279 ], [ -3.663397333282022, 40.409907711632911 ], [ -3.663767343259701, 40.40917768959217 ], [ -3.664097352158712, 40.408527669966844 ], [ -3.665157380743414, 40.40645760746775 ], [ -3.665217024295495, 40.406338319978765 ] ] ] } },
{ "type": "Feature", "properties": { "id_barrio": "03036", "nombre_barrio": "Niño Jesús", "nombre_distrito": "Retiro", "area_km2": 0.643, "distancia_centro_km": 2.639, "lat_c": 40.411912170622465, "lon_c": -3.6731288649003648 }, "geometry": { "type": "Polygon", "coordinates": [ [ [ -3.670227398931162, 40.406658818599986 ], [ -3.672267572476651, 40.406907621054515 ], [ -3.673817614275036, 40.407067625885361 ], [ -3.675077648253078, 40.407187629508499 ], [ -3.675277653646418, 40.407207630112353 ], [ -3.677547714860827, 40.407417636452841 ], [ -3.678827749378203, 40.407497638868264 ], [ -3.678407738052189, 40.408197660003225 ], [ -3.676897697332472, 40.410287723106173 ], [ -3.676327681961453, 40.411327754506686 ], [ -3.676287680882785, 40.411397756620183 ], [ -3.676857696253804, 40.412927802815169 ], [ -3.677777721063168, 40.415457879202954 ], [ -3.676427684658123, 40.41570788675115 ], [ -3.674987645826075, 40.415917893091638 ], [ -3.674967645286741, 40.415917893091638 ], [ -3.674797640702402, 40.415937893695492 ], [ -3.671597554408962, 40.41637790698033 ], [ -3.671567553599961, 40.416677916038168 ], [ -3.669367494273221, 40.416567912716957 ], [ -3.669387494812555, 40.416367906678403 ], [ -3.669397495082222, 40.416297904564907 ], [ -3.669557499396894, 40.414517850821717 ], [ -3.669707503441899, 40.412917802513242 ], [ -3.669747504520567, 40.412427787718769 ], [ -3.669827506677903, 40.411387756318256 ], [ -3.669947509913907, 40.409817708915561 ], [ -3.670047512610577, 40.408487668759136 ], [ -3.670227398931162, 40.406658818599986 ] ] ] } },
{ "type": "Feature", "properties": { "id_barrio": "02027", "nombre_barrio": "Atocha", "nombre_distrito": "Arganzuela", "area_km2": 0.734, "distancia_centro_km": 2.696, "lat_c": 40.399677246972054, "lon_c": -3.6811831426542647 }, "geometry": { "type": "Polygon", "coordinates": [ [ [ -3.688878020393538, 40.406537609883173 ], [ -3.688868020123871, 40.406537609883173 ], [ -3.688618013382196, 40.406377605052327 ], [ -3.687787990999835, 40.405617582105798 ], [ -3.686697961606132, 40.404627552214926 ], [ -3.684667906863731, 40.403217509643078 ], [ -3.68463790605473, 40.403207509341151 ], [ -3.682597851042662, 40.402377484281125 ], [ -3.682517848885326, 40.402347483375344 ], [ -3.682507848615659, 40.402347483375344 ], [ -3.682457847267324, 40.402337483073417 ], [ -3.682367844840321, 40.402337483073417 ], [ -3.682287842682985, 40.402357483677271 ], [ -3.682067836750311, 40.402257480657994 ], [ -3.681207813558949, 40.401857468580872 ], [ -3.680607797378929, 40.401577460126887 ], [ -3.680077783086578, 40.401327452578684 ], [ -3.67963777122123, 40.401047444124707 ], [ -3.679607770412229, 40.401027443520846 ], [ -3.679047755310877, 40.400787436274577 ], [ -3.676797694635802, 40.398957381021752 ], [ -3.676297681152452, 40.398667372265841 ], [ -3.675957671983774, 40.398407364415711 ], [ -3.675707665242099, 40.398217358679076 ], [ -3.675057647713744, 40.397537338147977 ], [ -3.674957645017074, 40.397387333619058 ], [ -3.67443763099439, 40.396577309162886 ], [ -3.673527606454693, 40.394317240927158 ], [ -3.673517606185026, 40.394317240927158 ], [ -3.67453763369106, 40.39375722401919 ], [ -3.675257653107084, 40.393267209224717 ], [ -3.676447685197457, 40.392327180843488 ], [ -3.679657771760564, 40.395147265987184 ], [ -3.679777774996568, 40.395267269610322 ], [ -3.682497848345992, 40.397727343884604 ], [ -3.685487928976425, 40.400397424499381 ], [ -3.686717962145466, 40.401507458013391 ], [ -3.690588066506595, 40.404977562782406 ], [ -3.690698069472932, 40.40507756580169 ], [ -3.691248084304617, 40.405597581501944 ], [ -3.692958130417674, 40.407197629810426 ], [ -3.692968130687341, 40.40721763041428 ], [ -3.692978130957008, 40.407237631018134 ], [ -3.692998131496342, 40.407277632225849 ], [ -3.693008131766009, 40.407447637358622 ], [ -3.693008131766009, 40.407547640377906 ], [ -3.693008131766009, 40.40756764098176 ], [ -3.692968130687341, 40.407617642491402 ], [ -3.69283812718167, 40.407777647322249 ], [ -3.692568119900661, 40.408007654266591 ], [ -3.691858100754304, 40.408437667249494 ], [ -3.691508091315959, 40.408147658493583 ], [ -3.691398088349622, 40.408107657285875 ], [ -3.691178082416948, 40.407987653662737 ], [ -3.690828072978603, 40.407757646718395 ], [ -3.690258057607584, 40.407327633735484 ], [ -3.690218056528916, 40.407357634641272 ], [ -3.689888047629905, 40.407117627395003 ], [ -3.689168028213881, 40.406717615317881 ], [ -3.688878020393538, 40.406537609883173 ] ] ] } },
{ "type": "Feature", "properties": { "id_barrio": "01011", "nombre_barrio": "Palacio", "nombre_distrito": "Centro", "area_km2": 1.47, "distancia_centro_km": 1.048, "lat_c": 40.414963033117807, "lon_c": -3.7155990521315894 }, "geometry": { "type": "Polygon", "coordinates": [ [ [ -3.705928480175773, 40.420288025034175 ], [ -3.705928480175773, 40.420278024732248 ], [ -3.70633849123212, 40.420168021411037 ], [ -3.708118539232846, 40.420228023222606 ], [ -3.707918533839506, 40.419858012051272 ], [ -3.708008536266509, 40.419618004805002 ], [ -3.708148540041847, 40.419157990916311 ], [ -3.708198541390182, 40.418877982462327 ], [ -3.708458548401524, 40.418387967667854 ], [ -3.708478548940858, 40.418347966460146 ], [ -3.708528550289193, 40.418257963742789 ], [ -3.708788557300535, 40.417807950156032 ], [ -3.708588551907195, 40.417777949250251 ], [ -3.708678554334198, 40.417197931738421 ], [ -3.708708555143199, 40.417097928719144 ], [ -3.708728555682533, 40.417007926001794 ], [ -3.708688554603865, 40.416767918755518 ], [ -3.708688554603865, 40.416747918151664 ], [ -3.70863855325553, 40.416357906376469 ], [ -3.708758556491534, 40.416317905168761 ], [ -3.708688554603865, 40.415957894299353 ], [ -3.708818558109536, 40.415567882524158 ], [ -3.708618552716196, 40.415317874975962 ], [ -3.708558551098194, 40.415307874674035 ], [ -3.708488549210525, 40.415307874674035 ], [ -3.70843854786219, 40.415277873768247 ], [ -3.708198541390182, 40.414737857464132 ], [ -3.70803853707551, 40.414517850821717 ], [ -3.708118539232846, 40.414107838442675 ], [ -3.708258543008184, 40.413717826667479 ], [ -3.707728528715833, 40.413577822440487 ], [ -3.707478521974158, 40.413517820628918 ], [ -3.707428520625823, 40.413337815194218 ], [ -3.70753852359216, 40.412787798588177 ], [ -3.708228542199183, 40.411437757827898 ], [ -3.708428547592523, 40.41125775239319 ], [ -3.708478548940858, 40.41116774967584 ], [ -3.709148567008547, 40.41037772582353 ], [ -3.710098592626912, 40.409167689290243 ], [ -3.710228596132583, 40.409017684761317 ], [ -3.711048618245277, 40.407997653964664 ], [ -3.711678635234298, 40.406667613808239 ], [ -3.712048645211977, 40.406747616223662 ], [ -3.713688689437365, 40.407447637358622 ], [ -3.715228730966083, 40.408087656682014 ], [ -3.716768772494801, 40.408707675401551 ], [ -3.71833881483252, 40.411117748166198 ], [ -3.717848801618837, 40.412077777151289 ], [ -3.71693877707914, 40.413917832706041 ], [ -3.719428844226223, 40.413937833309895 ], [ -3.71963884988923, 40.413937833309895 ], [ -3.720498873080592, 40.413947833611822 ], [ -3.722948939149007, 40.413987834819537 ], [ -3.722848936452337, 40.415327875277889 ], [ -3.722378923777988, 40.417177931134567 ], [ -3.722158917845314, 40.418037957100374 ], [ -3.722048914878977, 40.41845796978135 ], [ -3.72183890921597, 40.418577973404489 ], [ -3.721508900316959, 40.418767979141123 ], [ -3.721068888451611, 40.419117989708603 ], [ -3.720698878473932, 40.419468000276076 ], [ -3.720398870383922, 40.419898013258987 ], [ -3.720298867687252, 40.42006801839176 ], [ -3.720198864990582, 40.420248023826467 ], [ -3.720188864720915, 40.420258024128394 ], [ -3.718058807281844, 40.420298025336102 ], [ -3.716798773303802, 40.420358027147671 ], [ -3.715978751191108, 40.420368027449598 ], [ -3.715508738516759, 40.42041802895924 ], [ -3.713898695100372, 40.421488061265535 ], [ -3.713388681347355, 40.421828071531088 ], [ -3.71333867999902, 40.421908073946511 ], [ -3.713178675684348, 40.42205807847543 ], [ -3.713048672178677, 40.422188082400496 ], [ -3.711728636582633, 40.422968105950879 ], [ -3.711168621481281, 40.423298115914506 ], [ -3.710918614739606, 40.423428119839571 ], [ -3.710888613930605, 40.423438120141498 ], [ -3.710168594514581, 40.422958105648952 ], [ -3.707928534109173, 40.421548063077104 ], [ -3.705928480175773, 40.420288025034175 ] ] ] } },
{ "type": "Feature", "properties": { "id_barrio": "01013", "nombre_barrio": "Cortes", "nombre_distrito": "Centro", "area_km2": 0.593, "distancia_centro_km": 0.508, "lat_c": 40.414428076406693, "lon_c": -3.6985329249324566 }, "geometry": { "type": "Polygon", "coordinates": [ [ [ -3.693088133923345, 40.419337996351018 ], [ -3.692968130687341, 40.418887982764254 ], [ -3.693158135811014, 40.418487970687138 ], [ -3.693468144170691, 40.416947924190225 ], [ -3.693588147406695, 40.416347906074542 ], [ -3.693628148485363, 40.415887892185857 ], [ -3.693428143092023, 40.415137869541255 ], [ -3.693188136620015, 40.414037836329179 ], [ -3.692888128530005, 40.412637794059258 ], [ -3.69263812178833, 40.411467758733679 ], [ -3.692358114237654, 40.410197720388823 ], [ -3.692208110192649, 40.40970770559435 ], [ -3.69193810291164, 40.409077686572886 ], [ -3.694058160081044, 40.409937712538692 ], [ -3.695748205654767, 40.410667734579441 ], [ -3.696798233969802, 40.411187750279694 ], [ -3.698618283049196, 40.412127778660924 ], [ -3.699018293835876, 40.412317784397558 ], [ -3.700008320532909, 40.412827799795885 ], [ -3.701518361252626, 40.413447818515422 ], [ -3.702848397118337, 40.413917832706041 ], [ -3.703918425972706, 40.414287843877375 ], [ -3.703428412759023, 40.414687855954497 ], [ -3.703358410871354, 40.414587852935213 ], [ -3.703268408444351, 40.414537851425578 ], [ -3.703118404399346, 40.41450785051979 ], [ -3.702548389028327, 40.414957864106555 ], [ -3.702018374735976, 40.415367876485597 ], [ -3.701358356937954, 40.415837890676215 ], [ -3.701208352892949, 40.415937893695492 ], [ -3.700958346151274, 40.416107898828272 ], [ -3.700758340757934, 40.416257903357192 ], [ -3.700558335364594, 40.416427908489965 ], [ -3.700418331589256, 40.416597913622745 ], [ -3.699878317027238, 40.41740793807891 ], [ -3.699548308128227, 40.417797949854105 ], [ -3.699298301386552, 40.417897952873382 ], [ -3.699568308667561, 40.418527971894846 ], [ -3.699728312982233, 40.419287994841376 ], [ -3.699668311364231, 40.419758009031995 ], [ -3.698048267678177, 40.419277994539449 ], [ -3.69653822695846, 40.418737978235335 ], [ -3.695548200261427, 40.418967985179677 ], [ -3.694298166553052, 40.419197992124026 ], [ -3.693088133923345, 40.419337996351018 ] ] ] } },
{ "type": "Feature", "properties": { "id_barrio": "01016", "nombre_barrio": "Sol", "nombre_distrito": "Centro", "area_km2": 0.446, "distancia_centro_km": 0.078, "lat_c": 40.41691395139199, "lon_c": -3.7044494774025316 }, "geometry": { "type": "Polygon", "coordinates": [ [ [ -3.701588363140295, 40.420018016882118 ], [ -3.701578362870628, 40.420018016882118 ], [ -3.701228353432283, 40.420008016580191 ], [ -3.700788341566935, 40.419988015976337 ], [ -3.700348329701587, 40.419918013862841 ], [ -3.699668311364231, 40.419758009031995 ], [ -3.699728312982233, 40.419287994841376 ], [ -3.699568308667561, 40.418527971894846 ], [ -3.699298301386552, 40.417897952873382 ], [ -3.699548308128227, 40.417797949854105 ], [ -3.699878317027238, 40.41740793807891 ], [ -3.700418331589256, 40.416597913622745 ], [ -3.700558335364594, 40.416427908489965 ], [ -3.700758340757934, 40.416257903357192 ], [ -3.700958346151274, 40.416107898828272 ], [ -3.701208352892949, 40.415937893695492 ], [ -3.701358356937954, 40.415837890676215 ], [ -3.702018374735976, 40.415367876485597 ], [ -3.702548389028327, 40.414957864106555 ], [ -3.703118404399346, 40.41450785051979 ], [ -3.703268408444351, 40.414537851425578 ], [ -3.703358410871354, 40.414587852935213 ], [ -3.703428412759023, 40.414687855954497 ], [ -3.703928426242373, 40.414307844481229 ], [ -3.704618444849396, 40.413987834819537 ], [ -3.704728447815733, 40.413947833611822 ], [ -3.704818450242736, 40.413937833309895 ], [ -3.704928453209073, 40.413937833309895 ], [ -3.705558470198094, 40.41397783451761 ], [ -3.706078484220778, 40.413997835121464 ], [ -3.70633849123212, 40.413967834215683 ], [ -3.707388519547155, 40.413637824252056 ], [ -3.707478521974158, 40.413517820628918 ], [ -3.707728528715833, 40.413577822440487 ], [ -3.708258543008184, 40.413717826667479 ], [ -3.708118539232846, 40.414107838442675 ], [ -3.70803853707551, 40.414517850821717 ], [ -3.708198541390182, 40.414737857464132 ], [ -3.70843854786219, 40.415277873768247 ], [ -3.708488549210525, 40.415307874674035 ], [ -3.708558551098194, 40.415307874674035 ], [ -3.708618552716196, 40.415317874975962 ], [ -3.708818558109536, 40.415567882524158 ], [ -3.708688554603865, 40.415957894299353 ], [ -3.708758556491534, 40.416317905168761 ], [ -3.70863855325553, 40.416357906376469 ], [ -3.708688554603865, 40.416747918151664 ], [ -3.708688554603865, 40.416767918755518 ], [ -3.708728555682533, 40.417007926001794 ], [ -3.708708555143199, 40.417097928719144 ], [ -3.708678554334198, 40.417197931738421 ], [ -3.708588551907195, 40.417777949250251 ], [ -3.708788557300535, 40.417807950156032 ], [ -3.708528550289193, 40.418257963742789 ], [ -3.708478548940858, 40.418347966460146 ], [ -3.708458548401524, 40.418387967667854 ], [ -3.708198541390182, 40.418877982462327 ], [ -3.708148540041847, 40.419157990916311 ], [ -3.708008536266509, 40.419618004805002 ], [ -3.707918533839506, 40.419858012051272 ], [ -3.708118539232846, 40.420228023222606 ], [ -3.70633849123212, 40.420168021411037 ], [ -3.705928480175773, 40.420288025034175 ], [ -3.705568470467761, 40.420298025336102 ], [ -3.705258462108084, 40.420298025336102 ], [ -3.70483845078207, 40.420268024430321 ], [ -3.701588363140295, 40.420018016882118 ] ] ] } },
{ "type": "Feature", "properties": { "id_barrio": "03034", "nombre_barrio": "Ibiza", "nombre_distrito": "Retiro", "area_km2": 0.492, "distancia_centro_km": 2.508, "lat_c": 40.418764160752524, "lon_c": -3.674063535169465 }, "geometry": { "type": "Polygon", "coordinates": [ [ [ -3.669367494273221, 40.416567912716957 ], [ -3.671567553599961, 40.416677916038168 ], [ -3.671597554408962, 40.41637790698033 ], [ -3.674797640702402, 40.415937893695492 ], [ -3.674967645286741, 40.415917893091638 ], [ -3.674987645826075, 40.415917893091638 ], [ -3.676427684658123, 40.41570788675115 ], [ -3.677767720793501, 40.415467879504881 ], [ -3.678347736434187, 40.417067927813356 ], [ -3.67843773886119, 40.417337935965413 ], [ -3.679247760704217, 40.419578003597287 ], [ -3.679587769872895, 40.420538032582378 ], [ -3.679757774457234, 40.421058048282632 ], [ -3.679957779850574, 40.421658066398308 ], [ -3.679427765558223, 40.421678067002169 ], [ -3.678967753153541, 40.421668066700242 ], [ -3.678927752074873, 40.421668066700242 ], [ -3.677517714051826, 40.421608064888673 ], [ -3.675997673062442, 40.421538062775177 ], [ -3.674387629646055, 40.421458060359754 ], [ -3.67283758784767, 40.421388058246258 ], [ -3.668997484295542, 40.421188052207697 ], [ -3.66903748537421, 40.420738038620932 ], [ -3.669247491037217, 40.417947954383024 ], [ -3.669367494273221, 40.416567912716957 ] ] ] } },
{ "type": "Feature", "properties": { "id_barrio": "15152", "nombre_barrio": "Pueblo Nuevo", "nombre_distrito": "Ciudad Lineal", "area_km2": 2.322, "distancia_centro_km": 5.802, "lat_c": 40.425194377094726, "lon_c": -3.6359937833881193 }, "geometry": { "type": "Polygon", "coordinates": [ [ [ -3.620366172904921, 40.413087807646015 ], [ -3.621376200141288, 40.413067807042161 ], [ -3.621816212006636, 40.413077807344088 ], [ -3.622166221444981, 40.413087807646015 ], [ -3.622486230074325, 40.413107808249869 ], [ -3.623316252456686, 40.413187810665299 ], [ -3.624246277535717, 40.413347815496145 ], [ -3.625086300187745, 40.413537821232772 ], [ -3.625656315558764, 40.413707826365552 ], [ -3.626706343873799, 40.41406783723496 ], [ -3.627606368143829, 40.414377846594725 ], [ -3.626796346300802, 40.415857891280069 ], [ -3.627766372458501, 40.416547912113103 ], [ -3.628126382166513, 40.416767918755518 ], [ -3.629926430706573, 40.41801795649652 ], [ -3.630816454706936, 40.418517971592919 ], [ -3.634696559337732, 40.420618034997801 ], [ -3.635706586574099, 40.421168051603843 ], [ -3.63893667367654, 40.422898103837383 ], [ -3.639576690935228, 40.423248114404863 ], [ -3.645686855701765, 40.426568214644959 ], [ -3.645576852735428, 40.427278236081847 ], [ -3.645556852196094, 40.427408240006912 ], [ -3.645776858128768, 40.428518273520922 ], [ -3.646116867297446, 40.430208324546754 ], [ -3.646156868376114, 40.430408330585308 ], [ -3.64823692446685, 40.433118412407801 ], [ -3.647696909904832, 40.433318418446362 ], [ -3.647196896421482, 40.433538425088777 ], [ -3.64633687323012, 40.43396843807168 ], [ -3.645566852465761, 40.434338449243015 ], [ -3.645426848690423, 40.434408451356511 ], [ -3.64493683547674, 40.434638458300853 ], [ -3.644176814982048, 40.435008469472194 ], [ -3.642776777228668, 40.435688490003294 ], [ -3.641276736778618, 40.436418512044042 ], [ -3.640246709002917, 40.436918527140442 ], [ -3.639946700912907, 40.437068531669361 ], [ -3.639476688238558, 40.43730853891563 ], [ -3.638006648597509, 40.437898556729387 ], [ -3.636546609226127, 40.435878495739928 ], [ -3.635666585495431, 40.434658458904714 ], [ -3.635146571472747, 40.43396843807168 ], [ -3.63483656311307, 40.43352842478685 ], [ -3.634426552056723, 40.43294840727502 ], [ -3.633906538034039, 40.432228385536206 ], [ -3.633826535876703, 40.432118382215002 ], [ -3.633696532371032, 40.431928376478368 ], [ -3.633066515382011, 40.431038349606773 ], [ -3.632356496235654, 40.430068320319762 ], [ -3.632096489224312, 40.429718309752282 ], [ -3.632016487066976, 40.429608306431071 ], [ -3.63163647681963, 40.429088290730817 ], [ -3.631266466841951, 40.428568275030557 ], [ -3.630696451470932, 40.427768250876319 ], [ -3.630056434212244, 40.426878224004724 ], [ -3.629516419650226, 40.426168202567837 ], [ -3.629396416414222, 40.425988197133137 ], [ -3.628406389717189, 40.424478151542004 ], [ -3.627416363020156, 40.423248114404863 ], [ -3.626586340637795, 40.422108079985072 ], [ -3.626156329042114, 40.421508061869389 ], [ -3.625396308547422, 40.420448029865021 ], [ -3.624566286165061, 40.419317995747157 ], [ -3.624456283198724, 40.419157990916311 ], [ -3.624296278884052, 40.418947984575823 ], [ -3.624166275378381, 40.418757978839189 ], [ -3.624106273760379, 40.418667976121839 ], [ -3.623846266749037, 40.418227962837008 ], [ -3.622826239243003, 40.416867921774802 ], [ -3.622326225759653, 40.41614790003598 ], [ -3.622106219826979, 40.415847890978142 ], [ -3.621896214163972, 40.41552788131645 ], [ -3.621626206882963, 40.415157870145109 ], [ -3.621366199871621, 40.414787858973774 ], [ -3.620366172904921, 40.413087807646015 ] ] ] } },
{ "type": "Feature", "properties": { "id_barrio": "20204", "nombre_barrio": "Arcos", "nombre_distrito": "San Blas - Canillejas", "area_km2": 1.303, "distancia_centro_km": 7.235, "lat_c": 40.420842690928247, "lon_c": -3.6184024736894544 }, "geometry": { "type": "Polygon", "coordinates": [ [ [ -3.610805915103269, 40.417947954383024 ], [ -3.613915998969706, 40.416937923888298 ], [ -3.617456094431824, 40.415547881920304 ], [ -3.6177361019825, 40.415437878599093 ], [ -3.617956107915174, 40.415347875881743 ], [ -3.61803611007251, 40.415307874674035 ], [ -3.618156113308514, 40.415247872862466 ], [ -3.618226115196183, 40.415207871654751 ], [ -3.618396119780522, 40.415107868635474 ], [ -3.618576124634528, 40.41500786561619 ], [ -3.618746129218867, 40.414887861993058 ], [ -3.618996135960542, 40.414687855954497 ], [ -3.619486149174225, 40.414257842971594 ], [ -3.619676154297898, 40.414047836631106 ], [ -3.619746156185567, 40.413967834215683 ], [ -3.619806157803569, 40.413897832102187 ], [ -3.619886159960905, 40.413787828780976 ], [ -3.619966162118241, 40.413677825459764 ], [ -3.62003616400591, 40.41356782213856 ], [ -3.620076165084578, 40.413507820326991 ], [ -3.620106165893579, 40.413457818817349 ], [ -3.620176167781248, 40.413347815496145 ], [ -3.620366172904921, 40.413087807646015 ], [ -3.621366199871621, 40.414787858973774 ], [ -3.621626206882963, 40.415157870145109 ], [ -3.621896214163972, 40.41552788131645 ], [ -3.622106219826979, 40.415847890978142 ], [ -3.622326225759653, 40.41614790003598 ], [ -3.622826239243003, 40.416867921774802 ], [ -3.623846266749037, 40.418227962837008 ], [ -3.624106273760379, 40.418667976121839 ], [ -3.624166275378381, 40.418757978839189 ], [ -3.624296278884052, 40.418947984575823 ], [ -3.624456283198724, 40.419157990916311 ], [ -3.624566286165061, 40.419317995747157 ], [ -3.625396308547422, 40.420448029865021 ], [ -3.626156329042114, 40.421508061869389 ], [ -3.626596340907462, 40.422108079985072 ], [ -3.625556312862094, 40.422548093269903 ], [ -3.625266305041751, 40.422668096893041 ], [ -3.623516257850026, 40.423418119537637 ], [ -3.621986216590975, 40.424058138861028 ], [ -3.620366172904921, 40.424728159090208 ], [ -3.620806184770269, 40.425328177205884 ], [ -3.618216114926516, 40.426778220985447 ], [ -3.617986108724175, 40.426908224910513 ], [ -3.615066029981411, 40.427988257518734 ], [ -3.613455986565024, 40.427978257216807 ], [ -3.613415985486356, 40.42796825691488 ], [ -3.613225980362683, 40.427928255707165 ], [ -3.612485960407325, 40.427468241818481 ], [ -3.611215926159616, 40.428628276842126 ], [ -3.610985919957275, 40.429018288617321 ], [ -3.611025921035943, 40.428578275332491 ], [ -3.611085922653945, 40.42820826416115 ], [ -3.611205925889949, 40.427598245743546 ], [ -3.61153593478896, 40.426008197736991 ], [ -3.611575935867628, 40.425688188075299 ], [ -3.61163593748563, 40.42521817388468 ], [ -3.611395931013622, 40.42281810142196 ], [ -3.611385930743955, 40.422778100214245 ], [ -3.611195925620282, 40.421238053717339 ], [ -3.610805915103269, 40.417947954383024 ] ] ] } },
{ "type": "Feature", "properties": { "id_barrio": "01014", "nombre_barrio": "Justicia", "nombre_distrito": "Centro", "area_km2": 0.739, "distancia_centro_km": 1.011, "lat_c": 40.423892412068049, "lon_c": -3.6958103796244388 }, "geometry": { "type": "Polygon", "coordinates": [ [ [ -3.699668311364231, 40.419758009031995 ], [ -3.700348329701587, 40.419918013862841 ], [ -3.700788341566935, 40.419988015976337 ], [ -3.701228353432283, 40.420008016580191 ], [ -3.701598363409962, 40.420008016580191 ], [ -3.701648364758297, 40.420098019297541 ], [ -3.701178352083948, 40.421328056434689 ], [ -3.700978346690608, 40.421888073342657 ], [ -3.700928345342273, 40.422048078173503 ], [ -3.700808342106269, 40.42255809357183 ], [ -3.700698339139932, 40.423048108366302 ], [ -3.700688338870265, 40.423128110781725 ], [ -3.700648337791597, 40.423608125274271 ], [ -3.700658338061264, 40.423798131010905 ], [ -3.700658338061264, 40.42392813493597 ], [ -3.700668338330931, 40.424178142484166 ], [ -3.700748340488267, 40.424898164222981 ], [ -3.700748340488267, 40.424908164524915 ], [ -3.700898344533272, 40.425368178413599 ], [ -3.701168351814281, 40.426048198944706 ], [ -3.701668365297631, 40.427248235176066 ], [ -3.702408385252989, 40.429048289523102 ], [ -3.701948372848307, 40.428968287107679 ], [ -3.699408304352889, 40.428418270501638 ], [ -3.697128242868813, 40.427938256009092 ], [ -3.695768206194101, 40.427638246951254 ], [ -3.695128188935413, 40.427338237893416 ], [ -3.693858154687704, 40.426698218570024 ], [ -3.691398088349622, 40.42547818173481 ], [ -3.690448062731257, 40.425268175394322 ], [ -3.690718070012266, 40.424468151240077 ], [ -3.691308085922619, 40.423148111385586 ], [ -3.693088133923345, 40.419337996351018 ], [ -3.694298166553052, 40.419197992124026 ], [ -3.695548200261427, 40.418967985179677 ], [ -3.69653822695846, 40.418737978235335 ], [ -3.698048267678177, 40.419277994539449 ], [ -3.699668311364231, 40.419758009031995 ] ] ] } },
{ "type": "Feature", "properties": { "id_barrio": "09092", "nombre_barrio": "Argüelles", "nombre_distrito": "Moncloa - Aravaca", "area_km2": 0.758, "distancia_centro_km": 1.717, "lat_c": 40.428047966821573, "lon_c": -3.7176154680246629 }, "geometry": { "type": "Polygon", "coordinates": [ [ [ -3.718049034526068, 40.420298490706926 ], [ -3.718068807551511, 40.421208052811551 ], [ -3.718648823192197, 40.421828071531088 ], [ -3.719018833169876, 40.422228083608211 ], [ -3.719448844765557, 40.422698097798822 ], [ -3.718498819147192, 40.422788100516179 ], [ -3.717828801079503, 40.422488091458334 ], [ -3.717478791641158, 40.422238083910138 ], [ -3.717068780584811, 40.421948075154226 ], [ -3.716928776809473, 40.421898073644584 ], [ -3.716828774112803, 40.421888073342657 ], [ -3.716748771955467, 40.42187807304073 ], [ -3.716628768719463, 40.42187807304073 ], [ -3.716498765213792, 40.421888073342657 ], [ -3.716448763865457, 40.421898073644584 ], [ -3.716408762786789, 40.421908073946511 ], [ -3.716398762517122, 40.421918074248438 ], [ -3.715688743370765, 40.422498091760261 ], [ -3.71543873662909, 40.422708098100749 ], [ -3.715328733662753, 40.422798100818106 ], [ -3.714758718291734, 40.423448120443425 ], [ -3.714848720718737, 40.423538123160775 ], [ -3.716248758472117, 40.424968166336477 ], [ -3.716828774112803, 40.425098170261542 ], [ -3.717228784899483, 40.425188172978899 ], [ -3.718368815641521, 40.425448180829022 ], [ -3.718418816989856, 40.425458181130949 ], [ -3.718898829933872, 40.425958196227349 ], [ -3.719748852855567, 40.426838222797016 ], [ -3.720508873350259, 40.427628246649327 ], [ -3.721708905710299, 40.428878284390329 ], [ -3.722308921890319, 40.429498303109867 ], [ -3.722598929710662, 40.429788311865778 ], [ -3.722878937261338, 40.430068320319762 ], [ -3.722928938609673, 40.430128322131324 ], [ -3.723188945621015, 40.430398330283381 ], [ -3.725198999824082, 40.43250839399019 ], [ -3.724118970700046, 40.432978408180809 ], [ -3.723988967194375, 40.433038409992378 ], [ -3.721668904631631, 40.434038440185176 ], [ -3.719478845574558, 40.434958467962552 ], [ -3.719528846922893, 40.435068471283756 ], [ -3.71983885528257, 40.435738491512936 ], [ -3.718258812675184, 40.435538485474375 ], [ -3.718398816450522, 40.434778462527845 ], [ -3.717228784899483, 40.433098411803947 ], [ -3.717268785978151, 40.433098411803947 ], [ -3.717608795146829, 40.433088411502013 ], [ -3.717958804585174, 40.432998408784663 ], [ -3.717608795146829, 40.432518394292117 ], [ -3.717478791641158, 40.432338388857417 ], [ -3.717168783281481, 40.431918376176441 ], [ -3.716988778427475, 40.431678368930164 ], [ -3.71623875820245, 40.430668338435439 ], [ -3.716208757393449, 40.430618336925797 ], [ -3.715608741213429, 40.429788311865778 ], [ -3.71453871235906, 40.428338268086215 ], [ -3.71413870157238, 40.4277982517821 ], [ -3.713898695100372, 40.427478242120408 ], [ -3.713178675684348, 40.42641821011604 ], [ -3.712458656268324, 40.425368178413599 ], [ -3.711708636043299, 40.424308146409231 ], [ -3.710898614200272, 40.423438120141498 ], [ -3.710918614739606, 40.423428119839571 ], [ -3.711168621481281, 40.423298115914506 ], [ -3.711728636582633, 40.422968105950879 ], [ -3.713048672178677, 40.422188082400496 ], [ -3.713178675684348, 40.42205807847543 ], [ -3.71333867999902, 40.421908073946511 ], [ -3.713388681347355, 40.421828071531088 ], [ -3.713898695100372, 40.421488061265535 ], [ -3.715508738516759, 40.42041802895924 ], [ -3.715978751191108, 40.420368027449598 ], [ -3.716798773303802, 40.420358027147671 ], [ -3.718049034526068, 40.420298490706926 ] ] ] } },
{ "type": "Feature", "properties": { "id_barrio": "20205", "nombre_barrio": "Rosas", "nombre_distrito": "San Blas - Canillejas", "area_km2": 9.308, "distancia_centro_km": 9.418, "lat_c": 40.429344419002604, "lon_c": -3.5937001829682482 }, "geometry": { "type": "Polygon", "coordinates": [ [ [ -3.577485016572825, 40.426008197736991 ], [ -3.577655021157164, 40.426038198642779 ], [ -3.577725023044833, 40.425878193811926 ], [ -3.577825025741503, 40.425678187773364 ], [ -3.577955029247174, 40.425458181130949 ], [ -3.578115033561846, 40.425248174790461 ], [ -3.578345039764187, 40.424978166638411 ], [ -3.578685048932865, 40.424598155165143 ], [ -3.579415068618556, 40.42375812980319 ], [ -3.579745077517567, 40.423308116216432 ], [ -3.580295092349252, 40.422528092666049 ], [ -3.5807351042146, 40.421898073644584 ], [ -3.581165115810281, 40.42126805462312 ], [ -3.581605127675629, 40.420628035299728 ], [ -3.581715130641966, 40.420448029865021 ], [ -3.581925136304973, 40.420078018693687 ], [ -3.582185143316315, 40.419618004805002 ], [ -3.582555153293994, 40.418937984273896 ], [ -3.582655155990664, 40.418757978839189 ], [ -3.582735158148, 40.418577973404489 ], [ -3.582795159766002, 40.418407968271708 ], [ -3.582845161114337, 40.418247963440862 ], [ -3.582885162193005, 40.418097958911943 ], [ -3.582905162732339, 40.417987955590739 ], [ -3.582925163271673, 40.417827950759886 ], [ -3.582945163811007, 40.417687946532894 ], [ -3.582955164080674, 40.417537942003975 ], [ -3.582975164620008, 40.417037926907575 ], [ -3.582995165159342, 40.416537911811176 ], [ -3.583005165429009, 40.416397907584184 ], [ -3.583015165698676, 40.416237902753338 ], [ -3.58303516623801, 40.416097898526345 ], [ -3.583055166777344, 40.415987895205134 ], [ -3.583095167856012, 40.415867891581996 ], [ -3.58313516893468, 40.415747887958865 ], [ -3.583205170822349, 40.415587883128019 ], [ -3.58333517432802, 40.415337875579816 ], [ -3.583475178103358, 40.415097868333547 ], [ -3.583625182148363, 40.414837860483416 ], [ -3.583795186732702, 40.414557852029432 ], [ -3.584015192665376, 40.414207841461952 ], [ -3.584195197519382, 40.413967834215683 ], [ -3.584455204530724, 40.413647824553983 ], [ -3.58503522017141, 40.412997804928665 ], [ -3.58623525253145, 40.411627763564525 ], [ -3.587095275722812, 40.410647733975587 ], [ -3.588005300262509, 40.409587701971219 ], [ -3.588185305116515, 40.409337694423016 ], [ -3.588315308622186, 40.409127688082528 ], [ -3.588425311588523, 40.408867680232397 ], [ -3.588625316981863, 40.408377665437925 ], [ -3.589515340982226, 40.408687674797697 ], [ -3.591305389252619, 40.40926769230952 ], [ -3.59233541702832, 40.409567701367358 ], [ -3.593485448040025, 40.409897711330984 ], [ -3.594885485793405, 40.410267722502319 ], [ -3.595855511951104, 40.410507729748595 ], [ -3.598175574513848, 40.411007744844994 ], [ -3.599605613076229, 40.411277752997044 ], [ -3.601925675638973, 40.411677765074167 ], [ -3.603415715819356, 40.411887771414655 ], [ -3.60583578107877, 40.412207781076354 ], [ -3.606675803730798, 40.412327784699485 ], [ -3.607295820450152, 40.412427787718769 ], [ -3.607925837439173, 40.4125477913419 ], [ -3.608475852270858, 40.412667794965039 ], [ -3.610275900810918, 40.413107808249869 ], [ -3.610805915103269, 40.417947954383024 ], [ -3.611195925620282, 40.421238053717339 ], [ -3.611385930743955, 40.422778100214245 ], [ -3.611395931013622, 40.42281810142196 ], [ -3.61163593748563, 40.42521817388468 ], [ -3.611575935867628, 40.425688188075299 ], [ -3.61153593478896, 40.426008197736991 ], [ -3.611205925889949, 40.427598245743546 ], [ -3.611085922653945, 40.42820826416115 ], [ -3.611025921035943, 40.428578275332491 ], [ -3.610995920226942, 40.429018288617321 ], [ -3.611045921575277, 40.429538304317575 ], [ -3.611055921844944, 40.429648307638786 ], [ -3.6117359401823, 40.432658398519109 ], [ -3.61203594827231, 40.43396843807168 ], [ -3.612185952317315, 40.434588456791218 ], [ -3.61003589433891, 40.435128473095325 ], [ -3.609625883282563, 40.435218475812682 ], [ -3.609395877080222, 40.435298478228106 ], [ -3.608665857394531, 40.435698490305221 ], [ -3.605825780809103, 40.436998529555865 ], [ -3.605385768943755, 40.436328509326685 ], [ -3.605155762741414, 40.436488514157539 ], [ -3.604675749797398, 40.437038530763573 ], [ -3.602745697751667, 40.439388601716658 ], [ -3.602515691549326, 40.4397986140957 ], [ -3.602405688582989, 40.440458634022953 ], [ -3.602505691279659, 40.441038651534775 ], [ -3.602885701527005, 40.441818675085159 ], [ -3.605855781618104, 40.447118835106998 ], [ -3.605125761932413, 40.447958860468951 ], [ -3.605145762471747, 40.448068863790162 ], [ -3.605845781348437, 40.44965891179671 ], [ -3.605455770831424, 40.449678912400564 ], [ -3.604745751685067, 40.449738914212134 ], [ -3.603375714740688, 40.449888918741053 ], [ -3.603285712313685, 40.449418904550441 ], [ -3.603205710156349, 40.449068893982961 ], [ -3.603115707729346, 40.448768884925123 ], [ -3.602945703145007, 40.448378873149927 ], [ -3.602925702605673, 40.448338871942212 ], [ -3.602785698830335, 40.448068863790162 ], [ -3.602565692897661, 40.447748854128463 ], [ -3.602355687234654, 40.447488846278333 ], [ -3.602025678335643, 40.44716883661664 ], [ -3.601895674829972, 40.447048832993502 ], [ -3.601655668357964, 40.446858827256868 ], [ -3.601055652177944, 40.446438814575899 ], [ -3.600845646514937, 40.446298810348907 ], [ -3.600345633031587, 40.445978800687207 ], [ -3.599455609031224, 40.445408783477312 ], [ -3.598515583682526, 40.444808765361628 ], [ -3.597715562109166, 40.444298749963302 ], [ -3.596825538108803, 40.443728732753407 ], [ -3.596415527052456, 40.44347872520521 ], [ -3.596205521389449, 40.443348721280145 ], [ -3.595995515726442, 40.443238717958934 ], [ -3.595725508445433, 40.443108714033869 ], [ -3.595395499546422, 40.442978710108811 ], [ -3.594995488759742, 40.442858706485673 ], [ -3.594625478782063, 40.44277870407025 ], [ -3.594105464759379, 40.442698701654827 ], [ -3.59353544938836, 40.442638699843258 ], [ -3.593125438332013, 40.442598698635543 ], [ -3.592105410825979, 40.442508695918193 ], [ -3.591855404084304, 40.442488695314339 ], [ -3.59133539006162, 40.44245869440855 ], [ -3.585395229879422, 40.441908677802509 ], [ -3.585085221519745, 40.441878676896728 ], [ -3.583375175406688, 40.441728672367809 ], [ -3.582415149518656, 40.441638669650459 ], [ -3.581545126057627, 40.441558667235029 ], [ -3.581355120933954, 40.441538666631175 ], [ -3.580895108529272, 40.441498665423467 ], [ -3.580455096663924, 40.441438663611898 ], [ -3.580075086416578, 40.441358661196475 ], [ -3.579825079674903, 40.441298659384906 ], [ -3.579455069697224, 40.441188656063694 ], [ -3.579085059719545, 40.441038651534775 ], [ -3.578385040842855, 40.440708641571149 ], [ -3.57733501252782, 40.440098623153546 ], [ -3.576985003089475, 40.43987861651113 ], [ -3.576464989066791, 40.439558606849431 ], [ -3.576124979898113, 40.43935860081087 ], [ -3.575814971538436, 40.439188595678097 ], [ -3.575394960212422, 40.438998589941463 ], [ -3.575044950774077, 40.438868586016397 ], [ -3.574594938639062, 40.438738582091332 ], [ -3.573964921650041, 40.438628578770128 ], [ -3.573594911672362, 40.438588577562413 ], [ -3.572974894953008, 40.438548576354705 ], [ -3.570224820794583, 40.438408572127713 ], [ -3.569044788973877, 40.438348570316144 ], [ -3.566874730456138, 40.438218566391079 ], [ -3.564184657915715, 40.438058561560233 ], [ -3.564144656837047, 40.438058561560233 ], [ -3.564794674365402, 40.437898556729387 ], [ -3.565254686770084, 40.43774855220046 ], [ -3.565524694051093, 40.437678550086964 ], [ -3.565824702141103, 40.437598547671541 ], [ -3.566224712927783, 40.437468543746476 ], [ -3.566354716433454, 40.437428542538768 ], [ -3.566814728838136, 40.43721853619828 ], [ -3.567204739355149, 40.437018530159719 ], [ -3.567654751490164, 40.436718521101881 ], [ -3.568574776299528, 40.436208505703554 ], [ -3.573824917874703, 40.437668549785037 ], [ -3.575964975583441, 40.436738521705735 ], [ -3.575714968841766, 40.436188505099693 ], [ -3.575554964527094, 40.435848494834147 ], [ -3.575454961830424, 40.435568486380163 ], [ -3.575374959673088, 40.435308478530033 ], [ -3.575274956976418, 40.435008469472194 ], [ -3.575194954819082, 40.434638458300853 ], [ -3.575124952931413, 40.434088441694819 ], [ -3.57913506106788, 40.433608427202273 ], [ -3.579145061337547, 40.433138413011655 ], [ -3.577865026820171, 40.431298357456903 ], [ -3.577275010909818, 40.430498333302666 ], [ -3.577115006595146, 40.430218324848681 ], [ -3.576985003089475, 40.429818312771559 ], [ -3.57633498556112, 40.42966830824264 ], [ -3.576504990145459, 40.428808282276833 ], [ -3.57653499095446, 40.428698278955622 ], [ -3.576774997426468, 40.428038259028376 ], [ -3.57693500174114, 40.427578245139685 ], [ -3.577205009022149, 40.426818222193162 ], [ -3.577295011449152, 40.426548214041105 ], [ -3.577485016572825, 40.426008197736991 ] ] ] } },
{ "type": "Feature", "properties": { "id_barrio": "01015", "nombre_barrio": "Universidad", "nombre_distrito": "Centro", "area_km2": 0.947, "distancia_centro_km": 0.972, "lat_c": 40.425368356195477, "lon_c": -3.7066730576108005 }, "geometry": { "type": "Polygon", "coordinates": [ [ [ -3.701604613578504, 40.420019266919859 ], [ -3.70483845078207, 40.420268024430321 ], [ -3.705258462108084, 40.420298025336102 ], [ -3.705568470467761, 40.420298025336102 ], [ -3.705928480175773, 40.420288025034175 ], [ -3.707928534109173, 40.421548063077104 ], [ -3.710168594514581, 40.422958105648952 ], [ -3.710898614200272, 40.423438120141498 ], [ -3.711708636043299, 40.424308146409231 ], [ -3.712458656268324, 40.425368178413599 ], [ -3.713178675684348, 40.42641821011604 ], [ -3.713898695100372, 40.427478242120408 ], [ -3.71413870157238, 40.4277982517821 ], [ -3.71453871235906, 40.428338268086215 ], [ -3.715608741213429, 40.429788311865778 ], [ -3.716208757393449, 40.430618336925797 ], [ -3.716228757932783, 40.430658338133512 ], [ -3.714628714786063, 40.430488333000739 ], [ -3.713518684853026, 40.4303683293776 ], [ -3.711868640357971, 40.43019832424482 ], [ -3.710508603683259, 40.430058320017828 ], [ -3.708828558379203, 40.429888314885055 ], [ -3.707718528446166, 40.429788311865778 ], [ -3.707418520356156, 40.42975831095999 ], [ -3.705808476939769, 40.429598306129144 ], [ -3.703648418691697, 40.429238295259736 ], [ -3.702408385252989, 40.429058289825029 ], [ -3.701668365297631, 40.427248235176066 ], [ -3.701168351814281, 40.426048198944706 ], [ -3.700898344533272, 40.425368178413599 ], [ -3.700748340488267, 40.424908164524915 ], [ -3.700748340488267, 40.424898164222981 ], [ -3.700668338330931, 40.424178142484166 ], [ -3.700658338061264, 40.42392813493597 ], [ -3.700658338061264, 40.423798131010905 ], [ -3.700648337791597, 40.423608125274271 ], [ -3.700688338870265, 40.423128110781725 ], [ -3.700698339139932, 40.423048108366302 ], [ -3.700808342106269, 40.42255809357183 ], [ -3.700928345342273, 40.422048078173503 ], [ -3.700978346690608, 40.421888073342657 ], [ -3.701178352083948, 40.421328056434689 ], [ -3.701648364758297, 40.420098019297541 ], [ -3.701604613578504, 40.420019266919859 ] ] ] } },
{ "type": "Feature", "properties": { "id_barrio": "15151", "nombre_barrio": "Ventas", "nombre_distrito": "Ciudad Lineal", "area_km2": 3.198, "distancia_centro_km": 4.613, "lat_c": 40.42353694247344, "lon_c": -3.6498437420786254 }, "geometry": { "type": "Polygon", "coordinates": [ [ [ -3.627603339269931, 40.414383380851305 ], [ -3.628046380009177, 40.414527851123644 ], [ -3.628606395110529, 40.414687855954497 ], [ -3.629026406436543, 40.414807859577628 ], [ -3.629926430706573, 40.414997865314263 ], [ -3.630656450392264, 40.415097868333547 ], [ -3.63143647142629, 40.415167870447043 ], [ -3.631886483561305, 40.41517787074897 ], [ -3.632476499471658, 40.415187871050897 ], [ -3.633426525090023, 40.415137869541255 ], [ -3.633796535067702, 40.415117868937401 ], [ -3.634496553944392, 40.415017865918117 ], [ -3.634896564731072, 40.414957864106555 ], [ -3.637526635653493, 40.414587852935213 ], [ -3.639076677451878, 40.414457849010148 ], [ -3.64093672760994, 40.41441784780244 ], [ -3.642876779925338, 40.41450785051979 ], [ -3.644096812824712, 40.414647854746782 ], [ -3.645406848151089, 40.41485786108727 ], [ -3.646076866218778, 40.414987865012336 ], [ -3.646466876735791, 40.415057867125832 ], [ -3.647716910444166, 40.415367876485597 ], [ -3.65013697570358, 40.416087898224418 ], [ -3.654017080334376, 40.417447939286625 ], [ -3.656297141818452, 40.418047957402301 ], [ -3.658687206268865, 40.418667976121839 ], [ -3.659147218673547, 40.421458060359754 ], [ -3.65953722919056, 40.423828131916686 ], [ -3.659647232156897, 40.424508152447792 ], [ -3.660107244561579, 40.426938225816293 ], [ -3.660587257505595, 40.429458301902152 ], [ -3.660827263977603, 40.431428361381968 ], [ -3.659757235123234, 40.431548365005106 ], [ -3.657097163391812, 40.431898375572587 ], [ -3.65693715907714, 40.431918376176441 ], [ -3.655387117278755, 40.432108381913075 ], [ -3.655027107570743, 40.43215838342271 ], [ -3.654167084379381, 40.432268386743921 ], [ -3.653287060648685, 40.432388390367059 ], [ -3.652417037187656, 40.43250839399019 ], [ -3.65223703233365, 40.432538394895978 ], [ -3.650316980557586, 40.432818403349962 ], [ -3.648816940107536, 40.433028409690451 ], [ -3.648656935792864, 40.433048410294305 ], [ -3.64823692446685, 40.433118412407801 ], [ -3.646156868376114, 40.430408330585308 ], [ -3.646116867297446, 40.430208324546754 ], [ -3.645776858128768, 40.428518273520922 ], [ -3.645556852196094, 40.427408240006912 ], [ -3.645576852735428, 40.427278236081847 ], [ -3.645686855701765, 40.426568214644959 ], [ -3.639576690935228, 40.423248114404863 ], [ -3.63893667367654, 40.422898103837383 ], [ -3.635706586574099, 40.421168051603843 ], [ -3.634696559337732, 40.420618034997801 ], [ -3.630816454706936, 40.418517971592919 ], [ -3.629926430706573, 40.41801795649652 ], [ -3.628126382166513, 40.416767918755518 ], [ -3.627766372458501, 40.416547912113103 ], [ -3.626796346300802, 40.415857891280069 ], [ -3.627603339269931, 40.414383380851305 ] ] ] } },
{ "type": "Feature", "properties": { "id_barrio": "04041", "nombre_barrio": "Recoletos", "nombre_distrito": "Salamanca", "area_km2": 0.875, "distancia_centro_km": 1.7, "lat_c": 40.423840140150801, "lon_c": -3.6856368948297118 }, "geometry": { "type": "Polygon", "coordinates": [ [ [ -3.693078133653678, 40.419327996049084 ], [ -3.693088133923345, 40.419337996351018 ], [ -3.691308085922619, 40.423148111385586 ], [ -3.690718070012266, 40.424468151240077 ], [ -3.690458063000924, 40.425268175394322 ], [ -3.690068052483911, 40.426628216456528 ], [ -3.689708042775899, 40.427998257820661 ], [ -3.689358033337554, 40.429388299788656 ], [ -3.685997942729442, 40.429238295259736 ], [ -3.68493791414474, 40.429178293448167 ], [ -3.683827884211703, 40.429118291636598 ], [ -3.679847776884237, 40.428918285598037 ], [ -3.679947779580907, 40.427518243328123 ], [ -3.680077783086578, 40.426128201360129 ], [ -3.680177785783248, 40.424998167242265 ], [ -3.680197786322582, 40.424698158184427 ], [ -3.680347790367587, 40.42272809870461 ], [ -3.679957779850574, 40.421658066398308 ], [ -3.681207813558949, 40.421418059152039 ], [ -3.68243784672799, 40.421158051301909 ], [ -3.683087864256345, 40.421048047980705 ], [ -3.684447900931057, 40.420828041338289 ], [ -3.684567904167061, 40.420808040734428 ], [ -3.6847379087514, 40.420778039828647 ], [ -3.685177920616748, 40.420698037413224 ], [ -3.685857938954104, 40.420578033790086 ], [ -3.685907940302439, 40.420568033488159 ], [ -3.688698015539532, 40.419988015976337 ], [ -3.692178109383648, 40.419508001483791 ], [ -3.693078133653678, 40.419327996049084 ] ] ] } },
{ "type": "Feature", "properties": { "id_barrio": "04043", "nombre_barrio": "Fuente del Berro", "nombre_distrito": "Salamanca", "area_km2": 0.853, "distancia_centro_km": 3.458, "lat_c": 40.425163754909654, "lon_c": -3.6642143128101394 }, "geometry": { "type": "Polygon", "coordinates": [ [ [ -3.658687206268865, 40.418667976121839 ], [ -3.658697206538532, 40.418677976423766 ], [ -3.662917320338006, 40.419668006314637 ], [ -3.665027377237743, 40.420218022920679 ], [ -3.668997484295542, 40.421188052207697 ], [ -3.66883747998087, 40.422948105347025 ], [ -3.668827479711203, 40.423058108668229 ], [ -3.668787478632535, 40.423718128595482 ], [ -3.668777478362868, 40.423828131916686 ], [ -3.668707476475199, 40.424468151240077 ], [ -3.668687475935865, 40.424688157882493 ], [ -3.668617474048196, 40.425588185056014 ], [ -3.668487470542525, 40.426978227024009 ], [ -3.668697476205532, 40.428128261745726 ], [ -3.667267437643151, 40.42881828257876 ], [ -3.665147380473747, 40.429848313677347 ], [ -3.665017376968076, 40.429908315488909 ], [ -3.663917347304706, 40.430468332396877 ], [ -3.662467308202991, 40.431168353531838 ], [ -3.662247302270317, 40.43121835504148 ], [ -3.662167300112981, 40.431238355645334 ], [ -3.662057297146644, 40.431258356249188 ], [ -3.661847291483637, 40.431298357456903 ], [ -3.660807263438269, 40.431418361080041 ], [ -3.660587257505595, 40.429458301902152 ], [ -3.660107244561579, 40.426938225816293 ], [ -3.659647232156897, 40.424508152447792 ], [ -3.65953722919056, 40.423828131916686 ], [ -3.659147218673547, 40.421458060359754 ], [ -3.658687206268865, 40.418667976121839 ] ] ] } },
{ "type": "Feature", "properties": { "id_barrio": "04042", "nombre_barrio": "Goya", "nombre_distrito": "Salamanca", "area_km2": 0.771, "distancia_centro_km": 2.639, "lat_c": 40.425293328757178, "lon_c": -3.6743962333126881 }, "geometry": { "type": "Polygon", "coordinates": [ [ [ -3.668997484295542, 40.421188052207697 ], [ -3.67283758784767, 40.421388058246258 ], [ -3.674387629646055, 40.421458060359754 ], [ -3.675997673062442, 40.421538062775177 ], [ -3.677517714051826, 40.421608064888673 ], [ -3.678927752074873, 40.421668066700242 ], [ -3.678967753153541, 40.421668066700242 ], [ -3.679427765558223, 40.421678067002169 ], [ -3.679957779850574, 40.421658066398308 ], [ -3.680347790367587, 40.42272809870461 ], [ -3.680197786322582, 40.424698158184427 ], [ -3.680177785783248, 40.424998167242265 ], [ -3.680077783086578, 40.426128201360129 ], [ -3.679947779580907, 40.427518243328123 ], [ -3.67983777661457, 40.428918285598037 ], [ -3.67833773616452, 40.428828282880687 ], [ -3.676917697871806, 40.428768281069118 ], [ -3.675397656882422, 40.428698278955622 ], [ -3.673797613735702, 40.428628276842126 ], [ -3.672287573015985, 40.428538274124776 ], [ -3.671697557105632, 40.428508273218995 ], [ -3.669107487261879, 40.428368268992003 ], [ -3.668687475935865, 40.428128261745726 ], [ -3.668487470542525, 40.426978227024009 ], [ -3.668617474048196, 40.425588185056014 ], [ -3.668687475935865, 40.424688157882493 ], [ -3.668707476475199, 40.424468151240077 ], [ -3.668777478362868, 40.423828131916686 ], [ -3.668787478632535, 40.423718128595482 ], [ -3.668827479711203, 40.423058108668229 ], [ -3.66883747998087, 40.422948105347025 ], [ -3.668997484295542, 40.421188052207697 ] ] ] } },
{ "type": "Feature", "properties": { "id_barrio": "09091", "nombre_barrio": "Casa de Campo", "nombre_distrito": "Moncloa - Aravaca", "area_km2": 17.45, "distancia_centro_km": 3.801, "lat_c": 40.423889911924299, "lon_c": -3.7473954655756554 }, "geometry": { "type": "Polygon", "coordinates": [ [ [ -3.77453670132596, 40.400306948120729 ], [ -3.774320324428386, 40.40206747492136 ], [ -3.775570358136761, 40.403227509945005 ], [ -3.776320378361786, 40.403997533193461 ], [ -3.776850392654137, 40.405247570934463 ], [ -3.77764041395783, 40.406337603844612 ], [ -3.778290431486185, 40.407497638868264 ], [ -3.77834043283452, 40.407577641283687 ], [ -3.778350433104187, 40.407607642189468 ], [ -3.778590439576195, 40.408187659701298 ], [ -3.77914045440788, 40.410527730352449 ], [ -3.779170455216881, 40.41072773639101 ], [ -3.779420461958556, 40.412137778962858 ], [ -3.780560492700594, 40.414257842971594 ], [ -3.780730497284933, 40.414967864408482 ], [ -3.781080506723278, 40.416367906678403 ], [ -3.781370514543621, 40.417527941702048 ], [ -3.781370514543621, 40.417537942003975 ], [ -3.781190509689615, 40.418307965252431 ], [ -3.781050505914277, 40.418887982764254 ], [ -3.780810499442269, 40.419898013258987 ], [ -3.7807404975546, 40.420168021411037 ], [ -3.780520491621926, 40.421078048886486 ], [ -3.780360487307254, 40.421758069417592 ], [ -3.780330486498253, 40.42187807304073 ], [ -3.780010477868909, 40.422508092062195 ], [ -3.779850473554237, 40.422788100516179 ], [ -3.779750470857567, 40.42299810685666 ], [ -3.779110453598879, 40.424238144295735 ], [ -3.779100453329212, 40.424258144899589 ], [ -3.777550411530827, 40.42521817388468 ], [ -3.77684039238447, 40.425648186867583 ], [ -3.775900367035772, 40.426238204681333 ], [ -3.775620359485096, 40.42641821011604 ], [ -3.77514034654108, 40.426718219173878 ], [ -3.774560330900394, 40.427068229741359 ], [ -3.774300323889052, 40.427238234874139 ], [ -3.773820310945036, 40.427538243931977 ], [ -3.773570304203361, 40.427678248158969 ], [ -3.772500275348992, 40.428348268388142 ], [ -3.771960260786974, 40.428688278653695 ], [ -3.771220240831616, 40.429148292542386 ], [ -3.770780228966268, 40.429418300694437 ], [ -3.770800229505602, 40.434868465245202 ], [ -3.770800229505602, 40.435438482455098 ], [ -3.770810229775269, 40.436928527442369 ], [ -3.770810229775269, 40.438248567296867 ], [ -3.770820230044936, 40.44020862647475 ], [ -3.770830230314603, 40.442858706485673 ], [ -3.770830230314603, 40.444058742717033 ], [ -3.77084023058427, 40.444058742717033 ], [ -3.770790229235935, 40.444528756907644 ], [ -3.766920124874806, 40.447828856543886 ], [ -3.766300108155452, 40.448168866809439 ], [ -3.765290080919085, 40.448588879490416 ], [ -3.762720011614666, 40.449528907871645 ], [ -3.762600008378662, 40.449418904550441 ], [ -3.762360001906654, 40.449228898813807 ], [ -3.76203999327731, 40.449048893379107 ], [ -3.761379975479288, 40.448728883717408 ], [ -3.759169915882881, 40.447738853826536 ], [ -3.757669875432831, 40.44707883389929 ], [ -3.75613983417378, 40.44637881276433 ], [ -3.754769797229401, 40.445768794346719 ], [ -3.75343976136369, 40.44517877653297 ], [ -3.750649686126597, 40.443918738490041 ], [ -3.749669659699231, 40.443488725507137 ], [ -3.749089644058545, 40.443198716751226 ], [ -3.748669632732531, 40.442938708901096 ], [ -3.745789555068435, 40.44081864489236 ], [ -3.743549494663027, 40.439138594168455 ], [ -3.742849475786337, 40.438618578468201 ], [ -3.742319461493986, 40.438218566391079 ], [ -3.741749446122967, 40.437738551898534 ], [ -3.741279433448618, 40.437228536500207 ], [ -3.740409409987589, 40.436118502986197 ], [ -3.740129402436913, 40.435798493324505 ], [ -3.739829394346903, 40.435458483058952 ], [ -3.739469384638891, 40.435148473699186 ], [ -3.738909369537539, 40.434798463131706 ], [ -3.738299353087852, 40.434548455583503 ], [ -3.737669336098831, 40.434418451658438 ], [ -3.737149322076147, 40.434358449846869 ], [ -3.735969290255441, 40.434278447431446 ], [ -3.735349273536087, 40.434238446223738 ], [ -3.734549251962727, 40.434198445016023 ], [ -3.734229243333383, 40.434198445016023 ], [ -3.733949235782707, 40.434238446223738 ], [ -3.733359219872354, 40.434368450148803 ], [ -3.730969155421941, 40.434988468868333 ], [ -3.727999075330842, 40.435698490305221 ], [ -3.726409032453789, 40.436078501778489 ], [ -3.725058996048744, 40.436648518988385 ], [ -3.723158944812014, 40.437428542538768 ], [ -3.721698905440632, 40.436668519592239 ], [ -3.71983885528257, 40.435738491512936 ], [ -3.719528846922893, 40.435068471283756 ], [ -3.719478845574558, 40.434958467962552 ], [ -3.721668904631631, 40.434038440185176 ], [ -3.723988967194375, 40.433038409992378 ], [ -3.724118970700046, 40.432978408180809 ], [ -3.725198999824082, 40.43250839399019 ], [ -3.723188945621015, 40.430398330283381 ], [ -3.722928938609673, 40.430128322131324 ], [ -3.722878937261338, 40.430068320319762 ], [ -3.722598929710662, 40.429788311865778 ], [ -3.722308921890319, 40.429498303109867 ], [ -3.721708905710299, 40.428878284390329 ], [ -3.720508873350259, 40.427628246649327 ], [ -3.719748852855567, 40.426838222797016 ], [ -3.718898829933872, 40.425958196227349 ], [ -3.718418816989856, 40.425458181130949 ], [ -3.718368815641521, 40.425448180829022 ], [ -3.717228784899483, 40.425188172978899 ], [ -3.716828774112803, 40.425098170261542 ], [ -3.716248758472117, 40.424968166336477 ], [ -3.714848720718737, 40.423538123160775 ], [ -3.714758718291734, 40.423448120443425 ], [ -3.715328733662753, 40.422798100818106 ], [ -3.71543873662909, 40.422708098100749 ], [ -3.715688743370765, 40.422498091760261 ], [ -3.716398762517122, 40.421918074248438 ], [ -3.716408762786789, 40.421908073946511 ], [ -3.716448763865457, 40.421898073644584 ], [ -3.716498765213792, 40.421888073342657 ], [ -3.716628768719463, 40.42187807304073 ], [ -3.716748771955467, 40.42187807304073 ], [ -3.716828774112803, 40.421888073342657 ], [ -3.716928776809473, 40.421898073644584 ], [ -3.717068780584811, 40.421948075154226 ], [ -3.717478791641158, 40.422238083910138 ], [ -3.717828801079503, 40.422488091458334 ], [ -3.718498819147192, 40.422788100516179 ], [ -3.719448844765557, 40.422698097798822 ], [ -3.719018833169876, 40.422228083608211 ], [ -3.718648823192197, 40.421828071531088 ], [ -3.718068807551511, 40.421208052811551 ], [ -3.718058807281844, 40.420288025034175 ], [ -3.720188864720915, 40.420258024128394 ], [ -3.720198864990582, 40.420248023826467 ], [ -3.720298867687252, 40.42006801839176 ], [ -3.720398870383922, 40.419898013258987 ], [ -3.720698878473932, 40.419468000276076 ], [ -3.721068888451611, 40.419117989708603 ], [ -3.721508900316959, 40.418767979141123 ], [ -3.72183890921597, 40.418577973404489 ], [ -3.722048914878977, 40.41845796978135 ], [ -3.722158917845314, 40.418037957100374 ], [ -3.722378923777988, 40.417177931134567 ], [ -3.724858990655404, 40.416167900639842 ], [ -3.726219027330116, 40.415667885543442 ], [ -3.729579117938228, 40.414437848406294 ], [ -3.732799204771002, 40.413287813684576 ], [ -3.734179241985048, 40.412797798890104 ], [ -3.737919342840506, 40.411467758733679 ], [ -3.738529359290193, 40.411057746354629 ], [ -3.741849448819637, 40.409207690497951 ], [ -3.741979452325308, 40.409257692007593 ], [ -3.742069454752311, 40.409287692913374 ], [ -3.742229459066983, 40.409347694724943 ], [ -3.742359462572654, 40.409387695932658 ], [ -3.742449464999657, 40.409417696838439 ], [ -3.74253946742666, 40.409447697744227 ], [ -3.742879476595338, 40.409537700461577 ], [ -3.743049481179677, 40.409567701367358 ], [ -3.74313948360668, 40.409577701669285 ], [ -3.743189484955015, 40.409577701669285 ], [ -3.743209485494349, 40.409577701669285 ], [ -3.743259486842684, 40.409577701669285 ], [ -3.743329488730353, 40.409567701367358 ], [ -3.743559494932694, 40.409517699857723 ], [ -3.743859503022704, 40.409447697744227 ], [ -3.74393950518004, 40.409427697140366 ], [ -3.744409517854389, 40.409317693819162 ], [ -3.744469519472391, 40.409297693215301 ], [ -3.744499520281392, 40.409287692913374 ], [ -3.744579522438728, 40.409257692007593 ], [ -3.744609523247729, 40.409227691101805 ], [ -3.744669524865731, 40.409147688686382 ], [ -3.747479600642158, 40.408777677515047 ], [ -3.747889611698505, 40.408727676005405 ], [ -3.749869665092571, 40.408457667853355 ], [ -3.750549683429927, 40.408367665135998 ], [ -3.750649686126597, 40.408357664834071 ], [ -3.750759689092934, 40.408337664230217 ], [ -3.750889692598605, 40.408317663626363 ], [ -3.752069724419311, 40.40774764641646 ], [ -3.752659740329664, 40.407467637962476 ], [ -3.754919801274406, 40.406317603240758 ], [ -3.755699822308432, 40.405907590861709 ], [ -3.755959829319774, 40.405817588144359 ], [ -3.756119833634446, 40.405777586936651 ], [ -3.756279837949118, 40.40575758633279 ], [ -3.756499843881792, 40.405747586030863 ], [ -3.756719849814466, 40.405717585125082 ], [ -3.756879854129138, 40.405687584219294 ], [ -3.757059858983144, 40.405627582407725 ], [ -3.757359867073154, 40.405457577274952 ], [ -3.757659875163164, 40.405287572142178 ], [ -3.759759931793234, 40.404067535306957 ], [ -3.759859934489904, 40.40396753228768 ], [ -3.760229944467583, 40.403647522625981 ], [ -3.760449950400257, 40.403367514171997 ], [ -3.760809960108269, 40.402877499377524 ], [ -3.762279999749318, 40.400987442313138 ], [ -3.762400002985322, 40.400927440501569 ], [ -3.762740012154, 40.400687433255293 ], [ -3.764360055840054, 40.399397394306582 ], [ -3.764750066357067, 40.399297391287305 ], [ -3.765510086851759, 40.399097385248744 ], [ -3.765630090087763, 40.399267390381517 ], [ -3.767020127571476, 40.399227389173809 ], [ -3.769290188785885, 40.399617400948998 ], [ -3.770660225730264, 40.399527398231648 ], [ -3.773710307978699, 40.40027742087625 ], [ -3.773860312023704, 40.400297421480104 ], [ -3.77453670132596, 40.400306948120729 ] ] ] } },
{ "type": "Feature", "properties": { "id_barrio": "20203", "nombre_barrio": "Amposta", "nombre_distrito": "San Blas - Canillejas", "area_km2": 0.37, "distancia_centro_km": 6.953, "lat_c": 40.425877249459646, "lon_c": -3.6224058776917429 }, "geometry": { "type": "Polygon", "coordinates": [ [ [ -3.626596340907462, 40.422108079985072 ], [ -3.626596340907462, 40.422118080286999 ], [ -3.627416363020156, 40.423248114404863 ], [ -3.628406389717189, 40.424478151542004 ], [ -3.6257363177161, 40.426408209814113 ], [ -3.625246304502417, 40.425758190188795 ], [ -3.624776291828068, 40.425968196529283 ], [ -3.624586286704395, 40.42606819954856 ], [ -3.624446282929057, 40.42615820226591 ], [ -3.624366280771721, 40.426218204077479 ], [ -3.623676262164698, 40.426958226420155 ], [ -3.622886240861005, 40.427818252385961 ], [ -3.622666234928331, 40.42796825691488 ], [ -3.622656234658664, 40.427978257216807 ], [ -3.621266197174951, 40.428618276540199 ], [ -3.620516176949926, 40.428978287409606 ], [ -3.620386173444255, 40.429018288617321 ], [ -3.620356172635254, 40.429038289221175 ], [ -3.62023616939925, 40.42907829042889 ], [ -3.620026163736243, 40.429108291334671 ], [ -3.619516149983226, 40.42916829314624 ], [ -3.617856105218504, 40.429318297675159 ], [ -3.615616044813096, 40.429528304015648 ], [ -3.615066029981411, 40.427998257820661 ], [ -3.617986108724175, 40.426908224910513 ], [ -3.618216114926516, 40.426778220985447 ], [ -3.620806184770269, 40.425328177205884 ], [ -3.620366172904921, 40.424728159090208 ], [ -3.621986216590975, 40.424058138861028 ], [ -3.623516257850026, 40.423418119537637 ], [ -3.625266305041751, 40.422668096893041 ], [ -3.625556312862094, 40.422548093269903 ], [ -3.626596340907462, 40.422108079985072 ] ] ] } },
{ "type": "Feature", "properties": { "id_barrio": "20201", "nombre_barrio": "Simancas", "nombre_distrito": "San Blas - Canillejas", "area_km2": 2.274, "distancia_centro_km": 6.959, "lat_c": 40.434117645696595, "lon_c": -3.6246314142508655 }, "geometry": { "type": "Polygon", "coordinates": [ [ [ -3.625726317446433, 40.42641821011604 ], [ -3.628406389717189, 40.424478151542004 ], [ -3.629396416414222, 40.425988197133137 ], [ -3.629516419650226, 40.426168202567837 ], [ -3.630056434212244, 40.426878224004724 ], [ -3.630696451470932, 40.427768250876319 ], [ -3.631266466841951, 40.428568275030557 ], [ -3.63163647681963, 40.429088290730817 ], [ -3.632016487066976, 40.429608306431071 ], [ -3.632096489224312, 40.429718309752282 ], [ -3.632356496235654, 40.430068320319762 ], [ -3.633066515382011, 40.431038349606773 ], [ -3.633696532371032, 40.431928376478368 ], [ -3.633826535876703, 40.432118382215002 ], [ -3.633906538034039, 40.432228385536206 ], [ -3.634426552056723, 40.43294840727502 ], [ -3.63483656311307, 40.43352842478685 ], [ -3.635146571472747, 40.43396843807168 ], [ -3.635666585495431, 40.434658458904714 ], [ -3.636546609226127, 40.435878495739928 ], [ -3.638026649136843, 40.437888556427453 ], [ -3.635476580371758, 40.438558576656632 ], [ -3.634046541809377, 40.43894858843182 ], [ -3.632846509449337, 40.439278598395447 ], [ -3.632106489493979, 40.439478604434008 ], [ -3.630646450122597, 40.439868616209196 ], [ -3.628106381627179, 40.440568637344157 ], [ -3.62563631501943, 40.441248657875263 ], [ -3.623496257310692, 40.441838675689013 ], [ -3.62013616670258, 40.442748703164462 ], [ -3.617676100364498, 40.443428723695568 ], [ -3.616906079600139, 40.443698731847626 ], [ -3.615596044273762, 40.441358661196475 ], [ -3.615106031060079, 40.440488634928734 ], [ -3.614566016498061, 40.439478604434008 ], [ -3.614286008947385, 40.438998589941463 ], [ -3.613845997082037, 40.438208566089152 ], [ -3.613265981441351, 40.437168534688638 ], [ -3.612475960137658, 40.435688490003294 ], [ -3.612395957980322, 40.435528485172448 ], [ -3.612365957171321, 40.435388480945456 ], [ -3.612175952047648, 40.434598457093145 ], [ -3.61363599141903, 40.434268447129519 ], [ -3.614816023239736, 40.433998438977461 ], [ -3.615396038880422, 40.433868435052396 ], [ -3.616096057757112, 40.433768432033119 ], [ -3.616876078791138, 40.433768432033119 ], [ -3.617746102252167, 40.433778432335046 ], [ -3.618846131915537, 40.433788432636973 ], [ -3.619566151331561, 40.433758431731192 ], [ -3.620376173174588, 40.433578426296485 ], [ -3.620966189084941, 40.433338419050216 ], [ -3.62163620715263, 40.433078411200086 ], [ -3.622576232501328, 40.429228294957809 ], [ -3.623096246524012, 40.42846827201128 ], [ -3.623116247063346, 40.428428270803565 ], [ -3.623386254344355, 40.42820826416115 ], [ -3.623866267288371, 40.427818252385961 ], [ -3.625206303423749, 40.426798221589301 ], [ -3.625726317446433, 40.42641821011604 ] ] ] } },
{ "type": "Feature", "properties": { "id_barrio": "07074", "nombre_barrio": "Almagro", "nombre_distrito": "Chamberí", "area_km2": 0.94, "distancia_centro_km": 1.894, "lat_c": 40.432029935091585, "lon_c": -3.6930877426640727 }, "geometry": { "type": "Polygon", "coordinates": [ [ [ -3.690458063000924, 40.425268175394322 ], [ -3.690458063000924, 40.425258175092388 ], [ -3.691398088349622, 40.42547818173481 ], [ -3.693858154687704, 40.426698218570024 ], [ -3.695128188935413, 40.427338237893416 ], [ -3.695788206733435, 40.427638246951254 ], [ -3.695818207542436, 40.428098260839946 ], [ -3.696508226149459, 40.429708309450355 ], [ -3.696998239363142, 40.430858344172073 ], [ -3.697378249610488, 40.43171837013788 ], [ -3.697628256352163, 40.432288387347775 ], [ -3.697728259048833, 40.43250839399019 ], [ -3.698148270374847, 40.433498423881062 ], [ -3.698748286554867, 40.434938467358698 ], [ -3.699108296262879, 40.435778492720651 ], [ -3.699508307049559, 40.436718521101881 ], [ -3.700258327274584, 40.438488574543136 ], [ -3.699318301925886, 40.438438573033494 ], [ -3.698528280622193, 40.438398571825786 ], [ -3.697778260397168, 40.438358570618071 ], [ -3.696288220216785, 40.438288568504575 ], [ -3.692898128799672, 40.438128563673729 ], [ -3.690718070012266, 40.43797855914481 ], [ -3.689388034146555, 40.436098502382343 ], [ -3.688778017696868, 40.435198475208821 ], [ -3.688758017157534, 40.43516847430304 ], [ -3.688418007988856, 40.433048410294305 ], [ -3.688458009067524, 40.432898405765386 ], [ -3.68903802470821, 40.430618336925797 ], [ -3.689348033067887, 40.429388299788656 ], [ -3.689708042775899, 40.427998257820661 ], [ -3.690068052483911, 40.426628216456528 ], [ -3.690458063000924, 40.425268175394322 ] ] ] } },
{ "type": "Feature", "properties": { "id_barrio": "04045", "nombre_barrio": "Lista", "nombre_distrito": "Salamanca", "area_km2": 0.52, "distancia_centro_km": 2.916, "lat_c": 40.432899057998767, "lon_c": -3.6762237066991017 }, "geometry": { "type": "Polygon", "coordinates": [ [ [ -3.679127757468213, 40.437448543142622 ], [ -3.679127757468213, 40.437438542840695 ], [ -3.678007727265509, 40.437388541331053 ], [ -3.677617716748496, 40.43739854163298 ], [ -3.677607716478829, 40.43739854163298 ], [ -3.677417711355156, 40.437408541934914 ], [ -3.676657690860464, 40.436668519592239 ], [ -3.675757666590434, 40.435788493022578 ], [ -3.674817641241736, 40.434858464943268 ], [ -3.673377602409688, 40.433438422069493 ], [ -3.67313759593768, 40.433148413313582 ], [ -3.671987564925975, 40.431758371345595 ], [ -3.670847534183937, 40.430448331793023 ], [ -3.670167515846581, 40.42966830824264 ], [ -3.669107487261879, 40.428368268992003 ], [ -3.671697557105632, 40.428508273218995 ], [ -3.672287573015985, 40.428538274124776 ], [ -3.673797613735702, 40.428628276842126 ], [ -3.675397656882422, 40.428698278955622 ], [ -3.676917697871806, 40.428768281069118 ], [ -3.67833773616452, 40.428828282880687 ], [ -3.67983777661457, 40.428928285899964 ], [ -3.679627770951563, 40.431378359872326 ], [ -3.679517767985226, 40.432648398217182 ], [ -3.67943776582789, 40.43370843022155 ], [ -3.679357763670554, 40.434778462527845 ], [ -3.679257760973884, 40.435948497853424 ], [ -3.679127757468213, 40.437448543142622 ] ] ] } },
{ "type": "Feature", "properties": { "id_barrio": "07073", "nombre_barrio": "Trafalgar", "nombre_distrito": "Chamberí", "area_km2": 0.611, "distancia_centro_km": 1.826, "lat_c": 40.433303884917215, "lon_c": -3.7012786869716505 }, "geometry": { "type": "Polygon", "coordinates": [ [ [ -3.695788641387783, 40.427644911672758 ], [ -3.697128242868813, 40.427938256009092 ], [ -3.699408304352889, 40.428418270501638 ], [ -3.701948372848307, 40.428968287107679 ], [ -3.702408385252989, 40.429058289825029 ], [ -3.703648418691697, 40.429238295259736 ], [ -3.705808476939769, 40.429608306431071 ], [ -3.705558470198094, 40.430318327867958 ], [ -3.705158459411414, 40.431438361683895 ], [ -3.704548442961727, 40.433108412105874 ], [ -3.704378438377388, 40.433568425994558 ], [ -3.704318436759386, 40.434898466150983 ], [ -3.704278435680718, 40.436038500570774 ], [ -3.704258435141384, 40.436758522309589 ], [ -3.704248434871717, 40.437178534990565 ], [ -3.70423843460205, 40.43867858027977 ], [ -3.701078349387278, 40.438538576052778 ], [ -3.700268327544251, 40.438488574543136 ], [ -3.699508307049559, 40.436718521101881 ], [ -3.699108296262879, 40.435778492720651 ], [ -3.698748286554867, 40.434938467358698 ], [ -3.698148270374847, 40.433498423881062 ], [ -3.697728259048833, 40.43250839399019 ], [ -3.697628256352163, 40.432288387347775 ], [ -3.697378249610488, 40.43171837013788 ], [ -3.696998239363142, 40.430858344172073 ], [ -3.696508226149459, 40.429708309450355 ], [ -3.695818207542436, 40.428098260839946 ], [ -3.695788641387783, 40.427644911672758 ] ] ] } },
{ "type": "Feature", "properties": { "id_barrio": "04044", "nombre_barrio": "Guindalera", "nombre_distrito": "Salamanca", "area_km2": 1.601, "distancia_centro_km": 3.703, "lat_c": 40.436276135120359, "lon_c": -3.6679572934101947 }, "geometry": { "type": "Polygon", "coordinates": [ [ [ -3.668692054258376, 40.428130877938457 ], [ -3.669107487261879, 40.428368268992003 ], [ -3.670167515846581, 40.42966830824264 ], [ -3.670847534183937, 40.430448331793023 ], [ -3.671987564925975, 40.431758371345595 ], [ -3.67313759593768, 40.433148413313582 ], [ -3.673377602409688, 40.433438422069493 ], [ -3.674817641241736, 40.434858464943268 ], [ -3.675757666590434, 40.435788493022578 ], [ -3.676657690860464, 40.436668519592239 ], [ -3.677397710815822, 40.437408541934914 ], [ -3.677007700298809, 40.43756854676576 ], [ -3.675907670635439, 40.438248567296867 ], [ -3.675277653646418, 40.438628578770128 ], [ -3.675107649062079, 40.438698580883624 ], [ -3.674887643129405, 40.438778583299047 ], [ -3.674707638275399, 40.438828584808689 ], [ -3.67443763099439, 40.438888586620259 ], [ -3.673317600791686, 40.439088592658813 ], [ -3.672327574094653, 40.43926859809352 ], [ -3.671807560071969, 40.439398602018585 ], [ -3.671297546318952, 40.439548606547504 ], [ -3.670907535801939, 40.439688610774496 ], [ -3.670467523936591, 40.439868616209196 ], [ -3.670087513689245, 40.44005862194583 ], [ -3.669767505059901, 40.440228627078611 ], [ -3.668427468924523, 40.441008650628994 ], [ -3.666797424968802, 40.441958679312151 ], [ -3.666097406092112, 40.442378691993127 ], [ -3.665257383440084, 40.442848706183746 ], [ -3.664287357282385, 40.44330872007243 ], [ -3.664257356473384, 40.443318720374357 ], [ -3.662657313326664, 40.443898737886187 ], [ -3.660607258044929, 40.444608759323074 ], [ -3.660127245100913, 40.443948739395822 ], [ -3.659757235123234, 40.443288719468576 ], [ -3.659487227842225, 40.442628699541331 ], [ -3.659357224336554, 40.442138684746858 ], [ -3.659317223257886, 40.441738672669736 ], [ -3.659247221370217, 40.440828645194287 ], [ -3.65923722110055, 40.440678640665368 ], [ -3.659227220830883, 40.440498635230661 ], [ -3.659287222448885, 40.439238597187739 ], [ -3.659297222718552, 40.438928587827967 ], [ -3.659397225415222, 40.438268567900721 ], [ -3.659587230538895, 40.436978528952011 ], [ -3.659597230808562, 40.436918527140442 ], [ -3.659697233505232, 40.436398511440181 ], [ -3.659717234044566, 40.436248506911262 ], [ -3.659827237010903, 40.435588486984017 ], [ -3.659907239168239, 40.435118472793398 ], [ -3.660017242134576, 40.434658458904714 ], [ -3.660187246718915, 40.433938437165892 ], [ -3.660807263438269, 40.431418361080041 ], [ -3.661847291483637, 40.431298357456903 ], [ -3.662057297146644, 40.431258356249188 ], [ -3.662167300112981, 40.431238355645334 ], [ -3.662247302270317, 40.43121835504148 ], [ -3.662467308202991, 40.431168353531838 ], [ -3.663917347304706, 40.430468332396877 ], [ -3.665017376968076, 40.429908315488909 ], [ -3.665147380473747, 40.429848313677347 ], [ -3.667267437643151, 40.42881828257876 ], [ -3.668692054258376, 40.428130877938457 ] ] ] } },
{ "type": "Feature", "properties": { "id_barrio": "20202", "nombre_barrio": "Hellín", "nombre_distrito": "San Blas - Canillejas", "area_km2": 0.551, "distancia_centro_km": 7.527, "lat_c": 40.431124871781741, "lon_c": -3.6167580663443752 }, "geometry": { "type": "Polygon", "coordinates": [ [ [ -3.610995920226942, 40.429018288617321 ], [ -3.610985919957275, 40.429008288315394 ], [ -3.611215926159616, 40.428628276842126 ], [ -3.612485960407325, 40.427468241818481 ], [ -3.613225980362683, 40.427928255707165 ], [ -3.613415985486356, 40.42796825691488 ], [ -3.613455986565024, 40.427978257216807 ], [ -3.615066029981411, 40.427998257820661 ], [ -3.615616044813096, 40.429528304015648 ], [ -3.617856105218504, 40.429318297675159 ], [ -3.619516149983226, 40.42916829314624 ], [ -3.620026163736243, 40.429108291334671 ], [ -3.62023616939925, 40.42907829042889 ], [ -3.620356172635254, 40.429038289221175 ], [ -3.620386173444255, 40.429018288617321 ], [ -3.620516176949926, 40.428978287409606 ], [ -3.621266197174951, 40.428618276540199 ], [ -3.622656234658664, 40.427978257216807 ], [ -3.622666234928331, 40.42796825691488 ], [ -3.622886240861005, 40.427818252385961 ], [ -3.623676262164698, 40.426958226420155 ], [ -3.624366280771721, 40.426218204077479 ], [ -3.624446282929057, 40.42615820226591 ], [ -3.624586286704395, 40.42606819954856 ], [ -3.624776291828068, 40.425968196529283 ], [ -3.625246304502417, 40.425758190188795 ], [ -3.625726317446433, 40.42641821011604 ], [ -3.625206303423749, 40.426798221589301 ], [ -3.623866267288371, 40.427818252385961 ], [ -3.623386254344355, 40.42820826416115 ], [ -3.623116247063346, 40.428428270803565 ], [ -3.623096246524012, 40.42846827201128 ], [ -3.622576232501328, 40.429228294957809 ], [ -3.62163620715263, 40.433078411200086 ], [ -3.620966189084941, 40.433338419050216 ], [ -3.620376173174588, 40.433578426296485 ], [ -3.619566151331561, 40.433758431731192 ], [ -3.618846131915537, 40.433788432636973 ], [ -3.617746102252167, 40.433778432335046 ], [ -3.616876078791138, 40.433768432033119 ], [ -3.616096057757112, 40.433768432033119 ], [ -3.615396038880422, 40.433868435052396 ], [ -3.614816023239736, 40.433998438977461 ], [ -3.61363599141903, 40.434268447129519 ], [ -3.612185952317315, 40.434608457395072 ], [ -3.61203594827231, 40.43396843807168 ], [ -3.6117359401823, 40.432658398519109 ], [ -3.611055921844944, 40.429648307638786 ], [ -3.611045921575277, 40.429538304317575 ], [ -3.610995920226942, 40.429018288617321 ] ] ] } },
{ "type": "Feature", "properties": { "id_barrio": "04046", "nombre_barrio": "Castellana", "nombre_distrito": "Salamanca", "area_km2": 0.773, "distancia_centro_km": 2.466, "lat_c": 40.433378295816276, "lon_c": -3.6839636548509609 }, "geometry": { "type": "Polygon", "coordinates": [ [ [ -3.67983777661457, 40.428928285899964 ], [ -3.683827884211703, 40.429118291636598 ], [ -3.68493791414474, 40.429178293448167 ], [ -3.685997942729442, 40.429238295259736 ], [ -3.689348033067887, 40.429388299788656 ], [ -3.68903802470821, 40.430618336925797 ], [ -3.688458009067524, 40.432898405765386 ], [ -3.688418007988856, 40.433048410294305 ], [ -3.688758017157534, 40.43516847430304 ], [ -3.688778017696868, 40.435198475208821 ], [ -3.689388034146555, 40.436098502382343 ], [ -3.690718070012266, 40.43797855914481 ], [ -3.686257949740784, 40.437798553710103 ], [ -3.685197921156082, 40.43774855220046 ], [ -3.684197894189382, 40.437698550690826 ], [ -3.683117865065346, 40.437648549181183 ], [ -3.681767828660301, 40.437588547369614 ], [ -3.680497794412592, 40.437518545256118 ], [ -3.679127757468213, 40.437448543142622 ], [ -3.679257760973884, 40.435948497853424 ], [ -3.679357763670554, 40.434778462527845 ], [ -3.67943776582789, 40.43370843022155 ], [ -3.679517767985226, 40.432648398217182 ], [ -3.679627770951563, 40.431378359872326 ], [ -3.67983777661457, 40.428928285899964 ] ] ] } },
{ "type": "Feature", "properties": { "id_barrio": "07072", "nombre_barrio": "Arapiles", "nombre_distrito": "Chamberí", "area_km2": 0.578, "distancia_centro_km": 1.986, "lat_c": 40.434523540555276, "lon_c": -3.7079086584400356 }, "geometry": { "type": "Polygon", "coordinates": [ [ [ -3.705808476939769, 40.429608306431071 ], [ -3.707418520356156, 40.42975831095999 ], [ -3.707718528446166, 40.429788311865778 ], [ -3.708828558379203, 40.429888314885055 ], [ -3.710508603683259, 40.430058320017828 ], [ -3.711858640088304, 40.430188323942893 ], [ -3.711718636312966, 40.431738370741733 ], [ -3.711618633616296, 40.432958407576955 ], [ -3.711508630649959, 40.43414844350638 ], [ -3.711428628492623, 40.435248476718463 ], [ -3.71133862606562, 40.436318509024758 ], [ -3.711228623099283, 40.437558546463833 ], [ -3.711128620402613, 40.43891858752604 ], [ -3.709948588581907, 40.438868586016397 ], [ -3.708288543817185, 40.438808584204828 ], [ -3.707048510378477, 40.43876858299712 ], [ -3.706498495546792, 40.438748582393266 ], [ -3.70423843460205, 40.43867858027977 ], [ -3.704248434871717, 40.437178534990565 ], [ -3.704258435141384, 40.436758522309589 ], [ -3.704278435680718, 40.436038500570774 ], [ -3.704318436759386, 40.434898466150983 ], [ -3.704378438377388, 40.433568425994558 ], [ -3.704548442961727, 40.433108412105874 ], [ -3.705158459411414, 40.431438361683895 ], [ -3.705558470198094, 40.430318327867958 ], [ -3.705808476939769, 40.429608306431071 ] ] ] } },
{ "type": "Feature", "properties": { "id_barrio": "07071", "nombre_barrio": "Gaztambide", "nombre_distrito": "Chamberí", "area_km2": 0.506, "distancia_centro_km": 2.168, "lat_c": 40.434464301142498, "lon_c": -3.7148248826970094 }, "geometry": { "type": "Polygon", "coordinates": [ [ [ -3.711858640088304, 40.430188323942893 ], [ -3.711858640088304, 40.43019832424482 ], [ -3.713518684853026, 40.4303683293776 ], [ -3.714628714786063, 40.430488333000739 ], [ -3.716228757932783, 40.430648337831585 ], [ -3.716988778427475, 40.431678368930164 ], [ -3.717168783281481, 40.431918376176441 ], [ -3.717478791641158, 40.432338388857417 ], [ -3.717608795146829, 40.432518394292117 ], [ -3.717958804585174, 40.432998408784663 ], [ -3.717608795146829, 40.433088411502013 ], [ -3.717268785978151, 40.433098411803947 ], [ -3.717228784899483, 40.433098411803947 ], [ -3.718398816450522, 40.434778462527845 ], [ -3.718278813214518, 40.435538485474375 ], [ -3.718128809169513, 40.4363685105344 ], [ -3.718078807821178, 40.436638518686458 ], [ -3.717628795686163, 40.439228596885805 ], [ -3.716378761977788, 40.439168595074243 ], [ -3.715208730426749, 40.439108593262674 ], [ -3.714108700763379, 40.439058591753032 ], [ -3.712848666785337, 40.438998589941463 ], [ -3.711128620402613, 40.438908587224113 ], [ -3.711228623099283, 40.437558546463833 ], [ -3.71133862606562, 40.436318509024758 ], [ -3.711428628492623, 40.435248476718463 ], [ -3.711508630649959, 40.43414844350638 ], [ -3.711618633616296, 40.432958407576955 ], [ -3.711718636312966, 40.431738370741733 ], [ -3.711858640088304, 40.430188323942893 ] ] ] } },
{ "type": "Feature", "properties": { "id_barrio": "15153", "nombre_barrio": "Quintana", "nombre_distrito": "Ciudad Lineal", "area_km2": 0.721, "distancia_centro_km": 5.611, "lat_c": 40.43757424128934, "lon_c": -3.643136108147111 }, "geometry": { "type": "Polygon", "coordinates": [ [ [ -3.64823692446685, 40.433118412407801 ], [ -3.648656935792864, 40.433048410294305 ], [ -3.648816940107536, 40.433028409690451 ], [ -3.650316980557586, 40.432818403349962 ], [ -3.65223703233365, 40.432538394895978 ], [ -3.652417037187656, 40.43250839399019 ], [ -3.653287060648685, 40.432388390367059 ], [ -3.654167084379381, 40.432268386743921 ], [ -3.655027107570743, 40.43215838342271 ], [ -3.655367116739421, 40.432118382215002 ], [ -3.65543711862709, 40.43241839127284 ], [ -3.65563712402043, 40.433248416332866 ], [ -3.655887130762105, 40.434238446223738 ], [ -3.655877130492438, 40.434258446827592 ], [ -3.655807128604769, 40.43455845588543 ], [ -3.65493710514374, 40.434488453771934 ], [ -3.653407063884689, 40.434688459810495 ], [ -3.652027026670643, 40.435368480341602 ], [ -3.650816994040936, 40.435968498457278 ], [ -3.649686963568565, 40.436508514761393 ], [ -3.64843692986019, 40.437108532877069 ], [ -3.646546878893127, 40.438018560352518 ], [ -3.645986863791775, 40.439368601112797 ], [ -3.644656827926064, 40.439928618020765 ], [ -3.644426821723723, 40.440028621040049 ], [ -3.643376793408688, 40.44046863432488 ], [ -3.643176788015348, 40.44055863704223 ], [ -3.640696721137932, 40.441628669348525 ], [ -3.63993670064324, 40.441938678708297 ], [ -3.638366658305521, 40.442588698333616 ], [ -3.637526635653493, 40.441418663008037 ], [ -3.637316629990486, 40.441128654252125 ], [ -3.636586610304795, 40.440128624059327 ], [ -3.635466580102091, 40.438578577260486 ], [ -3.638026649136843, 40.437888556427453 ], [ -3.639476688238558, 40.43730853891563 ], [ -3.639946700912907, 40.437068531669361 ], [ -3.640246709002917, 40.436918527140442 ], [ -3.641276736778618, 40.436418512044042 ], [ -3.642776777228668, 40.435688490003294 ], [ -3.644176814982048, 40.435008469472194 ], [ -3.64493683547674, 40.434638458300853 ], [ -3.645426848690423, 40.434408451356511 ], [ -3.645566852465761, 40.434338449243015 ], [ -3.64633687323012, 40.43396843807168 ], [ -3.647196896421482, 40.433538425088777 ], [ -3.647696909904832, 40.433318418446362 ], [ -3.64823692446685, 40.433118412407801 ] ] ] } },
{ "type": "Feature", "properties": { "id_barrio": "15154", "nombre_barrio": "La Concepción", "nombre_distrito": "Ciudad Lineal", "area_km2": 0.89, "distancia_centro_km": 5.259, "lat_c": 40.439214269799464, "lon_c": -3.6488035879972984 }, "geometry": { "type": "Polygon", "coordinates": [ [ [ -3.655367116739421, 40.432118382215002 ], [ -3.655377117009088, 40.432118382215002 ], [ -3.65693715907714, 40.431918376176441 ], [ -3.657097163391812, 40.431898375572587 ], [ -3.659757235123234, 40.431548365005106 ], [ -3.660807263438269, 40.431418361080041 ], [ -3.660187246718915, 40.433938437165892 ], [ -3.660017242134576, 40.434658458904714 ], [ -3.659907239168239, 40.435118472793398 ], [ -3.659827237010903, 40.435588486984017 ], [ -3.659717234044566, 40.436248506911262 ], [ -3.659707233774899, 40.436388511138254 ], [ -3.657727180380833, 40.436148503891985 ], [ -3.656417145054456, 40.435978498759205 ], [ -3.654997106761742, 40.436808523819231 ], [ -3.654527094087393, 40.43660851778067 ], [ -3.654347089233387, 40.437098532575142 ], [ -3.654017080334376, 40.437988559446737 ], [ -3.653867076289371, 40.438078562164087 ], [ -3.651847021816637, 40.439058591753032 ], [ -3.65113700267028, 40.439408602320512 ], [ -3.650716991344266, 40.439608608359073 ], [ -3.650446984063257, 40.439768613189919 ], [ -3.650026972737243, 40.440018620738122 ], [ -3.649986971658575, 40.440038621341976 ], [ -3.649906969501239, 40.440078622549684 ], [ -3.649796966534902, 40.440398632211384 ], [ -3.649446957096557, 40.44140866270611 ], [ -3.648506931747859, 40.442438693804696 ], [ -3.647746911253167, 40.443418723393641 ], [ -3.647106893994479, 40.444188746642098 ], [ -3.644896834398072, 40.446928829370364 ], [ -3.643116786397346, 40.446088804008419 ], [ -3.640466714935591, 40.444798765059701 ], [ -3.640216708193916, 40.444638760228855 ], [ -3.640006702530909, 40.444468755096082 ], [ -3.639716694710566, 40.444218747547879 ], [ -3.639446687429557, 40.443948739395822 ], [ -3.639166679878881, 40.443678731243764 ], [ -3.638986675024875, 40.443438723997495 ], [ -3.638356658035854, 40.442588698333616 ], [ -3.63993670064324, 40.441938678708297 ], [ -3.640696721137932, 40.441628669348525 ], [ -3.643176788015348, 40.44055863704223 ], [ -3.643376793408688, 40.44046863432488 ], [ -3.644426821723723, 40.440028621040049 ], [ -3.644656827926064, 40.439928618020765 ], [ -3.645986863791775, 40.439368601112797 ], [ -3.646546878893127, 40.438018560352518 ], [ -3.64843692986019, 40.437108532877069 ], [ -3.649686963568565, 40.436508514761393 ], [ -3.650816994040936, 40.435968498457278 ], [ -3.652027026670643, 40.435368480341602 ], [ -3.653407063884689, 40.434688459810495 ], [ -3.65493710514374, 40.434488453771934 ], [ -3.655807128604769, 40.43455845588543 ], [ -3.655877130492438, 40.434258446827592 ], [ -3.655887130762105, 40.434238446223738 ], [ -3.65563712402043, 40.433248416332866 ], [ -3.65543711862709, 40.43241839127284 ], [ -3.655367116739421, 40.432118382215002 ] ] ] } },
{ "type": "Feature", "properties": { "id_barrio": "20207", "nombre_barrio": "Canillejas", "nombre_distrito": "San Blas - Canillejas", "area_km2": 1.6, "distancia_centro_km": 8.443, "lat_c": 40.442758914917725, "lon_c": -3.609896154786246 }, "geometry": { "type": "Polygon", "coordinates": [ [ [ -3.61993616130924, 40.449678912400564 ], [ -3.619926161039573, 40.449688912702499 ], [ -3.616666073128131, 40.449698913004426 ], [ -3.614786022430735, 40.449708913306353 ], [ -3.609075868450878, 40.449688912702499 ], [ -3.607755832854834, 40.449668912098637 ], [ -3.606365795371121, 40.449648911494783 ], [ -3.605845781348437, 40.44965891179671 ], [ -3.605145762471747, 40.448068863790162 ], [ -3.605125761932413, 40.447958860468951 ], [ -3.605855781618104, 40.447118835106998 ], [ -3.602885701527005, 40.441818675085159 ], [ -3.602505691279659, 40.441038651534775 ], [ -3.602405688582989, 40.440458634022953 ], [ -3.602515691549326, 40.4397986140957 ], [ -3.602745697751667, 40.439388601716658 ], [ -3.604675749797398, 40.437038530763573 ], [ -3.605155762741414, 40.436488514157539 ], [ -3.605385768943755, 40.436328509326685 ], [ -3.605825780809103, 40.436998529555865 ], [ -3.608665857394531, 40.435698490305221 ], [ -3.609395877080222, 40.435298478228106 ], [ -3.609625883282563, 40.435218475812682 ], [ -3.61003589433891, 40.435128473095325 ], [ -3.612185952317315, 40.434608457395072 ], [ -3.612365957171321, 40.435388480945456 ], [ -3.612395957980322, 40.435528485172448 ], [ -3.612475960137658, 40.435688490003294 ], [ -3.613265981441351, 40.437168534688638 ], [ -3.613845997082037, 40.438208566089152 ], [ -3.614286008947385, 40.438998589941463 ], [ -3.614566016498061, 40.439478604434008 ], [ -3.615106031060079, 40.440488634928734 ], [ -3.615596044273762, 40.441358661196475 ], [ -3.616906079600139, 40.443698731847626 ], [ -3.616796076633802, 40.443758733659195 ], [ -3.616126058566113, 40.444128744830529 ], [ -3.616646072588797, 40.444568758115359 ], [ -3.616996082027142, 40.444708762342351 ], [ -3.617376092274488, 40.444908768380913 ], [ -3.618026109802843, 40.445018771702117 ], [ -3.618516123016526, 40.446258809141192 ], [ -3.619206141623549, 40.446938829672298 ], [ -3.619316144589886, 40.447178836918567 ], [ -3.619566151331561, 40.447748854128463 ], [ -3.619546150792227, 40.447838856845813 ], [ -3.61993616130924, 40.449678912400564 ] ] ] } },
{ "type": "Feature", "properties": { "id_barrio": "15155", "nombre_barrio": "San Pascual", "nombre_distrito": "Ciudad Lineal", "area_km2": 1.051, "distancia_centro_km": 5.111, "lat_c": 40.44299157241921, "lon_c": -3.6538375763060125 }, "geometry": { "type": "Polygon", "coordinates": [ [ [ -3.659707233774899, 40.436388511138254 ], [ -3.659687233235565, 40.436388511138254 ], [ -3.659597230808562, 40.436918527140442 ], [ -3.659587230538895, 40.436978528952011 ], [ -3.659397225415222, 40.438268567900721 ], [ -3.659297222718552, 40.438928587827967 ], [ -3.659287222448885, 40.439238597187739 ], [ -3.659227220830883, 40.440498635230661 ], [ -3.65923722110055, 40.440678640665368 ], [ -3.659247221370217, 40.440828645194287 ], [ -3.659317223257886, 40.441738672669736 ], [ -3.659357224336554, 40.442138684746858 ], [ -3.659487227842225, 40.442628699541331 ], [ -3.659757235123234, 40.443288719468576 ], [ -3.660127245100913, 40.443948739395822 ], [ -3.660607258044929, 40.44459875902114 ], [ -3.656827156110803, 40.445908798573711 ], [ -3.655867130222771, 40.446238808537338 ], [ -3.652857049053004, 40.447448845070625 ], [ -3.648116921230846, 40.449448905456222 ], [ -3.647446903163157, 40.448568878886562 ], [ -3.646476877005458, 40.447688852316894 ], [ -3.644906834667739, 40.44690882876651 ], [ -3.647106893994479, 40.444188746642098 ], [ -3.647746911253167, 40.443418723393641 ], [ -3.648506931747859, 40.442438693804696 ], [ -3.649446957096557, 40.44140866270611 ], [ -3.649796966534902, 40.440398632211384 ], [ -3.649906969501239, 40.440078622549684 ], [ -3.649986971658575, 40.440038621341976 ], [ -3.650026972737243, 40.440018620738122 ], [ -3.650446984063257, 40.439768613189919 ], [ -3.650716991344266, 40.439608608359073 ], [ -3.65113700267028, 40.439408602320512 ], [ -3.651847021816637, 40.439058591753032 ], [ -3.653867076289371, 40.438078562164087 ], [ -3.654017080334376, 40.437988559446737 ], [ -3.654347089233387, 40.437098532575142 ], [ -3.654527094087393, 40.43660851778067 ], [ -3.654997106761742, 40.436808523819231 ], [ -3.656417145054456, 40.435978498759205 ], [ -3.657727180380833, 40.436148503891985 ], [ -3.659707233774899, 40.436388511138254 ] ] ] } },
{ "type": "Feature", "properties": { "id_barrio": "07075", "nombre_barrio": "Ríos Rosas", "nombre_distrito": "Chamberí", "area_km2": 0.977, "distancia_centro_km": 2.902, "lat_c": 40.442731450085873, "lon_c": -3.6978531225592324 }, "geometry": { "type": "Polygon", "coordinates": [ [ [ -3.690718070012266, 40.437988559446737 ], [ -3.692898128799672, 40.438128563673729 ], [ -3.696288220216785, 40.438288568504575 ], [ -3.697778260397168, 40.438358570618071 ], [ -3.698528280622193, 40.438398571825786 ], [ -3.699318301925886, 40.438438573033494 ], [ -3.700268327544251, 40.438488574543136 ], [ -3.701078349387278, 40.438538576052778 ], [ -3.70423843460205, 40.438668579977836 ], [ -3.704098430826712, 40.442118684142997 ], [ -3.704058429748044, 40.443268718864722 ], [ -3.703988427860375, 40.445438784383093 ], [ -3.70393842651204, 40.446868827558802 ], [ -3.700928345342273, 40.446708822727949 ], [ -3.700328329162253, 40.446678821822168 ], [ -3.699328302195553, 40.446628820312526 ], [ -3.698658284127864, 40.446598819406745 ], [ -3.697128242868813, 40.446518816991322 ], [ -3.695568200800761, 40.446448814877826 ], [ -3.695008185699409, 40.446418813972038 ], [ -3.691258084574284, 40.446228808235411 ], [ -3.691788098866635, 40.441268658479117 ], [ -3.691118080798946, 40.439218596583878 ], [ -3.690718070012266, 40.437988559446737 ] ] ] } },
{ "type": "Feature", "properties": { "id_barrio": "05052", "nombre_barrio": "Prosperidad", "nombre_distrito": "Chamartín", "area_km2": 1.042, "distancia_centro_km": 4.448, "lat_c": 40.445440154869537, "lon_c": -3.6666590558898267 }, "geometry": { "type": "Polygon", "coordinates": [ [ [ -3.677397710815822, 40.437408541934914 ], [ -3.677427711624823, 40.437408541934914 ], [ -3.677607716478829, 40.43739854163298 ], [ -3.677617716748496, 40.43739854163298 ], [ -3.678007727265509, 40.437388541331053 ], [ -3.679127757468213, 40.437438542840695 ], [ -3.679007754232209, 40.438928587827967 ], [ -3.678807748838869, 40.44072864217501 ], [ -3.678667745063531, 40.441728672367809 ], [ -3.678017727535176, 40.441698671462021 ], [ -3.677087702456145, 40.44210868384107 ], [ -3.677047701377477, 40.442138684746858 ], [ -3.675977672523108, 40.442768703768323 ], [ -3.675877669826438, 40.442858706485673 ], [ -3.67443763099439, 40.443968739999683 ], [ -3.673907616702039, 40.444378752378725 ], [ -3.67383761481437, 40.44441875358644 ], [ -3.672557580296994, 40.445208777438751 ], [ -3.671457550633624, 40.445898798271784 ], [ -3.670667529329931, 40.446398813368184 ], [ -3.67053752582426, 40.446488816085534 ], [ -3.66963750155423, 40.447128835408925 ], [ -3.668517471351526, 40.447998861676666 ], [ -3.668197462722182, 40.44819886771522 ], [ -3.667857453553504, 40.448368872848 ], [ -3.666417414721456, 40.449148896398384 ], [ -3.666287411215785, 40.449258899719588 ], [ -3.664917374271406, 40.450428935045167 ], [ -3.665047377777077, 40.450588939876013 ], [ -3.665367386406421, 40.451338962520616 ], [ -3.66553739099076, 40.451718973993877 ], [ -3.665627393417763, 40.452098985467146 ], [ -3.665647393957097, 40.45246899663848 ], [ -3.663117325731346, 40.453159017471513 ], [ -3.662887319529005, 40.451718973993877 ], [ -3.662827317911003, 40.45135896312447 ], [ -3.662567310899661, 40.450128925987329 ], [ -3.662327304427653, 40.449088894586815 ], [ -3.662287303348985, 40.448938890057896 ], [ -3.662147299573647, 40.44845887556535 ], [ -3.661877292292638, 40.44766885171304 ], [ -3.661677286899298, 40.446978830880006 ], [ -3.661467281236291, 40.44637881276433 ], [ -3.661187273685615, 40.445668791327442 ], [ -3.660597257775262, 40.444608759323074 ], [ -3.662657313326664, 40.443898737886187 ], [ -3.664257356473384, 40.443318720374357 ], [ -3.664287357282385, 40.44330872007243 ], [ -3.665257383440084, 40.442848706183746 ], [ -3.666097406092112, 40.442378691993127 ], [ -3.666797424968802, 40.441958679312151 ], [ -3.668427468924523, 40.441008650628994 ], [ -3.669767505059901, 40.440228627078611 ], [ -3.670087513689245, 40.44005862194583 ], [ -3.670467523936591, 40.439868616209196 ], [ -3.670907535801939, 40.439688610774496 ], [ -3.671297546318952, 40.439548606547504 ], [ -3.671807560071969, 40.439398602018585 ], [ -3.672327574094653, 40.43926859809352 ], [ -3.673317600791686, 40.439088592658813 ], [ -3.67443763099439, 40.438888586620259 ], [ -3.674707638275399, 40.438828584808689 ], [ -3.674887643129405, 40.438778583299047 ], [ -3.675107649062079, 40.438698580883624 ], [ -3.675277653646418, 40.438628578770128 ], [ -3.675907670635439, 40.438248567296867 ], [ -3.677007700298809, 40.43756854676576 ], [ -3.677397710815822, 40.437408541934914 ] ] ] } },
{ "type": "Feature", "properties": { "id_barrio": "07076", "nombre_barrio": "Vallehermoso", "nombre_distrito": "Chamberí", "area_km2": 1.069, "distancia_centro_km": 2.915, "lat_c": 40.442484662868232, "lon_c": -3.7115163437115259 }, "geometry": { "type": "Polygon", "coordinates": [ [ [ -3.703948426781707, 40.446858827256868 ], [ -3.703988427860375, 40.445438784383093 ], [ -3.704058429748044, 40.443268718864722 ], [ -3.704098430826712, 40.442118684142997 ], [ -3.70423843460205, 40.43867858027977 ], [ -3.706498495546792, 40.438748582393266 ], [ -3.707048510378477, 40.43876858299712 ], [ -3.708288543817185, 40.438808584204828 ], [ -3.709948588581907, 40.438868586016397 ], [ -3.711128620402613, 40.438908587224113 ], [ -3.712848666785337, 40.438998589941463 ], [ -3.714108700763379, 40.439058591753032 ], [ -3.715208730426749, 40.439108593262674 ], [ -3.716378761977788, 40.439168595074243 ], [ -3.71763879595583, 40.439228596885805 ], [ -3.717608795146829, 40.439428602924366 ], [ -3.717598794877162, 40.439498605037862 ], [ -3.717598794877162, 40.439638609264854 ], [ -3.717618795416496, 40.439858615907269 ], [ -3.71763879595583, 40.439938618322692 ], [ -3.717648796225497, 40.439978619530407 ], [ -3.717878802427838, 40.440428633117165 ], [ -3.718158809978514, 40.440968649421279 ], [ -3.719168837214881, 40.442848706183746 ], [ -3.719588848540895, 40.443468724903276 ], [ -3.719788853934235, 40.443758733659195 ], [ -3.719928857709573, 40.444948769588621 ], [ -3.719918857439906, 40.444998771098263 ], [ -3.719918857439906, 40.445038772305978 ], [ -3.719888856630905, 40.445098774117547 ], [ -3.719858855821904, 40.445148775627182 ], [ -3.719788853934235, 40.445218777740678 ], [ -3.719588848540895, 40.445398783175385 ], [ -3.718988832360875, 40.445938799479492 ], [ -3.718188810787515, 40.446668821520241 ], [ -3.717998805663842, 40.446698822426022 ], [ -3.717668796764831, 40.44672882333181 ], [ -3.71743879056249, 40.446718823029883 ], [ -3.717268785978151, 40.446688822124095 ], [ -3.717118781933146, 40.446638820614453 ], [ -3.715708743910099, 40.446098804310346 ], [ -3.715518738786426, 40.446018801894922 ], [ -3.714748718022067, 40.445768794346719 ], [ -3.712288651683985, 40.446388813066257 ], [ -3.710448602065257, 40.446858827256868 ], [ -3.709208568626549, 40.447128835408925 ], [ -3.708308544356519, 40.447098834503144 ], [ -3.706778503097468, 40.447018832087721 ], [ -3.706078484220778, 40.446978830880006 ], [ -3.703948426781707, 40.446858827256868 ] ] ] } },
{ "type": "Feature", "properties": { "id_barrio": "05051", "nombre_barrio": "El Viso", "nombre_distrito": "Chamartín", "area_km2": 1.709, "distancia_centro_km": 3.516, "lat_c": 40.445223975842168, "lon_c": -3.6848396921204145 }, "geometry": { "type": "Polygon", "coordinates": [ [ [ -3.679127757468213, 40.437438542840695 ], [ -3.679127757468213, 40.437448543142622 ], [ -3.680497794412592, 40.437518545256118 ], [ -3.681767828660301, 40.437588547369614 ], [ -3.683117865065346, 40.437648549181183 ], [ -3.684197894189382, 40.437698550690826 ], [ -3.685197921156082, 40.43774855220046 ], [ -3.686257949740784, 40.437798553710103 ], [ -3.690718070012266, 40.437988559446737 ], [ -3.691118080798946, 40.439218596583878 ], [ -3.691788098866635, 40.441268658479117 ], [ -3.691268084843951, 40.44620880763155 ], [ -3.691148081607947, 40.447468845674479 ], [ -3.690698069472932, 40.452128986372927 ], [ -3.689248030371217, 40.452038983655576 ], [ -3.685907940302439, 40.451838977617015 ], [ -3.681407818952289, 40.451678972786169 ], [ -3.678767747760201, 40.451678972786169 ], [ -3.677577715669828, 40.451678972786169 ], [ -3.677917724838506, 40.448718883415481 ], [ -3.678147731040847, 40.446658821218314 ], [ -3.678417738321856, 40.444238748151733 ], [ -3.678697745872532, 40.441708671763955 ], [ -3.678807748838869, 40.44072864217501 ], [ -3.679007754232209, 40.438928587827967 ], [ -3.679127757468213, 40.437438542840695 ] ] ] } },
{ "type": "Feature", "properties": { "id_barrio": "20208", "nombre_barrio": "El Salvador", "nombre_distrito": "San Blas - Canillejas", "area_km2": 1.88, "distancia_centro_km": 7.089, "lat_c": 40.444174294640149, "lon_c": -3.6279312068377521 }, "geometry": { "type": "Polygon", "coordinates": [ [ [ -3.626286332547785, 40.449528907871645 ], [ -3.626286332547785, 40.449518907569718 ], [ -3.622306225220319, 40.449668912098637 ], [ -3.61993616130924, 40.449678912400564 ], [ -3.619546150792227, 40.447838856845813 ], [ -3.619566151331561, 40.447748854128463 ], [ -3.619316144589886, 40.447178836918567 ], [ -3.619206141623549, 40.446938829672298 ], [ -3.618516123016526, 40.446258809141192 ], [ -3.618026109802843, 40.445018771702117 ], [ -3.617376092274488, 40.444908768380913 ], [ -3.616996082027142, 40.444708762342351 ], [ -3.616646072588797, 40.444568758115359 ], [ -3.616126058566113, 40.444128744830529 ], [ -3.616796076633802, 40.443758733659195 ], [ -3.616896079330472, 40.443698731847626 ], [ -3.617676100364498, 40.443428723695568 ], [ -3.62013616670258, 40.442748703164462 ], [ -3.623496257310692, 40.441838675689013 ], [ -3.62563631501943, 40.441248657875263 ], [ -3.628106381627179, 40.440568637344157 ], [ -3.630646450122597, 40.439868616209196 ], [ -3.632106489493979, 40.439478604434008 ], [ -3.632846509449337, 40.439278598395447 ], [ -3.634046541809377, 40.43894858843182 ], [ -3.635466580102091, 40.438578577260486 ], [ -3.636586610304795, 40.440128624059327 ], [ -3.637316629990486, 40.441128654252125 ], [ -3.637526635653493, 40.441418663008037 ], [ -3.638356658035854, 40.442588698333616 ], [ -3.638986675024875, 40.443438723997495 ], [ -3.639166679878881, 40.443678731243764 ], [ -3.639446687429557, 40.443948739395822 ], [ -3.639716694710566, 40.444218747547879 ], [ -3.640006702530909, 40.444468755096082 ], [ -3.640216708193916, 40.444638760228855 ], [ -3.640466714935591, 40.444798765059701 ], [ -3.643116786397346, 40.446088804008419 ], [ -3.644906834667739, 40.44690882876651 ], [ -3.646476877005458, 40.447688852316894 ], [ -3.647446903163157, 40.448568878886562 ], [ -3.648116921230846, 40.449468906060076 ], [ -3.647826913410503, 40.449548908475506 ], [ -3.647276898578818, 40.449698913004426 ], [ -3.646696882938132, 40.44980891632563 ], [ -3.646056865679444, 40.449828916929491 ], [ -3.645076839252078, 40.44971891360828 ], [ -3.64383680581337, 40.449518907569718 ], [ -3.642756776689334, 40.449338902135018 ], [ -3.63983669794657, 40.4488688879444 ], [ -3.637996648327842, 40.44860888009427 ], [ -3.637306629720819, 40.448578879188489 ], [ -3.636656612192464, 40.448578879188489 ], [ -3.636096597091112, 40.448618880396197 ], [ -3.6357365873831, 40.448658881603912 ], [ -3.635106570394079, 40.448748884321262 ], [ -3.634396551247722, 40.4488688879444 ], [ -3.633496526977692, 40.449008892171392 ], [ -3.631966485718641, 40.449248899417661 ], [ -3.630686451201265, 40.449388903644653 ], [ -3.629446417762557, 40.449428904852368 ], [ -3.628416389986856, 40.449468906060076 ], [ -3.627666369761831, 40.449488906663937 ], [ -3.626286332547785, 40.449528907871645 ] ] ] } },
{ "type": "Feature", "properties": { "id_barrio": "20206", "nombre_barrio": "Rejas", "nombre_distrito": "San Blas - Canillejas", "area_km2": 5.011, "distancia_centro_km": 11.796, "lat_c": 40.444009336496251, "lon_c": -3.569048345569485 }, "geometry": { "type": "Polygon", "coordinates": [ [ [ -3.593285442646685, 40.450048923571906 ], [ -3.587485286239825, 40.449948920552622 ], [ -3.583455177564024, 40.449898919042987 ], [ -3.582315146821986, 40.449898919042987 ], [ -3.581415122551956, 40.449908919344914 ], [ -3.579925082371573, 40.449928919948768 ], [ -3.577185008482815, 40.449868918137199 ], [ -3.575174954279748, 40.449818916627557 ], [ -3.573774916526368, 40.449788915721776 ], [ -3.570604831041929, 40.449748914514061 ], [ -3.5657346997141, 40.44965891179671 ], [ -3.565044681107077, 40.449638911192856 ], [ -3.561804593734969, 40.449558908777433 ], [ -3.558344500430187, 40.44947890636201 ], [ -3.557064465912811, 40.449408904248514 ], [ -3.555654427889764, 40.449318901531157 ], [ -3.553494369641692, 40.449098894888742 ], [ -3.550964301415941, 40.448808886132831 ], [ -3.547344203796487, 40.448408874055708 ], [ -3.542744079749667, 40.447878858053528 ], [ -3.539703997770899, 40.447538847787975 ], [ -3.537643942219497, 40.447288840239779 ], [ -3.537063926578811, 40.447178836918567 ], [ -3.536473910668458, 40.447038832691575 ], [ -3.535343880196087, 40.44672882333181 ], [ -3.535043872106077, 40.446658821218314 ], [ -3.534723863476733, 40.446598819406745 ], [ -3.53443385565639, 40.446568818500957 ], [ -3.534203849454049, 40.44655881819903 ], [ -3.533963842982041, 40.44655881819903 ], [ -3.533663834892031, 40.446578818802891 ], [ -3.533093819521012, 40.446648820916387 ], [ -3.531693781767632, 40.44699883148386 ], [ -3.531643780419297, 40.44699883148386 ], [ -3.531303771250619, 40.447088834201217 ], [ -3.531113766126946, 40.446878827860729 ], [ -3.531253769902284, 40.44681882604916 ], [ -3.532813811970336, 40.446428814273965 ], [ -3.533123820330013, 40.446348811858542 ], [ -3.533323825723353, 40.446318810952761 ], [ -3.533593833004362, 40.446278809745046 ], [ -3.533803838667369, 40.446248808839265 ], [ -3.534023844600043, 40.446238808537338 ], [ -3.534423855386723, 40.446278809745046 ], [ -3.534813865903736, 40.446328811254688 ], [ -3.535123874263413, 40.446358812160469 ], [ -3.535473883701758, 40.44646881548168 ], [ -3.534973870218408, 40.444948769588621 ], [ -3.535563886128761, 40.444698762040424 ], [ -3.538383962174855, 40.444998771098263 ], [ -3.537953950579174, 40.444298749963302 ], [ -3.540804027434269, 40.444618759625001 ], [ -3.54133404172662, 40.443608729130268 ], [ -3.545184145548415, 40.442598698635543 ], [ -3.549704267437899, 40.442038681727574 ], [ -3.55003427633691, 40.442008680821793 ], [ -3.550404286314589, 40.441968679614078 ], [ -3.551004302494609, 40.441848675990947 ], [ -3.551754322719634, 40.441678670858167 ], [ -3.552284337011985, 40.441528666329248 ], [ -3.553144360203347, 40.441248657875263 ], [ -3.554104386091379, 40.440798644288506 ], [ -3.554914407934406, 40.440428633117165 ], [ -3.555284417912085, 40.440268628286319 ], [ -3.556344446496787, 40.439768613189919 ], [ -3.557474476969158, 40.439258597791593 ], [ -3.558354500699854, 40.438838585110616 ], [ -3.5587345109472, 40.43867858027977 ], [ -3.559094520655212, 40.438438573033494 ], [ -3.559494531441892, 40.438348570316144 ], [ -3.559984544655575, 40.438168564881437 ], [ -3.560274552475918, 40.438088562466014 ], [ -3.560614561644596, 40.438028560654445 ], [ -3.561064573779611, 40.437958558540949 ], [ -3.561664589959631, 40.437938557937095 ], [ -3.562284606678985, 40.437938557937095 ], [ -3.562864622319671, 40.437938557937095 ], [ -3.563424637421023, 40.437998559748664 ], [ -3.563984652522375, 40.438038560956379 ], [ -3.564124656297713, 40.438058561560233 ], [ -3.564184657915715, 40.438058561560233 ], [ -3.566874730456138, 40.438218566391079 ], [ -3.569044788973877, 40.438348570316144 ], [ -3.570224820794583, 40.438408572127713 ], [ -3.572974894953008, 40.438548576354705 ], [ -3.573594911672362, 40.438588577562413 ], [ -3.573964921650041, 40.438628578770128 ], [ -3.574594938639062, 40.438738582091332 ], [ -3.575044950774077, 40.438868586016397 ], [ -3.575394960212422, 40.438998589941463 ], [ -3.575814971538436, 40.439188595678097 ], [ -3.576124979898113, 40.43935860081087 ], [ -3.576464989066791, 40.439558606849431 ], [ -3.576985003089475, 40.43987861651113 ], [ -3.57733501252782, 40.440098623153546 ], [ -3.578385040842855, 40.440708641571149 ], [ -3.579085059719545, 40.441038651534775 ], [ -3.579455069697224, 40.441188656063694 ], [ -3.579825079674903, 40.441298659384906 ], [ -3.580075086416578, 40.441358661196475 ], [ -3.580455096663924, 40.441438663611898 ], [ -3.580895108529272, 40.441498665423467 ], [ -3.581355120933954, 40.441538666631175 ], [ -3.581545126057627, 40.441558667235029 ], [ -3.582415149518656, 40.441638669650459 ], [ -3.583375175406688, 40.441728672367809 ], [ -3.585085221519745, 40.441878676896728 ], [ -3.585395229879422, 40.441908677802509 ], [ -3.59133539006162, 40.44245869440855 ], [ -3.591855404084304, 40.442488695314339 ], [ -3.592105410825979, 40.442508695918193 ], [ -3.593125438332013, 40.442598698635543 ], [ -3.59353544938836, 40.442638699843258 ], [ -3.594105464759379, 40.442698701654827 ], [ -3.594625478782063, 40.44277870407025 ], [ -3.594995488759742, 40.442858706485673 ], [ -3.595395499546422, 40.442978710108811 ], [ -3.595725508445433, 40.443108714033869 ], [ -3.595995515726442, 40.443238717958934 ], [ -3.596205521389449, 40.443348721280145 ], [ -3.596415527052456, 40.44347872520521 ], [ -3.596825538108803, 40.443728732753407 ], [ -3.597715562109166, 40.444298749963302 ], [ -3.598515583682526, 40.444808765361628 ], [ -3.599455609031224, 40.445408783477312 ], [ -3.600345633031587, 40.445978800687207 ], [ -3.600845646514937, 40.446298810348907 ], [ -3.601055652177944, 40.446438814575899 ], [ -3.601655668357964, 40.446858827256868 ], [ -3.601895674829972, 40.447048832993502 ], [ -3.602025678335643, 40.44716883661664 ], [ -3.602355687234654, 40.447488846278333 ], [ -3.602565692897661, 40.447748854128463 ], [ -3.602785698830335, 40.448068863790162 ], [ -3.602925702605673, 40.448338871942212 ], [ -3.602945703145007, 40.448378873149927 ], [ -3.603115707729346, 40.448768884925123 ], [ -3.603205710156349, 40.449068893982961 ], [ -3.603285712313685, 40.449418904550441 ], [ -3.603385715010355, 40.449888918741053 ], [ -3.601015651099276, 40.450128925987329 ], [ -3.599585612536895, 40.450168927195037 ], [ -3.597085545120145, 40.45015892689311 ], [ -3.595585504670095, 40.450118925685402 ], [ -3.593285442646685, 40.450048923571906 ] ] ] } },
{ "type": "Feature", "properties": { "id_barrio": "05053", "nombre_barrio": "Ciudad Jardín", "nombre_distrito": "Chamartín", "area_km2": 0.761, "distancia_centro_km": 4.161, "lat_c": 40.446893106272462, "lon_c": -3.6740298898361781 }, "geometry": { "type": "Polygon", "coordinates": [ [ [ -3.665647393957097, 40.452478996940407 ], [ -3.665627393417763, 40.452098985467146 ], [ -3.66553739099076, 40.451718973993877 ], [ -3.665367386406421, 40.451338962520616 ], [ -3.665047377777077, 40.450588939876013 ], [ -3.664917374271406, 40.450428935045167 ], [ -3.666287411215785, 40.449258899719588 ], [ -3.666417414721456, 40.449148896398384 ], [ -3.667857453553504, 40.448368872848 ], [ -3.668197462722182, 40.44819886771522 ], [ -3.668517471351526, 40.447998861676666 ], [ -3.66963750155423, 40.447128835408925 ], [ -3.67053752582426, 40.446488816085534 ], [ -3.670667529329931, 40.446398813368184 ], [ -3.671457550633624, 40.445898798271784 ], [ -3.672557580296994, 40.445208777438751 ], [ -3.67383761481437, 40.44441875358644 ], [ -3.673907616702039, 40.444378752378725 ], [ -3.67443763099439, 40.443968739999683 ], [ -3.675877669826438, 40.442858706485673 ], [ -3.675977672523108, 40.442768703768323 ], [ -3.677047701377477, 40.442138684746858 ], [ -3.677087702456145, 40.44210868384107 ], [ -3.678017727535176, 40.441698671462021 ], [ -3.678697745872532, 40.441708671763955 ], [ -3.678417738321856, 40.444238748151733 ], [ -3.678147731040847, 40.446658821218314 ], [ -3.677917724838506, 40.448718883415481 ], [ -3.677567715400161, 40.451678972786169 ], [ -3.674627636118063, 40.451648971880381 ], [ -3.673857615353704, 40.451628971276527 ], [ -3.671117541464946, 40.452238989694138 ], [ -3.670727530947933, 40.452328992411488 ], [ -3.670247518003917, 40.452428995430765 ], [ -3.669987510992575, 40.452458996336553 ], [ -3.669487497509225, 40.45246899663848 ], [ -3.668957483216874, 40.452458996336553 ], [ -3.668497470812192, 40.452418995128838 ], [ -3.668077459486178, 40.45237899392113 ], [ -3.667457442766824, 40.452338992713415 ], [ -3.66733743953082, 40.452288991203773 ], [ -3.666547418227127, 40.452318992109561 ], [ -3.66633741256412, 40.452348993015342 ], [ -3.666077405552778, 40.452388994223057 ], [ -3.665647393957097, 40.452478996940407 ] ] ] } },
{ "type": "Feature", "properties": { "id_barrio": "09093", "nombre_barrio": "Ciudad Universitaria", "nombre_distrito": "Moncloa - Aravaca", "area_km2": 14.254, "distancia_centro_km": 5.208, "lat_c": 40.456833708585144, "lon_c": -3.7358646246977067 }, "geometry": { "type": "Polygon", "coordinates": [ [ [ -3.751509709317959, 40.478419780141643 ], [ -3.75153971012696, 40.478439780745497 ], [ -3.751749715789967, 40.476879733644729 ], [ -3.751779716598968, 40.476619725794599 ], [ -3.751809717407969, 40.476189712811696 ], [ -3.751769716329301, 40.475629695903727 ], [ -3.751649713093297, 40.474559663597432 ], [ -3.751579711205628, 40.47415965152031 ], [ -3.75153971012696, 40.473949645179822 ], [ -3.751519709587626, 40.473829641556691 ], [ -3.751489708778625, 40.473679637027764 ], [ -3.751369705542621, 40.473159621327511 ], [ -3.7507396885536, 40.471099559130344 ], [ -3.750609685047929, 40.470669546147441 ], [ -3.75033967776692, 40.470139530145254 ], [ -3.750389679115255, 40.470329535881888 ], [ -3.750449680733257, 40.470599544033945 ], [ -3.750679686935598, 40.471569573320963 ], [ -3.750709687744599, 40.471859582076874 ], [ -3.750709687744599, 40.472089589021216 ], [ -3.750679686935598, 40.472329596267485 ], [ -3.750579684238928, 40.472629605325331 ], [ -3.750479681542258, 40.472849611967746 ], [ -3.750389679115255, 40.473009616798592 ], [ -3.750279676148918, 40.473159621327511 ], [ -3.750199673991582, 40.473269624648722 ], [ -3.750069670485911, 40.473419629177641 ], [ -3.749979668058908, 40.473509631894991 ], [ -3.749869665092571, 40.473609634914268 ], [ -3.7497396615869, 40.473709637933553 ], [ -3.749589657541895, 40.473819641254757 ], [ -3.749459654036224, 40.473899643670187 ], [ -3.74933965080022, 40.473969645783683 ], [ -3.749209647294549, 40.474039647897179 ], [ -3.749019642170876, 40.474129650614529 ], [ -3.748869638125871, 40.474189652426098 ], [ -3.748619631384196, 40.474279655143448 ], [ -3.748369624642521, 40.474339656955017 ], [ -3.748149618709847, 40.474379658162725 ], [ -3.747899611968172, 40.47441965937044 ], [ -3.747479600642158, 40.474479661182009 ], [ -3.747309596057819, 40.474489661483936 ], [ -3.746629577720463, 40.474489661483936 ], [ -3.746269568012451, 40.474479661182009 ], [ -3.745709552911099, 40.474469660880082 ], [ -3.744689525405065, 40.474459660578148 ], [ -3.743649497359697, 40.474439659974294 ], [ -3.743229486033683, 40.474429659672367 ], [ -3.742259459875984, 40.474409659068513 ], [ -3.741469438572291, 40.474369657860798 ], [ -3.741419437223956, 40.474369657860798 ], [ -3.741309434257619, 40.474359657558871 ], [ -3.74083942158327, 40.474299655747302 ], [ -3.740289406751585, 40.474189652426098 ], [ -3.739379382211888, 40.47397964608561 ], [ -3.737569333402161, 40.473559633404633 ], [ -3.735959289985774, 40.473179621931365 ], [ -3.735669282165431, 40.473119620119803 ], [ -3.734899261401072, 40.47295961528895 ], [ -3.73463925438973, 40.472909613779315 ], [ -3.734369247108721, 40.4728696125716 ], [ -3.733949235782707, 40.472799610458104 ], [ -3.733569225535361, 40.472749608948462 ], [ -3.733419221490356, 40.472729608344608 ], [ -3.733209215827349, 40.472709607740754 ], [ -3.732419194523656, 40.472659606231112 ], [ -3.732229189399983, 40.472649605929185 ], [ -3.731929181309973, 40.472639605627258 ], [ -3.731389166747955, 40.472629605325331 ], [ -3.730389139781255, 40.472659606231112 ], [ -3.729589118207895, 40.472729608344608 ], [ -3.729249109039217, 40.47277960985425 ], [ -3.728529089623193, 40.472879612873527 ], [ -3.728469088005191, 40.472359597173273 ], [ -3.727479061308158, 40.471249563659264 ], [ -3.727419059690156, 40.471179561545767 ], [ -3.727169052948481, 40.470859551884068 ], [ -3.727119051600146, 40.470839551280214 ], [ -3.72703904944281, 40.470779549468645 ], [ -3.726699040274132, 40.47037953739153 ], [ -3.726099024094112, 40.469689516558496 ], [ -3.725929019509773, 40.469439509010293 ], [ -3.725889018431105, 40.469379507198731 ], [ -3.725709013577099, 40.46917950116017 ], [ -3.725088996857745, 40.468479480025209 ], [ -3.724858990655404, 40.468249473080867 ], [ -3.724828989846403, 40.468219472175079 ], [ -3.724708986610399, 40.468099468551941 ], [ -3.724428979059723, 40.467829460399891 ], [ -3.724398978250722, 40.467779458890249 ], [ -3.724378977711388, 40.467709456776753 ], [ -3.724348976902387, 40.467579452851687 ], [ -3.724348976902387, 40.46756945254976 ], [ -3.72433897663272, 40.467519451040118 ], [ -3.724198972857382, 40.466979434736011 ], [ -3.723958966385374, 40.466059406958628 ], [ -3.723888964497705, 40.465819399712359 ], [ -3.723818962610036, 40.46540938733331 ], [ -3.723728960183033, 40.464449358348226 ], [ -3.722508927283659, 40.464069346874957 ], [ -3.722208919193649, 40.463989344459534 ], [ -3.721858909755304, 40.463929342647965 ], [ -3.721588902474295, 40.463899341742184 ], [ -3.721398897350622, 40.463839339930615 ], [ -3.721268893844951, 40.463769337817119 ], [ -3.721178891417948, 40.463719336307477 ], [ -3.721098889260612, 40.463649334193981 ], [ -3.721048887912277, 40.463539330872777 ], [ -3.720998886563942, 40.463419327249639 ], [ -3.720968885754941, 40.463369325739997 ], [ -3.720908884136939, 40.463309323928435 ], [ -3.720728879282933, 40.463169319701443 ], [ -3.720528873889593, 40.463049316078305 ], [ -3.72033886876592, 40.462949313059021 ], [ -3.719888856630905, 40.462719306114678 ], [ -3.719828855012903, 40.462639303699255 ], [ -3.719678850967898, 40.462449297962621 ], [ -3.719628849619563, 40.462389296151052 ], [ -3.719498846113892, 40.462269292527921 ], [ -3.719458845035224, 40.462209290716352 ], [ -3.719308840990219, 40.461949282866222 ], [ -3.718948831282207, 40.461329264146684 ], [ -3.718958831551874, 40.461239261429334 ], [ -3.718958831551874, 40.461209260523553 ], [ -3.719048833978877, 40.461029255088846 ], [ -3.719268839911551, 40.460819248748358 ], [ -3.719508846383559, 40.460629243011731 ], [ -3.719618849349896, 40.460439237275097 ], [ -3.71963884988923, 40.460329233953885 ], [ -3.71963884988923, 40.460119227613397 ], [ -3.719628849619563, 40.460089226707616 ], [ -3.719608849080229, 40.459969223084478 ], [ -3.719548847462227, 40.459869220065201 ], [ -3.71953884719256, 40.459849219461347 ], [ -3.719528846922893, 40.459849219461347 ], [ -3.719428844226223, 40.45975921674399 ], [ -3.719228838832883, 40.459699214932421 ], [ -3.716758772225134, 40.458939191985898 ], [ -3.715878748494438, 40.458669183833841 ], [ -3.713098673527012, 40.457789157264173 ], [ -3.711498630380292, 40.457499148508262 ], [ -3.712188648987315, 40.456469117409682 ], [ -3.712858667055004, 40.455469087216876 ], [ -3.713118674066346, 40.454899070006981 ], [ -3.713018671369676, 40.454619061552997 ], [ -3.712898668133672, 40.454389054608654 ], [ -3.712788665167335, 40.454179048268166 ], [ -3.712678662200998, 40.453919040418043 ], [ -3.713268678111351, 40.453039013848375 ], [ -3.71193864224564, 40.452398994524984 ], [ -3.711728636582633, 40.452288991203773 ], [ -3.710988616627275, 40.451118955878201 ], [ -3.71033859909892, 40.450088924779614 ], [ -3.710288597750585, 40.45006892417576 ], [ -3.710188595053915, 40.450018922666118 ], [ -3.709868586424571, 40.449518907569718 ], [ -3.708968562154541, 40.448088864394016 ], [ -3.708888559997205, 40.447958860468951 ], [ -3.708308544356519, 40.447088834201217 ], [ -3.709208568626549, 40.447128835408925 ], [ -3.710448602065257, 40.446858827256868 ], [ -3.712288651683985, 40.446388813066257 ], [ -3.714748718022067, 40.445768794346719 ], [ -3.715518738786426, 40.446018801894922 ], [ -3.715708743910099, 40.446098804310346 ], [ -3.717118781933146, 40.446638820614453 ], [ -3.717268785978151, 40.446688822124095 ], [ -3.71743879056249, 40.446718823029883 ], [ -3.717668796764831, 40.44672882333181 ], [ -3.717998805663842, 40.446698822426022 ], [ -3.718188810787515, 40.446668821520241 ], [ -3.718988832360875, 40.445938799479492 ], [ -3.719588848540895, 40.445398783175385 ], [ -3.719788853934235, 40.445218777740678 ], [ -3.719858855821904, 40.445148775627182 ], [ -3.719888856630905, 40.445098774117547 ], [ -3.719918857439906, 40.445038772305978 ], [ -3.719918857439906, 40.444998771098263 ], [ -3.719928857709573, 40.444948769588621 ], [ -3.719788853934235, 40.443758733659195 ], [ -3.719588848540895, 40.443468724903276 ], [ -3.719168837214881, 40.442848706183746 ], [ -3.718158809978514, 40.440968649421279 ], [ -3.717878802427838, 40.440428633117165 ], [ -3.717648796225497, 40.439978619530407 ], [ -3.71763879595583, 40.439938618322692 ], [ -3.717618795416496, 40.439858615907269 ], [ -3.717598794877162, 40.439638609264854 ], [ -3.717598794877162, 40.439498605037862 ], [ -3.717608795146829, 40.439428602924366 ], [ -3.71763879595583, 40.439228596885805 ], [ -3.718078807821178, 40.436638518686458 ], [ -3.718128809169513, 40.4363685105344 ], [ -3.718268812944851, 40.435538485474375 ], [ -3.71983885528257, 40.435738491512936 ], [ -3.721698905440632, 40.436668519592239 ], [ -3.723158944812014, 40.437428542538768 ], [ -3.725058996048744, 40.436648518988385 ], [ -3.726409032453789, 40.436078501778489 ], [ -3.727999075330842, 40.435698490305221 ], [ -3.730969155421941, 40.434988468868333 ], [ -3.733359219872354, 40.434368450148803 ], [ -3.733949235782707, 40.434238446223738 ], [ -3.734229243333383, 40.434198445016023 ], [ -3.734549251962727, 40.434198445016023 ], [ -3.735349273536087, 40.434238446223738 ], [ -3.735969290255441, 40.434278447431446 ], [ -3.737149322076147, 40.434358449846869 ], [ -3.737669336098831, 40.434418451658438 ], [ -3.738299353087852, 40.434548455583503 ], [ -3.738909369537539, 40.434798463131706 ], [ -3.739469384638891, 40.435148473699186 ], [ -3.739829394346903, 40.435458483058952 ], [ -3.740129402436913, 40.435798493324505 ], [ -3.740409409987589, 40.436118502986197 ], [ -3.741279433448618, 40.437228536500207 ], [ -3.741749446122967, 40.437738551898534 ], [ -3.742319461493986, 40.438218566391079 ], [ -3.742849475786337, 40.438618578468201 ], [ -3.743549494663027, 40.439138594168455 ], [ -3.745789555068435, 40.44081864489236 ], [ -3.748669632732531, 40.442938708901096 ], [ -3.749089644058545, 40.443198716751226 ], [ -3.749669659699231, 40.443488725507137 ], [ -3.750649686126597, 40.443918738490041 ], [ -3.75343976136369, 40.44517877653297 ], [ -3.754769797229401, 40.445768794346719 ], [ -3.75613983417378, 40.44637881276433 ], [ -3.757669875432831, 40.44707883389929 ], [ -3.759169915882881, 40.447738853826536 ], [ -3.761379975479288, 40.448728883717408 ], [ -3.76203999327731, 40.449048893379107 ], [ -3.762360001906654, 40.449228898813807 ], [ -3.762600008378662, 40.449418904550441 ], [ -3.762770012963001, 40.449538908173572 ], [ -3.762580007839328, 40.449608910287068 ], [ -3.762310000558319, 40.449698913004426 ], [ -3.762109995164979, 40.449748914514061 ], [ -3.761879988962638, 40.449768915117922 ], [ -3.761689983838965, 40.449758914815995 ], [ -3.761499978715292, 40.449728913910207 ], [ -3.76143997709729, 40.449708913306353 ], [ -3.757359867073154, 40.451238959501339 ], [ -3.757309865724819, 40.452158987278715 ], [ -3.757219863297816, 40.452308991807634 ], [ -3.757409868421489, 40.453279021094644 ], [ -3.757759877859834, 40.453649032265986 ], [ -3.75793988271384, 40.453749035285263 ], [ -3.757969883522841, 40.453779036191051 ], [ -3.758219890264516, 40.454029043739247 ], [ -3.758419895657856, 40.454319052495158 ], [ -3.759409922354889, 40.456039104426779 ], [ -3.762490005412325, 40.460179229424966 ], [ -3.762209997861649, 40.461159259013911 ], [ -3.762740012154, 40.461239261429334 ], [ -3.762680010535998, 40.461439267467895 ], [ -3.762019992737976, 40.463479329061208 ], [ -3.762570007569661, 40.465109378275471 ], [ -3.763130022671013, 40.466769428395523 ], [ -3.76394004451404, 40.469039496933178 ], [ -3.764600062312062, 40.470789549770572 ], [ -3.764770066896401, 40.471199562149621 ], [ -3.765900097368772, 40.473939644877895 ], [ -3.763660036963364, 40.473409628875714 ], [ -3.763580034806028, 40.47339962857378 ], [ -3.763630036154363, 40.472529602306047 ], [ -3.763510032918359, 40.472449599890624 ], [ -3.763450031300357, 40.47242959928677 ], [ -3.763400029952022, 40.47242959928677 ], [ -3.763250025907017, 40.47242959928677 ], [ -3.763170023749681, 40.47242959928677 ], [ -3.763070021053011, 40.472419598984843 ], [ -3.762810014041669, 40.472359597173273 ], [ -3.762630009187663, 40.472319595965558 ], [ -3.762550007030327, 40.472309595663631 ], [ -3.762450004333657, 40.472289595059777 ], [ -3.762310000558319, 40.472289595059777 ], [ -3.762009992468309, 40.472299595361704 ], [ -3.761599981411962, 40.472309595663631 ], [ -3.761099967928612, 40.472319595965558 ], [ -3.76083996091727, 40.472319595965558 ], [ -3.760509952018259, 40.472339596569412 ], [ -3.760419949591256, 40.472339596569412 ], [ -3.760279945815918, 40.472319595965558 ], [ -3.760269945546251, 40.472319595965558 ], [ -3.76023994473725, 40.472319595965558 ], [ -3.760119941501246, 40.472309595663631 ], [ -3.759989937995575, 40.472289595059777 ], [ -3.759929936377573, 40.472289595059777 ], [ -3.759899935568572, 40.472289595059777 ], [ -3.759869934759571, 40.472299595361704 ], [ -3.759759931793234, 40.472319595965558 ], [ -3.759699930175232, 40.472349596871346 ], [ -3.75963992855723, 40.472379597777127 ], [ -3.75953992586056, 40.472459600192551 ], [ -3.759529925590893, 40.472469600494478 ], [ -3.759509925051559, 40.472479600796404 ], [ -3.759469923972891, 40.472499601400266 ], [ -3.759369921276221, 40.472509601702193 ], [ -3.759269918579551, 40.472559603211835 ], [ -3.759209916961549, 40.472579603815689 ], [ -3.759129914804213, 40.47260960472147 ], [ -3.759079913455878, 40.472629605325331 ], [ -3.75903991237721, 40.472639605627258 ], [ -3.758919909141206, 40.472659606231112 ], [ -3.758889908332205, 40.472659606231112 ], [ -3.758829906714203, 40.472659606231112 ], [ -3.758799905905202, 40.472649605929185 ], [ -3.7587399042872, 40.472629605325331 ], [ -3.75863990159053, 40.472589604117616 ], [ -3.758449896466857, 40.472579603815689 ], [ -3.758419895657856, 40.472579603815689 ], [ -3.758319892961186, 40.472589604117616 ], [ -3.758289892152185, 40.473369627667999 ], [ -3.758319892961186, 40.473549633102706 ], [ -3.758399895118522, 40.473689637329699 ], [ -3.758479897275858, 40.473769639745122 ], [ -3.758619901051196, 40.473849642160545 ], [ -3.759129914804213, 40.474079649104887 ], [ -3.759209916961549, 40.474119650312602 ], [ -3.759189916422215, 40.474119650312602 ], [ -3.758999911298542, 40.474099649708741 ], [ -3.758859907523204, 40.474099649708741 ], [ -3.758699903208532, 40.474119650312602 ], [ -3.758579899972528, 40.47415965152031 ], [ -3.758569899702861, 40.474169651822237 ], [ -3.758459896736524, 40.474219653331879 ], [ -3.758399895118522, 40.474259654539594 ], [ -3.758369894309521, 40.474279655143448 ], [ -3.758309892691519, 40.474349657256944 ], [ -3.758279891882518, 40.474379658162725 ], [ -3.758259891343184, 40.474409659068513 ], [ -3.758209889994849, 40.47450966208779 ], [ -3.758189889455515, 40.474569663899359 ], [ -3.758159888646514, 40.474659666616709 ], [ -3.757809879208169, 40.478379778933927 ], [ -3.757769878129501, 40.478549784066701 ], [ -3.757769878129501, 40.478569784670562 ], [ -3.7577398773205, 40.478639786784058 ], [ -3.757699876241832, 40.478719789199481 ], [ -3.757599873545162, 40.478879794030327 ], [ -3.757509871118159, 40.479019798257319 ], [ -3.757499870848492, 40.479059799465034 ], [ -3.757469870039491, 40.479149802182384 ], [ -3.757449869500157, 40.479319807315157 ], [ -3.757569872736161, 40.479729819694207 ], [ -3.757419868691156, 40.479769820901922 ], [ -3.757349866803487, 40.479789821505776 ], [ -3.75733986653382, 40.479789821505776 ], [ -3.757179862219148, 40.47980982210963 ], [ -3.757129860870813, 40.479799821807703 ], [ -3.757109860331479, 40.479799821807703 ], [ -3.757069859252811, 40.479789821505776 ], [ -3.757049858713477, 40.479779821203849 ], [ -3.757029858174143, 40.479759820599995 ], [ -3.75693985574714, 40.479739819996134 ], [ -3.756869853859471, 40.479739819996134 ], [ -3.75683985305047, 40.479739819996134 ], [ -3.756769851162801, 40.479739819996134 ], [ -3.756749850623467, 40.479739819996134 ], [ -3.756659848196464, 40.479749820298061 ], [ -3.756569845769461, 40.479749820298061 ], [ -3.756519844421126, 40.479739819996134 ], [ -3.756379840645788, 40.479619816373003 ], [ -3.756249837140117, 40.479509813051791 ], [ -3.75623983687045, 40.479499812749864 ], [ -3.756209836061449, 40.479489812447937 ], [ -3.756149834443447, 40.479469811844076 ], [ -3.756119833634446, 40.479469811844076 ], [ -3.756069832286111, 40.479469811844076 ], [ -3.756059832016444, 40.479469811844076 ], [ -3.755979829859108, 40.479489812447937 ], [ -3.755919828241106, 40.479529813655645 ], [ -3.755919828241106, 40.479539813957572 ], [ -3.755919828241106, 40.479619816373003 ], [ -3.755919828241106, 40.479649817278784 ], [ -3.755889827432105, 40.479679818184565 ], [ -3.755869826892771, 40.479689818486499 ], [ -3.755849826353437, 40.479699818788426 ], [ -3.755789824735435, 40.479709819090353 ], [ -3.755779824465768, 40.479709819090353 ], [ -3.755679821769098, 40.47971981939228 ], [ -3.755629820420763, 40.479729819694207 ], [ -3.755619820151096, 40.479729819694207 ], [ -3.755609819881429, 40.479729819694207 ], [ -3.755569818802761, 40.479729819694207 ], [ -3.755549818263427, 40.479729819694207 ], [ -3.75553981799376, 40.479729819694207 ], [ -3.755509817184759, 40.479729819694207 ], [ -3.755489816645425, 40.479729819694207 ], [ -3.755429815027423, 40.479709819090353 ], [ -3.755369813409421, 40.479689818486499 ], [ -3.755329812330753, 40.479689818486499 ], [ -3.755179808285748, 40.479699818788426 ], [ -3.755129806937413, 40.479689818486499 ], [ -3.755089805858745, 40.479679818184565 ], [ -3.755059805049744, 40.479669817882638 ], [ -3.754959802353074, 40.47962981667493 ], [ -3.754899800735072, 40.479599815769141 ], [ -3.754809798308069, 40.479559814561433 ], [ -3.75463979372373, 40.479519813353718 ], [ -3.754599792645062, 40.479509813051791 ], [ -3.75453979102706, 40.479489812447937 ], [ -3.754519790487726, 40.47947981214601 ], [ -3.754499789948392, 40.479469811844076 ], [ -3.754479789409058, 40.479449811240222 ], [ -3.754479789409058, 40.479439810938295 ], [ -3.754459788869724, 40.479429810636368 ], [ -3.754429788060723, 40.479419810334441 ], [ -3.754399787251722, 40.479419810334441 ], [ -3.754369786442721, 40.479419810334441 ], [ -3.754349785903387, 40.479419810334441 ], [ -3.754309784824719, 40.479409810032514 ], [ -3.754259783476384, 40.479389809428653 ], [ -3.754249783206717, 40.479379809126726 ], [ -3.754249783206717, 40.479259805503588 ], [ -3.754289784285385, 40.479089800370815 ], [ -3.754329785364053, 40.478909794936115 ], [ -3.75433978563372, 40.478859793426473 ], [ -3.754409787521389, 40.478659787387912 ], [ -3.754479789409058, 40.47851978316092 ], [ -3.754479789409058, 40.478319777122358 ], [ -3.754479789409058, 40.478309776820431 ], [ -3.754489789678725, 40.478189773197293 ], [ -3.75443978833039, 40.478059769272228 ], [ -3.754359786173054, 40.478069769574162 ], [ -3.754079778622378, 40.478099770479943 ], [ -3.75353976406036, 40.478149771989585 ], [ -3.753549764330027, 40.478209773801154 ], [ -3.753559764599694, 40.478239774706935 ], [ -3.751509709317959, 40.478459781349351 ], [ -3.751509709317959, 40.478419780141643 ] ] ] } },
{ "type": "Feature", "properties": { "id_barrio": "06062", "nombre_barrio": "Cuatro Caminos", "nombre_distrito": "Tetuán", "area_km2": 1.184, "distancia_centro_km": 3.927, "lat_c": 40.451969174443349, "lon_c": -3.6969694929935608 }, "geometry": { "type": "Polygon", "coordinates": [ [ [ -3.691267086712171, 40.446219288049043 ], [ -3.695008185699409, 40.446418813972038 ], [ -3.695568200800761, 40.446448814877826 ], [ -3.697128242868813, 40.446518816991322 ], [ -3.698658284127864, 40.446598819406745 ], [ -3.699328302195553, 40.446628820312526 ], [ -3.700328329162253, 40.446678821822168 ], [ -3.700928345342273, 40.446708822727949 ], [ -3.70393842651204, 40.446858827256868 ], [ -3.703908425703039, 40.447158836314713 ], [ -3.703848424085037, 40.447678852014967 ], [ -3.703718420579366, 40.448638881000058 ], [ -3.703598417343362, 40.449418904550441 ], [ -3.703518415186026, 40.449968921156483 ], [ -3.70343841302869, 40.450478936554809 ], [ -3.703358410871354, 40.451038953462778 ], [ -3.703248407905017, 40.451808976711234 ], [ -3.703158405478014, 40.45237899392113 ], [ -3.702988400893675, 40.453499027737067 ], [ -3.702918399006006, 40.45401904343732 ], [ -3.70283839684867, 40.454539059137574 ], [ -3.702698393073332, 40.455089075743615 ], [ -3.702298382286652, 40.456099106238341 ], [ -3.702208379859649, 40.456309112578829 ], [ -3.701478360173958, 40.457499148508262 ], [ -3.698888290330205, 40.456909130694513 ], [ -3.698048267678177, 40.456719124957878 ], [ -3.697628256352163, 40.456629122240528 ], [ -3.697178244217148, 40.456529119221244 ], [ -3.69593821077844, 40.456459117107748 ], [ -3.695228191632083, 40.45641911590004 ], [ -3.694648175991397, 40.456389114994252 ], [ -3.692288112349985, 40.456259111069194 ], [ -3.690308058955919, 40.456139107446056 ], [ -3.690698069472932, 40.452128986372927 ], [ -3.691148081607947, 40.447468845674479 ], [ -3.691267086712171, 40.446219288049043 ] ] ] } },
{ "type": "Feature", "properties": { "id_barrio": "06061", "nombre_barrio": "Bellas Vistas", "nombre_distrito": "Tetuán", "area_km2": 0.716, "distancia_centro_km": 3.91, "lat_c": 40.45204970312345, "lon_c": -3.7073837267723264 }, "geometry": { "type": "Polygon", "coordinates": [ [ [ -3.70393842651204, 40.446858827256868 ], [ -3.703948426781707, 40.446858827256868 ], [ -3.706078484220778, 40.446978830880006 ], [ -3.706778503097468, 40.447018832087721 ], [ -3.708308544356519, 40.447088834201217 ], [ -3.708888559997205, 40.447958860468951 ], [ -3.708968562154541, 40.448088864394016 ], [ -3.709868586424571, 40.449518907569718 ], [ -3.710188595053915, 40.450018922666118 ], [ -3.710288597750585, 40.45006892417576 ], [ -3.71033859909892, 40.450088924779614 ], [ -3.710988616627275, 40.451118955878201 ], [ -3.711728636582633, 40.452288991203773 ], [ -3.71193864224564, 40.452398994524984 ], [ -3.713268678111351, 40.453039013848375 ], [ -3.712678662200998, 40.453919040418043 ], [ -3.712788665167335, 40.454179048268166 ], [ -3.712898668133672, 40.454389054608654 ], [ -3.713018671369676, 40.454619061552997 ], [ -3.713118674066346, 40.454899070006981 ], [ -3.712858667055004, 40.455469087216876 ], [ -3.712188648987315, 40.456469117409682 ], [ -3.711478629840958, 40.457509148810189 ], [ -3.711028617705943, 40.457539149715977 ], [ -3.710918614739606, 40.457589151225619 ], [ -3.710818612042936, 40.457629152433327 ], [ -3.710688608537265, 40.457659153339108 ], [ -3.710598606110262, 40.457659153339108 ], [ -3.710568605301261, 40.457649153037181 ], [ -3.709818585076236, 40.457199139450424 ], [ -3.708718555412866, 40.456849128882943 ], [ -3.708148540041847, 40.456719124957878 ], [ -3.707568524401161, 40.456689124052097 ], [ -3.704978454557408, 40.456559120127032 ], [ -3.704898452400072, 40.456439116503894 ], [ -3.703788422467035, 40.455089075743615 ], [ -3.702908398736339, 40.45401904343732 ], [ -3.702988400893675, 40.453499027737067 ], [ -3.703158405478014, 40.45237899392113 ], [ -3.703248407905017, 40.451808976711234 ], [ -3.703358410871354, 40.451038953462778 ], [ -3.70343841302869, 40.450478936554809 ], [ -3.703518415186026, 40.449968921156483 ], [ -3.703598417343362, 40.449418904550441 ], [ -3.703718420579366, 40.448638881000058 ], [ -3.703848424085037, 40.447678852014967 ], [ -3.703908425703039, 40.447158836314713 ], [ -3.70393842651204, 40.446858827256868 ] ] ] } },
{ "type": "Feature", "properties": { "id_barrio": "09097", "nombre_barrio": "Aravaca", "nombre_distrito": "Moncloa - Aravaca", "area_km2": 5.814, "distancia_centro_km": 7.387, "lat_c": 40.454156742049811, "lon_c": -3.7757316326434136 }, "geometry": { "type": "Polygon", "coordinates": [ [ [ -3.762770012963001, 40.449538908173572 ], [ -3.762750012423667, 40.449548908475506 ], [ -3.765290080919085, 40.448588879490416 ], [ -3.766300108155452, 40.448168866809439 ], [ -3.766920124874806, 40.447828856543886 ], [ -3.770790229235935, 40.444528756907644 ], [ -3.770860231123604, 40.444148745434383 ], [ -3.775820364878436, 40.443858736678472 ], [ -3.77754041126116, 40.443778734263049 ], [ -3.778680442003198, 40.443948739395822 ], [ -3.779500464115892, 40.444308750265229 ], [ -3.779610467082229, 40.444308750265229 ], [ -3.783150562544347, 40.444408753284513 ], [ -3.784700604342732, 40.444448754492221 ], [ -3.787300674456152, 40.443428723695568 ], [ -3.790110750232579, 40.44245869440855 ], [ -3.788800714906202, 40.445868797365996 ], [ -3.79024075373825, 40.445908798573711 ], [ -3.79024075373825, 40.446708822727949 ], [ -3.790350756704587, 40.447808855940032 ], [ -3.790970773423941, 40.447598849599544 ], [ -3.791010774502609, 40.447718853222682 ], [ -3.791180779086948, 40.448168866809439 ], [ -3.791390784749955, 40.449538908173572 ], [ -3.791990800929975, 40.450798946216501 ], [ -3.79204080227831, 40.45091894983964 ], [ -3.792420812525656, 40.451778975805446 ], [ -3.792910825739339, 40.452599000563545 ], [ -3.793390838683355, 40.453379024113929 ], [ -3.793420839492356, 40.453429025623571 ], [ -3.792970827357341, 40.453829037700686 ], [ -3.792980827627008, 40.453849038304547 ], [ -3.792990827896675, 40.453869038908401 ], [ -3.793000828166342, 40.453889039512255 ], [ -3.793010828436009, 40.453909040116109 ], [ -3.793020828705676, 40.45392904071997 ], [ -3.793030828975343, 40.453949041323824 ], [ -3.79304082924501, 40.453969041927678 ], [ -3.793050829514677, 40.453989042531532 ], [ -3.793060829784344, 40.454009043135393 ], [ -3.793070830054011, 40.454029043739247 ], [ -3.793080830323678, 40.454049044343101 ], [ -3.793090830593345, 40.454069044946962 ], [ -3.793100830863012, 40.454089045550816 ], [ -3.793110831132679, 40.45410904615467 ], [ -3.793130831672013, 40.454129046758524 ], [ -3.793150832211347, 40.454149047362385 ], [ -3.793170832750681, 40.454169047966239 ], [ -3.793380838413688, 40.454399054910581 ], [ -3.793600844346362, 40.454619061552997 ], [ -3.793710847312699, 40.454719064572281 ], [ -3.793760848661034, 40.454799066987704 ], [ -3.793770848930701, 40.454819067591558 ], [ -3.793800849739702, 40.454859068799273 ], [ -3.793820850279036, 40.4548690691012 ], [ -3.79384085081837, 40.454879069403127 ], [ -3.793860851357704, 40.454889069705054 ], [ -3.793880851897038, 40.454899070006981 ], [ -3.793900852436372, 40.454909070308915 ], [ -3.793920852975706, 40.454919070610842 ], [ -3.79394085351504, 40.454929070912769 ], [ -3.793950853784707, 40.454939071214696 ], [ -3.793960854054374, 40.454949071516623 ], [ -3.793970854324041, 40.45495907181855 ], [ -3.793980854593708, 40.454969072120477 ], [ -3.793990854863375, 40.454979072422411 ], [ -3.794000855133042, 40.454989072724338 ], [ -3.794010855402709, 40.454999073026265 ], [ -3.794020855672376, 40.455009073328192 ], [ -3.794030855942043, 40.455019073630119 ], [ -3.79404085621171, 40.455029073932046 ], [ -3.794050856481377, 40.455039074233973 ], [ -3.794060856751044, 40.455049074535907 ], [ -3.794070857020711, 40.455059074837834 ], [ -3.794080857290378, 40.455069075139761 ], [ -3.794090857560045, 40.455079075441688 ], [ -3.794100857829712, 40.455089075743615 ], [ -3.794110858099379, 40.455099076045542 ], [ -3.794120858369046, 40.455109076347469 ], [ -3.794130858638713, 40.455119076649403 ], [ -3.79414085890838, 40.45512907695133 ], [ -3.794150859178047, 40.455139077253257 ], [ -3.794160859447714, 40.455149077555184 ], [ -3.794170859717381, 40.455159077857111 ], [ -3.794180859987048, 40.455169078159038 ], [ -3.794190860256715, 40.455179078460965 ], [ -3.794200860526382, 40.455189078762899 ], [ -3.794210860796049, 40.455209079366753 ], [ -3.794220861065716, 40.455229079970607 ], [ -3.794230861335383, 40.455249080574461 ], [ -3.79424086160505, 40.455269081178322 ], [ -3.794250861874717, 40.455289081782176 ], [ -3.794260862144384, 40.45530908238603 ], [ -3.794260862144384, 40.455329082989884 ], [ -3.794260862144384, 40.455349083593745 ], [ -3.794260862144384, 40.455369084197599 ], [ -3.794280862683718, 40.45539908510338 ], [ -3.794300863223052, 40.455429086009168 ], [ -3.794320863762386, 40.455459086914949 ], [ -3.79434086430172, 40.455489087820737 ], [ -3.794360864841054, 40.455519088726518 ], [ -3.794380865380388, 40.455549089632306 ], [ -3.794400865919722, 40.455579090538087 ], [ -3.794420866459056, 40.455609091443868 ], [ -3.79444086699839, 40.455639092349656 ], [ -3.794460867537724, 40.455669093255437 ], [ -3.794480868077058, 40.455699094161226 ], [ -3.794500868616392, 40.455729095067007 ], [ -3.794520869155726, 40.455759095972795 ], [ -3.794550869964727, 40.455789096878576 ], [ -3.794580870773728, 40.455819097784357 ], [ -3.794610871582729, 40.455849098690145 ], [ -3.79464087239173, 40.455879099595926 ], [ -3.794670873200731, 40.455909100501714 ], [ -3.794700874009732, 40.455939101407495 ], [ -3.794730874818733, 40.455969102313283 ], [ -3.794760875627734, 40.455999103219064 ], [ -3.794790876436735, 40.456029104124845 ], [ -3.794820877245736, 40.456059105030633 ], [ -3.794850878054737, 40.456089105936414 ], [ -3.794910879672739, 40.456109106540275 ], [ -3.794930880212073, 40.456129107144129 ], [ -3.794970881290741, 40.456149107747983 ], [ -3.795020882639076, 40.456169108351837 ], [ -3.795060883717744, 40.456189108955698 ], [ -3.795110885066079, 40.456209109559552 ], [ -3.795150886144747, 40.456219109861479 ], [ -3.795180886953748, 40.456229110163406 ], [ -3.795220888032416, 40.456249110767267 ], [ -3.795260889111084, 40.456269111371121 ], [ -3.795290889920085, 40.456279111673048 ], [ -3.79534089126842, 40.456309112578829 ], [ -3.795360891807754, 40.45632911318269 ], [ -3.795390892616755, 40.456359114088471 ], [ -3.795400892886422, 40.456379114692325 ], [ -3.795410893156089, 40.456399115296186 ], [ -3.795430893695423, 40.45641911590004 ], [ -3.79544089396509, 40.456439116503894 ], [ -3.795470894774091, 40.456479117711609 ], [ -3.795460894504424, 40.45650911861739 ], [ -3.795460894504424, 40.456529119221244 ], [ -3.795460894504424, 40.456549119825105 ], [ -3.795450894234757, 40.456569120428959 ], [ -3.795450894234757, 40.45659912133474 ], [ -3.795450894234757, 40.456619121938601 ], [ -3.795450894234757, 40.456639122542455 ], [ -3.79544089396509, 40.456669123448236 ], [ -3.795430893695423, 40.456689124052097 ], [ -3.795430893695423, 40.456699124354024 ], [ -3.795420893425756, 40.456719124957878 ], [ -3.795410893156089, 40.456749125863666 ], [ -3.795400892886422, 40.45676912646752 ], [ -3.795390892616755, 40.456799127373301 ], [ -3.795380892347088, 40.456819127977163 ], [ -3.795380892347088, 40.456839128581016 ], [ -3.795370892077421, 40.456869129486797 ], [ -3.795360891807754, 40.456889130090659 ], [ -3.795350891538087, 40.456909130694513 ], [ -3.79534089126842, 40.456929131298367 ], [ -3.795330890998753, 40.456949131902221 ], [ -3.795320890729086, 40.456969132506082 ], [ -3.795310890459419, 40.456989133109936 ], [ -3.795300890189752, 40.45700913371379 ], [ -3.795790903403435, 40.457869159679596 ], [ -3.795820904212436, 40.457919161189238 ], [ -3.798890987000205, 40.459149198326386 ], [ -3.798950988618207, 40.45916919893024 ], [ -3.798950988618207, 40.459179199232167 ], [ -3.79894098834854, 40.459239201043737 ], [ -3.798930988078873, 40.459439207082298 ], [ -3.798930988078873, 40.45957921130929 ], [ -3.798930988078873, 40.459629212818925 ], [ -3.79894098834854, 40.459909221272909 ], [ -3.798950988618207, 40.460039225197974 ], [ -3.798960988887874, 40.460169229123039 ], [ -3.799000989966542, 40.460409236369308 ], [ -3.799050991314877, 40.460639243313658 ], [ -3.799110992932879, 40.460849249654146 ], [ -3.799130993472213, 40.460919251767642 ], [ -3.799190995090215, 40.461099257202342 ], [ -3.799290997786885, 40.461369265354399 ], [ -3.799381000213888, 40.461549270789106 ], [ -3.799411001022889, 40.461609272600668 ], [ -3.799471002640891, 40.461729276223807 ], [ -3.79964100722523, 40.462019284979718 ], [ -3.79984101261857, 40.462309293735629 ], [ -3.799981016393908, 40.462499299472263 ], [ -3.80014102070858, 40.462689305208897 ], [ -3.800181021787248, 40.462729306416605 ], [ -3.800261023944584, 40.462819309133963 ], [ -3.800431028528923, 40.462999314568663 ], [ -3.800651034461597, 40.463209320909151 ], [ -3.800701035809932, 40.463259322418793 ], [ -3.800821039045936, 40.46335932543807 ], [ -3.80094104228194, 40.463459328457354 ], [ -3.801091046326945, 40.463569331778558 ], [ -3.801201049293282, 40.463659334495908 ], [ -3.80144105576529, 40.463809339024834 ], [ -3.801071045787611, 40.465589392768017 ], [ -3.80054103149526, 40.465529390956448 ], [ -3.800211022596249, 40.465489389748733 ], [ -3.799070991854211, 40.465359385823675 ], [ -3.798220968932516, 40.46525938280439 ], [ -3.797860959224504, 40.465219381596683 ], [ -3.791670792300631, 40.464509360159795 ], [ -3.787990693063175, 40.464099347780746 ], [ -3.779010450902209, 40.463089317286013 ], [ -3.771800256472302, 40.462279292829848 ], [ -3.762750012423667, 40.461229261127407 ], [ -3.762209997861649, 40.461159259013911 ], [ -3.762490005412325, 40.460179229424966 ], [ -3.759409922354889, 40.456039104426779 ], [ -3.758419895657856, 40.454319052495158 ], [ -3.758219890264516, 40.454029043739247 ], [ -3.757969883522841, 40.453779036191051 ], [ -3.75793988271384, 40.453749035285263 ], [ -3.757759877859834, 40.453649032265986 ], [ -3.757409868421489, 40.453279021094644 ], [ -3.757219863297816, 40.452308991807634 ], [ -3.757309865724819, 40.452158987278715 ], [ -3.757359867073154, 40.451238959501339 ], [ -3.76143997709729, 40.449708913306353 ], [ -3.761499978715292, 40.449728913910207 ], [ -3.761689983838965, 40.449758914815995 ], [ -3.761879988962638, 40.449768915117922 ], [ -3.762109995164979, 40.449748914514061 ], [ -3.762310000558319, 40.449698913004426 ], [ -3.762580007839328, 40.449608910287068 ], [ -3.762770012963001, 40.449538908173572 ] ] ] } },
{ "type": "Feature", "properties": { "id_barrio": "15156", "nombre_barrio": "San Juan Bautista", "nombre_distrito": "Ciudad Lineal", "area_km2": 1.01, "distancia_centro_km": 5.509, "lat_c": 40.450634796428254, "lon_c": -3.6558298095739841 }, "geometry": { "type": "Polygon", "coordinates": [ [ [ -3.660607258044929, 40.44459875902114 ], [ -3.660597257775262, 40.444608759323074 ], [ -3.661187273685615, 40.445668791327442 ], [ -3.661467281236291, 40.44637881276433 ], [ -3.661677286899298, 40.446978830880006 ], [ -3.661877292292638, 40.44766885171304 ], [ -3.662147299573647, 40.44845887556535 ], [ -3.662287303348985, 40.448938890057896 ], [ -3.662327304427653, 40.449088894586815 ], [ -3.662567310899661, 40.450128925987329 ], [ -3.662827317911003, 40.45135896312447 ], [ -3.662887319529005, 40.451718973993877 ], [ -3.663127326001013, 40.45316901777344 ], [ -3.660697260471932, 40.453799036794905 ], [ -3.658667205729531, 40.454729064874208 ], [ -3.656427145324123, 40.455849098690145 ], [ -3.654217085727716, 40.456909130694513 ], [ -3.652877049592338, 40.455439086311095 ], [ -3.651317007524286, 40.453699033775621 ], [ -3.650086974355245, 40.452068984561357 ], [ -3.649996971928242, 40.452028983353649 ], [ -3.64993697031024, 40.451938980636292 ], [ -3.649666963029231, 40.451588970068812 ], [ -3.649326953860553, 40.451138956482055 ], [ -3.648116921230846, 40.449448905456222 ], [ -3.652857049053004, 40.447448845070625 ], [ -3.655867130222771, 40.446238808537338 ], [ -3.656827156110803, 40.445908798573711 ], [ -3.660607258044929, 40.44459875902114 ] ] ] } },
{ "type": "Feature", "properties": { "id_barrio": "21211", "nombre_barrio": "Alameda de Osuna", "nombre_distrito": "Barajas", "area_km2": 2.032, "distancia_centro_km": 10.533, "lat_c": 40.457281553214621, "lon_c": -3.5911209967952424 }, "geometry": { "type": "Polygon", "coordinates": [ [ [ -3.593245441568017, 40.450048923571906 ], [ -3.593285442646685, 40.450048923571906 ], [ -3.595585504670095, 40.450118925685402 ], [ -3.597085545120145, 40.45015892689311 ], [ -3.599585612536895, 40.450168927195037 ], [ -3.601015651099276, 40.450128925987329 ], [ -3.603395715280022, 40.449888918741053 ], [ -3.604745751685067, 40.449738914212134 ], [ -3.605455770831424, 40.449678912400564 ], [ -3.605845781348437, 40.44965891179671 ], [ -3.606365795371121, 40.449648911494783 ], [ -3.607765833124501, 40.449668912098637 ], [ -3.60703581343881, 40.450108925383475 ], [ -3.606985812090475, 40.450138926289256 ], [ -3.606865808854471, 40.450208928402752 ], [ -3.60623579186545, 40.450618940781801 ], [ -3.605305766786419, 40.451228959199405 ], [ -3.604495744943392, 40.451758975201592 ], [ -3.60453574602206, 40.451828977315088 ], [ -3.604595747640062, 40.451918980032438 ], [ -3.604675749797398, 40.452038983655576 ], [ -3.604775752494068, 40.452168987580642 ], [ -3.604885755460405, 40.452288991203773 ], [ -3.604975757887408, 40.45237899392113 ], [ -3.605085760853745, 40.452488997242334 ], [ -3.605185763550415, 40.452589000261618 ], [ -3.605265765707751, 40.452659002375114 ], [ -3.605405769483089, 40.452769005696318 ], [ -3.605425770022423, 40.452759005394391 ], [ -3.604675749797398, 40.453359023510075 ], [ -3.603555719594694, 40.454439056118296 ], [ -3.600825645975603, 40.45685912918487 ], [ -3.599815618739236, 40.457609151829473 ], [ -3.597485555906825, 40.458679184135768 ], [ -3.594285469613385, 40.460099227009543 ], [ -3.593265442107351, 40.46045923787895 ], [ -3.592585423769995, 40.460769247238723 ], [ -3.590215359858916, 40.461819278941157 ], [ -3.589655344757564, 40.462059286187433 ], [ -3.588415311318856, 40.46267930490697 ], [ -3.58453520668806, 40.465339385219814 ], [ -3.583415176485356, 40.464769368009918 ], [ -3.582505151945659, 40.4637993387229 ], [ -3.580865107720271, 40.462279292829848 ], [ -3.580555099360594, 40.462489299170336 ], [ -3.579525071584893, 40.46180927863923 ], [ -3.578795051899202, 40.461279262637049 ], [ -3.577905027898839, 40.460659243917512 ], [ -3.580175089113248, 40.458759186551191 ], [ -3.584385202643055, 40.45530908238603 ], [ -3.587975299453508, 40.452258990297992 ], [ -3.588715319408866, 40.451648971880381 ], [ -3.589045328307877, 40.451408964634112 ], [ -3.589455339364224, 40.451138956482055 ], [ -3.589995353926242, 40.450828947122289 ], [ -3.590495367409592, 40.450628941083728 ], [ -3.591155385207614, 40.45041893474324 ], [ -3.591845403814637, 40.450278930516248 ], [ -3.592365417837321, 40.450188927798898 ], [ -3.593245441568017, 40.450048923571906 ] ] ] } },
{ "type": "Feature", "properties": { "id_barrio": "16161", "nombre_barrio": "Palomas", "nombre_distrito": "Hortaleza", "area_km2": 1.069, "distancia_centro_km": 8.475, "lat_c": 40.454007585858342, "lon_c": -3.6161734988974241 }, "geometry": { "type": "Polygon", "coordinates": [ [ [ -3.605415769752756, 40.452779005998245 ], [ -3.605405769483089, 40.452769005696318 ], [ -3.605265765707751, 40.452659002375114 ], [ -3.605185763550415, 40.452589000261618 ], [ -3.605085760853745, 40.452488997242334 ], [ -3.604975757887408, 40.45237899392113 ], [ -3.604885755460405, 40.452288991203773 ], [ -3.604775752494068, 40.452168987580642 ], [ -3.604675749797398, 40.452038983655576 ], [ -3.604595747640062, 40.451918980032438 ], [ -3.60453574602206, 40.451828977315088 ], [ -3.604495744943392, 40.451758975201592 ], [ -3.605305766786419, 40.451228959199405 ], [ -3.60623579186545, 40.450618940781801 ], [ -3.606865808854471, 40.450208928402752 ], [ -3.606985812090475, 40.450138926289256 ], [ -3.60703581343881, 40.450108925383475 ], [ -3.607755832854834, 40.449668912098637 ], [ -3.609075868450878, 40.449688912702499 ], [ -3.614786022430735, 40.449708913306353 ], [ -3.616666073128131, 40.449698913004426 ], [ -3.61993616130924, 40.449678912400564 ], [ -3.622306225220319, 40.449668912098637 ], [ -3.626296332817452, 40.449538908173572 ], [ -3.626306333087119, 40.449598909985141 ], [ -3.626646342255797, 40.451938980636292 ], [ -3.626576340368128, 40.452398994524984 ], [ -3.62643633659279, 40.452699003582822 ], [ -3.626206330390449, 40.452969011734879 ], [ -3.62583632041277, 40.453239019886936 ], [ -3.625526312053093, 40.45340902501971 ], [ -3.622676235197998, 40.454449056420223 ], [ -3.622396227647322, 40.454549059439501 ], [ -3.621456202298624, 40.454889069705054 ], [ -3.620456175331924, 40.455259080876388 ], [ -3.620146166972247, 40.45539908510338 ], [ -3.619756156455234, 40.455619091745803 ], [ -3.619496149443892, 40.455789096878576 ], [ -3.619296144050552, 40.455929101105568 ], [ -3.618806130836869, 40.456379114692325 ], [ -3.618516123016526, 40.456739125561732 ], [ -3.618476121937858, 40.456789127071374 ], [ -3.61803611007251, 40.457339143677416 ], [ -3.617666100094831, 40.4577991575661 ], [ -3.617386092544155, 40.458149168133581 ], [ -3.613895998430372, 40.45615910804991 ], [ -3.61233595636232, 40.455289081782176 ], [ -3.608975865754208, 40.454219049475881 ], [ -3.607715831776166, 40.453879039210328 ], [ -3.606625802382463, 40.453499027737067 ], [ -3.606185790517115, 40.453279021094644 ], [ -3.605705777573099, 40.452979012036806 ], [ -3.60543577029209, 40.452759005394391 ], [ -3.605415769752756, 40.452779005998245 ] ] ] } },
{ "type": "Feature", "properties": { "id_barrio": "05054", "nombre_barrio": "Hispanoamérica", "nombre_distrito": "Chamartín", "area_km2": 1.711, "distancia_centro_km": 4.847, "lat_c": 40.455609298852224, "lon_c": -3.676960869579645 }, "geometry": { "type": "Polygon", "coordinates": [ [ [ -3.663127326001013, 40.453159017471513 ], [ -3.665647393957097, 40.452478996940407 ], [ -3.666077405552778, 40.452388994223057 ], [ -3.66633741256412, 40.452348993015342 ], [ -3.666547418227127, 40.452318992109561 ], [ -3.66733743953082, 40.452288991203773 ], [ -3.667457442766824, 40.452338992713415 ], [ -3.668077459486178, 40.45237899392113 ], [ -3.668497470812192, 40.452418995128838 ], [ -3.668957483216874, 40.452458996336553 ], [ -3.669487497509225, 40.45246899663848 ], [ -3.669987510992575, 40.452458996336553 ], [ -3.670247518003917, 40.452428995430765 ], [ -3.670727530947933, 40.452328992411488 ], [ -3.671117541464946, 40.452238989694138 ], [ -3.673857615353704, 40.451628971276527 ], [ -3.674627636118063, 40.451648971880381 ], [ -3.677567715400161, 40.451678972786169 ], [ -3.678767747760201, 40.451678972786169 ], [ -3.681407818952289, 40.451678972786169 ], [ -3.685907940302439, 40.451838977617015 ], [ -3.689248030371217, 40.452038983655576 ], [ -3.690698069472932, 40.452128986372927 ], [ -3.690308058955919, 40.456139107446056 ], [ -3.69003805167491, 40.459019194401321 ], [ -3.688077998820178, 40.45890919108011 ], [ -3.686777963763468, 40.458839188966614 ], [ -3.685577931403428, 40.458779187155045 ], [ -3.685177920616748, 40.458749186249264 ], [ -3.682957860750674, 40.458609182022272 ], [ -3.682907859402339, 40.458609182022272 ], [ -3.681967834053641, 40.458579181116491 ], [ -3.680547795760927, 40.458619182324199 ], [ -3.677777721063168, 40.458639182928053 ], [ -3.676817695175136, 40.458589181418418 ], [ -3.675717665511766, 40.458539179908776 ], [ -3.671957564116974, 40.458449177191426 ], [ -3.671707557375299, 40.458449177191426 ], [ -3.671207543891949, 40.458439176889499 ], [ -3.670827533644603, 40.458459177493353 ], [ -3.670287519082585, 40.458539179908776 ], [ -3.66983750694757, 40.458649183229987 ], [ -3.668287465149185, 40.459069195910956 ], [ -3.664947375080407, 40.460029224896047 ], [ -3.664857372653404, 40.459819218555559 ], [ -3.664357359170054, 40.458529179606849 ], [ -3.663807344338369, 40.456809127675228 ], [ -3.663417333821356, 40.455079075441688 ], [ -3.663297330585352, 40.454299051891304 ], [ -3.663127326001013, 40.453159017471513 ] ] ] } },
{ "type": "Feature", "properties": { "id_barrio": "15157", "nombre_barrio": "Colina", "nombre_distrito": "Ciudad Lineal", "area_km2": 0.559, "distancia_centro_km": 5.891, "lat_c": 40.45816376979348, "lon_c": -3.6597672269743287 }, "geometry": { "type": "Polygon", "coordinates": [ [ [ -3.663127326001013, 40.45316901777344 ], [ -3.663127326001013, 40.453159017471513 ], [ -3.663297330585352, 40.454299051891304 ], [ -3.663417333821356, 40.455079075441688 ], [ -3.663807344338369, 40.456809127675228 ], [ -3.664357359170054, 40.458529179606849 ], [ -3.664857372653404, 40.459819218555559 ], [ -3.664927374541073, 40.460049225499901 ], [ -3.664547364293727, 40.460209230330754 ], [ -3.664217355394716, 40.460359234859673 ], [ -3.663797344068702, 40.460579241502089 ], [ -3.663427334091023, 40.460829249050285 ], [ -3.662867318989671, 40.461299263240903 ], [ -3.663717341911366, 40.461899281356587 ], [ -3.66203729660731, 40.463369325739997 ], [ -3.660427253190923, 40.462249291924067 ], [ -3.66033725076392, 40.462179289810571 ], [ -3.656287141548785, 40.459429206780371 ], [ -3.656257140739784, 40.459339204063014 ], [ -3.655877130492438, 40.458899190778183 ], [ -3.655457119166424, 40.458369174776003 ], [ -3.655147110806747, 40.458009163906588 ], [ -3.654207085458049, 40.45691913099644 ], [ -3.656427145324123, 40.455849098690145 ], [ -3.658667205729531, 40.454729064874208 ], [ -3.660697260471932, 40.453799036794905 ], [ -3.663127326001013, 40.45316901777344 ] ] ] } },
{ "type": "Feature", "properties": { "id_barrio": "06066", "nombre_barrio": "Berruguete", "nombre_distrito": "Tetuán", "area_km2": 0.607, "distancia_centro_km": 4.662, "lat_c": 40.458924496599188, "lon_c": -3.7053520984974564 }, "geometry": { "type": "Polygon", "coordinates": [ [ [ -3.698388276846855, 40.460629243011731 ], [ -3.699218299229216, 40.459739216140136 ], [ -3.700258327274584, 40.458829188664687 ], [ -3.700698339139932, 40.458449177191426 ], [ -3.701478360173958, 40.457499148508262 ], [ -3.702208379859649, 40.456309112578829 ], [ -3.702298382286652, 40.456099106238341 ], [ -3.702698393073332, 40.455089075743615 ], [ -3.70283839684867, 40.454539059137574 ], [ -3.702908398736339, 40.45401904343732 ], [ -3.703788422467035, 40.455089075743615 ], [ -3.704898452400072, 40.456439116503894 ], [ -3.704978454557408, 40.456559120127032 ], [ -3.707568524401161, 40.456689124052097 ], [ -3.708148540041847, 40.456719124957878 ], [ -3.708718555412866, 40.456849128882943 ], [ -3.709818585076236, 40.457199139450424 ], [ -3.710568605301261, 40.457649153037181 ], [ -3.710598606110262, 40.457659153339108 ], [ -3.710688608537265, 40.457659153339108 ], [ -3.710818612042936, 40.457629152433327 ], [ -3.710918614739606, 40.457589151225619 ], [ -3.711028617705943, 40.457539149715977 ], [ -3.711498630380292, 40.457499148508262 ], [ -3.710508603683259, 40.459019194401321 ], [ -3.709808584806569, 40.460089226707616 ], [ -3.709028563772543, 40.461289262938976 ], [ -3.708578551637528, 40.462089287093214 ], [ -3.708428547592523, 40.462059286187433 ], [ -3.707788530333835, 40.462779307926247 ], [ -3.707108511996479, 40.463549331174704 ], [ -3.706958507951474, 40.463609332986273 ], [ -3.706818504176136, 40.463659334495908 ], [ -3.706668500131131, 40.463689335401696 ], [ -3.706508495816459, 40.46370933600555 ], [ -3.706328490962453, 40.463699335703623 ], [ -3.706188487187115, 40.463669334797842 ], [ -3.706028482872443, 40.463629333590127 ], [ -3.705918479906106, 40.4636193332882 ], [ -3.705828477479103, 40.4636193332882 ], [ -3.705718474512766, 40.4636193332882 ], [ -3.70563847235543, 40.463639333892054 ], [ -3.705578470737428, 40.463689335401696 ], [ -3.705518469119426, 40.463749337213265 ], [ -3.705458467501424, 40.463819339326761 ], [ -3.705378465344088, 40.463939342949892 ], [ -3.705358464804754, 40.46402934566725 ], [ -3.704708447276399, 40.463829339628688 ], [ -3.704618444849396, 40.463809339024834 ], [ -3.704498441613392, 40.463779338119046 ], [ -3.704278435680718, 40.463699335703623 ], [ -3.704158432444714, 40.463649334193981 ], [ -3.704148432175047, 40.463639333892054 ], [ -3.70383842381537, 40.463489329363135 ], [ -3.703108404129679, 40.463119318191801 ], [ -3.702518388219326, 40.462799308530101 ], [ -3.702228380398983, 40.462639303699255 ], [ -3.701928372308973, 40.462479298868409 ], [ -3.700618336982596, 40.461749276827661 ], [ -3.699988319993575, 40.46139926626018 ], [ -3.699558308397894, 40.461159259013911 ], [ -3.699158297611214, 40.46095925297535 ], [ -3.698388276846855, 40.460629243011731 ] ] ] } },
{ "type": "Feature", "properties": { "id_barrio": "16162", "nombre_barrio": "Piovera", "nombre_distrito": "Hortaleza", "area_km2": 3.138, "distancia_centro_km": 7.138, "lat_c": 40.455614734602364, "lon_c": -3.6362887039316281 }, "geometry": { "type": "Polygon", "coordinates": [ [ [ -3.623426255423023, 40.462669304605036 ], [ -3.623426255423023, 40.462659304303109 ], [ -3.622756237355334, 40.461839279545018 ], [ -3.622176221714648, 40.461209260523553 ], [ -3.621516203916626, 40.460579241502089 ], [ -3.620926188006273, 40.460139228217258 ], [ -3.620246169668917, 40.459739216140136 ], [ -3.617386092544155, 40.458149168133581 ], [ -3.617666100094831, 40.4577991575661 ], [ -3.61803611007251, 40.457339143677416 ], [ -3.618476121937858, 40.456789127071374 ], [ -3.618516123016526, 40.456739125561732 ], [ -3.618806130836869, 40.456379114692325 ], [ -3.619296144050552, 40.455929101105568 ], [ -3.619496149443892, 40.455789096878576 ], [ -3.619756156455234, 40.455619091745803 ], [ -3.620146166972247, 40.45539908510338 ], [ -3.620456175331924, 40.455259080876388 ], [ -3.621456202298624, 40.454889069705054 ], [ -3.622396227647322, 40.454549059439501 ], [ -3.622676235197998, 40.454449056420223 ], [ -3.625526312053093, 40.45340902501971 ], [ -3.62583632041277, 40.453239019886936 ], [ -3.626206330390449, 40.452969011734879 ], [ -3.62643633659279, 40.452699003582822 ], [ -3.626576340368128, 40.452398994524984 ], [ -3.626646342255797, 40.451938980636292 ], [ -3.626306333087119, 40.449598909985141 ], [ -3.626286332547785, 40.449528907871645 ], [ -3.627666369761831, 40.449488906663937 ], [ -3.628416389986856, 40.449468906060076 ], [ -3.629446417762557, 40.449428904852368 ], [ -3.630686451201265, 40.449388903644653 ], [ -3.631966485718641, 40.449248899417661 ], [ -3.633496526977692, 40.449008892171392 ], [ -3.634396551247722, 40.4488688879444 ], [ -3.635106570394079, 40.448748884321262 ], [ -3.6357365873831, 40.448658881603912 ], [ -3.636096597091112, 40.448618880396197 ], [ -3.636656612192464, 40.448578879188489 ], [ -3.637306629720819, 40.448578879188489 ], [ -3.637996648327842, 40.44860888009427 ], [ -3.63983669794657, 40.4488688879444 ], [ -3.642756776689334, 40.449338902135018 ], [ -3.64383680581337, 40.449518907569718 ], [ -3.645076839252078, 40.44971891360828 ], [ -3.646056865679444, 40.449828916929491 ], [ -3.646696882938132, 40.44980891632563 ], [ -3.647276898578818, 40.449698913004426 ], [ -3.647826913410503, 40.449548908475506 ], [ -3.648116921230846, 40.449448905456222 ], [ -3.649326953860553, 40.451138956482055 ], [ -3.649666963029231, 40.451588970068812 ], [ -3.64993697031024, 40.451938980636292 ], [ -3.649996971928242, 40.452028983353649 ], [ -3.650086974355245, 40.452068984561357 ], [ -3.651317007524286, 40.453699033775621 ], [ -3.652877049592338, 40.455439086311095 ], [ -3.654217085727716, 40.456899130392586 ], [ -3.653917077637706, 40.456979132808009 ], [ -3.653617069547696, 40.457049134921505 ], [ -3.653247059570017, 40.457089136129213 ], [ -3.652517039884326, 40.457129137336928 ], [ -3.649206950624549, 40.457119137035001 ], [ -3.647696909904832, 40.457089136129213 ], [ -3.644496823611392, 40.457219140054278 ], [ -3.644226816330383, 40.457449146998627 ], [ -3.644026810937043, 40.4576191521314 ], [ -3.643776804195368, 40.45796916269888 ], [ -3.643256790172684, 40.458649183229987 ], [ -3.642556771295994, 40.459469207988079 ], [ -3.642096758891312, 40.459969223084478 ], [ -3.641876752958638, 40.460209230330754 ], [ -3.641686747834965, 40.460399236067381 ], [ -3.641476742171958, 40.460569241200162 ], [ -3.639646692822897, 40.461779277733449 ], [ -3.639156679609214, 40.462119287999002 ], [ -3.638906672867539, 40.462279292829848 ], [ -3.638746668552867, 40.462359295245271 ], [ -3.63843666019319, 40.462469298566482 ], [ -3.63813665210318, 40.462549300981905 ], [ -3.637886645361505, 40.462609302793474 ], [ -3.637586637271495, 40.462659304303109 ], [ -3.637266628642151, 40.462689305208897 ], [ -3.63623660086645, 40.462689305208897 ], [ -3.635376577675088, 40.462689305208897 ], [ -3.633266520775351, 40.462669304605036 ], [ -3.629656423425564, 40.462639303699255 ], [ -3.624596286974062, 40.462579301887686 ], [ -3.623426255423023, 40.462669304605036 ] ] ] } },
{ "type": "Feature", "properties": { "id_barrio": "06063", "nombre_barrio": "Castillejos", "nombre_distrito": "Tetuán", "area_km2": 0.704, "distancia_centro_km": 4.953, "lat_c": 40.460979570643651, "lon_c": -3.6940495399630082 }, "geometry": { "type": "Polygon", "coordinates": [ [ [ -3.690028051405243, 40.459049195307102 ], [ -3.690308058955919, 40.456139107446056 ], [ -3.692288112349985, 40.456259111069194 ], [ -3.694648175991397, 40.456389114994252 ], [ -3.695228191632083, 40.45641911590004 ], [ -3.69593821077844, 40.456459117107748 ], [ -3.697178244217148, 40.456529119221244 ], [ -3.697628256352163, 40.456629122240528 ], [ -3.698048267678177, 40.456719124957878 ], [ -3.698888290330205, 40.456909130694513 ], [ -3.701478360173958, 40.457499148508262 ], [ -3.700698339139932, 40.458449177191426 ], [ -3.700258327274584, 40.458829188664687 ], [ -3.699218299229216, 40.459739216140136 ], [ -3.698398277116522, 40.460629243011731 ], [ -3.698108269296179, 40.461279262637049 ], [ -3.697818261475836, 40.461909281658514 ], [ -3.69763825662183, 40.462209290716352 ], [ -3.697348248801487, 40.462549300981905 ], [ -3.697078241520478, 40.462849310039744 ], [ -3.697048240711477, 40.462889311247459 ], [ -3.696388222913455, 40.463609332986273 ], [ -3.69603821347511, 40.463989344459534 ], [ -3.695918210239106, 40.4641193483846 ], [ -3.695808207272769, 40.464199350800023 ], [ -3.695678203767098, 40.464279353215446 ], [ -3.695528199722093, 40.464339355027015 ], [ -3.695448197564757, 40.464369355932803 ], [ -3.694448170598057, 40.464719366500283 ], [ -3.693158135811014, 40.46516938008704 ], [ -3.692698123406332, 40.465289383710179 ], [ -3.69163809482163, 40.465449388541025 ], [ -3.690808072439269, 40.46557939246609 ], [ -3.690728070281933, 40.465589392768017 ], [ -3.689348033067887, 40.466039406354774 ], [ -3.689588039539895, 40.463419327249639 ], [ -3.689748043854567, 40.461989284073937 ], [ -3.689888047629905, 40.460579241502089 ], [ -3.690028051405243, 40.459049195307102 ] ] ] } },
{ "type": "Feature", "properties": { "id_barrio": "16163", "nombre_barrio": "Canillas", "nombre_distrito": "Hortaleza", "area_km2": 2.526, "distancia_centro_km": 7.326, "lat_c": 40.462996450504178, "lon_c": -3.6416489083713226 }, "geometry": { "type": "Polygon", "coordinates": [ [ [ -3.62797518064177, 40.468478034786379 ], [ -3.627686370301165, 40.468129469457729 ], [ -3.623426255423023, 40.462669304605036 ], [ -3.624596286974062, 40.462579301887686 ], [ -3.629656423425564, 40.462639303699255 ], [ -3.633266520775351, 40.462669304605036 ], [ -3.635376577675088, 40.462689305208897 ], [ -3.63623660086645, 40.462689305208897 ], [ -3.637266628642151, 40.462689305208897 ], [ -3.637586637271495, 40.462659304303109 ], [ -3.637886645361505, 40.462609302793474 ], [ -3.63813665210318, 40.462549300981905 ], [ -3.63843666019319, 40.462469298566482 ], [ -3.638746668552867, 40.462359295245271 ], [ -3.638906672867539, 40.462279292829848 ], [ -3.639156679609214, 40.462119287999002 ], [ -3.639646692822897, 40.461779277733449 ], [ -3.641476742171958, 40.460569241200162 ], [ -3.641686747834965, 40.460399236067381 ], [ -3.641876752958638, 40.460209230330754 ], [ -3.642096758891312, 40.459969223084478 ], [ -3.642556771295994, 40.459469207988079 ], [ -3.643256790172684, 40.458649183229987 ], [ -3.643776804195368, 40.45796916269888 ], [ -3.644026810937043, 40.4576191521314 ], [ -3.644226816330383, 40.457449146998627 ], [ -3.644496823611392, 40.457219140054278 ], [ -3.647696909904832, 40.457089136129213 ], [ -3.649206950624549, 40.457119137035001 ], [ -3.652517039884326, 40.457129137336928 ], [ -3.653247059570017, 40.457089136129213 ], [ -3.653617069547696, 40.457049134921505 ], [ -3.653917077637706, 40.456979132808009 ], [ -3.654207085458049, 40.45691913099644 ], [ -3.655147110806747, 40.458009163906588 ], [ -3.655457119166424, 40.458369174776003 ], [ -3.655877130492438, 40.458899190778183 ], [ -3.656257140739784, 40.459339204063014 ], [ -3.656287141548785, 40.459429206780371 ], [ -3.660327250494253, 40.462209290716352 ], [ -3.659157218943214, 40.463229321513005 ], [ -3.659157218943214, 40.463439327853493 ], [ -3.659177219482548, 40.463599332684346 ], [ -3.659217220561216, 40.463729336609404 ], [ -3.659307222988219, 40.463899341742184 ], [ -3.65943722649389, 40.464139348988454 ], [ -3.659527228920893, 40.464269352913519 ], [ -3.657797182268502, 40.465729396995009 ], [ -3.657547175526827, 40.465899402127782 ], [ -3.657387171212155, 40.465989404845132 ], [ -3.656977160155808, 40.46619941118562 ], [ -3.656547148560127, 40.466399417224181 ], [ -3.65613713750378, 40.466539421451174 ], [ -3.6557371267171, 40.466659425074312 ], [ -3.655327115660753, 40.466749427791662 ], [ -3.654807101638069, 40.466839430509019 ], [ -3.654087082222045, 40.466919432924442 ], [ -3.652787047165335, 40.467069437453361 ], [ -3.652367035839321, 40.467109438661069 ], [ -3.651797020468302, 40.467179440774565 ], [ -3.651277006445618, 40.467249442888061 ], [ -3.65083699458027, 40.46730944469963 ], [ -3.650576987568928, 40.467359446209272 ], [ -3.650186977051915, 40.467459449228549 ], [ -3.648706937141199, 40.467849461003745 ], [ -3.645776858128768, 40.468619484252201 ], [ -3.644086812555045, 40.469069497838959 ], [ -3.642506769947659, 40.469489510519935 ], [ -3.641846752149637, 40.469039496933178 ], [ -3.638806670170869, 40.46900949602739 ], [ -3.638196653721182, 40.468999495725463 ], [ -3.637956647249174, 40.468979495121609 ], [ -3.636926619473473, 40.468879492102324 ], [ -3.634106543427379, 40.46859948364834 ], [ -3.633906538034039, 40.468609483950274 ], [ -3.633706532640699, 40.468639484856055 ], [ -3.633566528865361, 40.468669485761836 ], [ -3.633346522932687, 40.468729487573405 ], [ -3.633186518618015, 40.468779489083047 ], [ -3.633046514842677, 40.468809489988828 ], [ -3.632976512955008, 40.468819490290763 ], [ -3.632926511606673, 40.468909493008113 ], [ -3.631206465223949, 40.468739487875332 ], [ -3.630116435830246, 40.468629484554128 ], [ -3.629426417223223, 40.468519481232917 ], [ -3.62863639591953, 40.468369476703998 ], [ -3.62797518064177, 40.468478034786379 ] ] ] } },
{ "type": "Feature", "properties": { "id_barrio": "05055", "nombre_barrio": "Nueva España", "nombre_distrito": "Chamartín", "area_km2": 1.793, "distancia_centro_km": 5.527, "lat_c": 40.462773141095838, "lon_c": -3.6780331813686225 }, "geometry": { "type": "Polygon", "coordinates": [ [ [ -3.668407468385189, 40.466699426282027 ], [ -3.668227463531183, 40.466359416016473 ], [ -3.667717449778166, 40.465379386427529 ], [ -3.66493737481074, 40.460029224896047 ], [ -3.668287465149185, 40.459069195910956 ], [ -3.66983750694757, 40.458649183229987 ], [ -3.670287519082585, 40.458539179908776 ], [ -3.670827533644603, 40.458459177493353 ], [ -3.671207543891949, 40.458439176889499 ], [ -3.671707557375299, 40.458449177191426 ], [ -3.671957564116974, 40.458449177191426 ], [ -3.675717665511766, 40.458539179908776 ], [ -3.676817695175136, 40.458589181418418 ], [ -3.677777721063168, 40.458639182928053 ], [ -3.680547795760927, 40.458619182324199 ], [ -3.681967834053641, 40.458579181116491 ], [ -3.682907859402339, 40.458609182022272 ], [ -3.682957860750674, 40.458609182022272 ], [ -3.685177920616748, 40.458749186249264 ], [ -3.685577931403428, 40.458779187155045 ], [ -3.686777963763468, 40.458839188966614 ], [ -3.688077998820178, 40.45890919108011 ], [ -3.690028051405243, 40.459049195307102 ], [ -3.689888047629905, 40.460579241502089 ], [ -3.689748043854567, 40.461989284073937 ], [ -3.689588039539895, 40.463419327249639 ], [ -3.689328032528553, 40.466049406656701 ], [ -3.684487902009725, 40.467039436547573 ], [ -3.68393788717804, 40.467149439868784 ], [ -3.683557876930694, 40.467229442284207 ], [ -3.683007862099009, 40.467339445605418 ], [ -3.679207759625549, 40.467639454663257 ], [ -3.679047755310877, 40.467639454663257 ], [ -3.679027754771543, 40.467489450134337 ], [ -3.678287734816185, 40.467519451040118 ], [ -3.677267707310151, 40.467749457984461 ], [ -3.676947698680807, 40.467769458588322 ], [ -3.676597689242462, 40.467749457984461 ], [ -3.676457685467124, 40.467739457682534 ], [ -3.676267680343451, 40.467699456474826 ], [ -3.674767639893401, 40.467249442888061 ], [ -3.674177623983048, 40.467149439868784 ], [ -3.671627555217963, 40.466189410883693 ], [ -3.668407468385189, 40.466699426282027 ] ] ] } },
{ "type": "Feature", "properties": { "id_barrio": "09094", "nombre_barrio": "Valdezarza", "nombre_distrito": "Moncloa - Aravaca", "area_km2": 1.399, "distancia_centro_km": 5.467, "lat_c": 40.465113698921051, "lon_c": -3.7169526255380529 }, "geometry": { "type": "Polygon", "coordinates": [ [ [ -3.711498630380292, 40.457499148508262 ], [ -3.711498630380292, 40.457489148206335 ], [ -3.713098673527012, 40.457789157264173 ], [ -3.715878748494438, 40.458669183833841 ], [ -3.716758772225134, 40.458939191985898 ], [ -3.719228838832883, 40.459699214932421 ], [ -3.719428844226223, 40.45975921674399 ], [ -3.719528846922893, 40.459849219461347 ], [ -3.71953884719256, 40.459849219461347 ], [ -3.719548847462227, 40.459869220065201 ], [ -3.719608849080229, 40.459969223084478 ], [ -3.719628849619563, 40.460089226707616 ], [ -3.71963884988923, 40.460119227613397 ], [ -3.71963884988923, 40.460329233953885 ], [ -3.719618849349896, 40.460439237275097 ], [ -3.719508846383559, 40.460629243011731 ], [ -3.719268839911551, 40.460819248748358 ], [ -3.719048833978877, 40.461029255088846 ], [ -3.718958831551874, 40.461209260523553 ], [ -3.718958831551874, 40.461239261429334 ], [ -3.718948831282207, 40.461329264146684 ], [ -3.719308840990219, 40.461949282866222 ], [ -3.719458845035224, 40.462209290716352 ], [ -3.719498846113892, 40.462269292527921 ], [ -3.719628849619563, 40.462389296151052 ], [ -3.719678850967898, 40.462449297962621 ], [ -3.719828855012903, 40.462639303699255 ], [ -3.719888856630905, 40.462719306114678 ], [ -3.72033886876592, 40.462949313059021 ], [ -3.720528873889593, 40.463049316078305 ], [ -3.720728879282933, 40.463169319701443 ], [ -3.720908884136939, 40.463309323928435 ], [ -3.720968885754941, 40.463369325739997 ], [ -3.720998886563942, 40.463419327249639 ], [ -3.721048887912277, 40.463539330872777 ], [ -3.721098889260612, 40.463649334193981 ], [ -3.721178891417948, 40.463719336307477 ], [ -3.721268893844951, 40.463769337817119 ], [ -3.721398897350622, 40.463839339930615 ], [ -3.721588902474295, 40.463899341742184 ], [ -3.721858909755304, 40.463929342647965 ], [ -3.722208919193649, 40.463989344459534 ], [ -3.722508927283659, 40.464069346874957 ], [ -3.723728960183033, 40.464449358348226 ], [ -3.723818962610036, 40.46540938733331 ], [ -3.723888964497705, 40.465819399712359 ], [ -3.723958966385374, 40.466059406958628 ], [ -3.724198972857382, 40.466979434736011 ], [ -3.72433897663272, 40.467519451040118 ], [ -3.724348976902387, 40.46756945254976 ], [ -3.724348976902387, 40.467579452851687 ], [ -3.724378977711388, 40.467709456776753 ], [ -3.724398978250722, 40.467779458890249 ], [ -3.724428979059723, 40.467829460399891 ], [ -3.724708986610399, 40.468099468551941 ], [ -3.724828989846403, 40.468219472175079 ], [ -3.724858990655404, 40.468249473080867 ], [ -3.725088996857745, 40.468479480025209 ], [ -3.725709013577099, 40.46917950116017 ], [ -3.725889018431105, 40.469379507198731 ], [ -3.725929019509773, 40.469439509010293 ], [ -3.726099024094112, 40.469689516558496 ], [ -3.726699040274132, 40.47037953739153 ], [ -3.72703904944281, 40.470779549468645 ], [ -3.727119051600146, 40.470839551280214 ], [ -3.727169052948481, 40.470859551884068 ], [ -3.727419059690156, 40.471179561545767 ], [ -3.727479061308158, 40.471249563659264 ], [ -3.728469088005191, 40.472359597173273 ], [ -3.728529089623193, 40.472879612873527 ], [ -3.727999075330842, 40.47295961528895 ], [ -3.720428871192923, 40.471109559432271 ], [ -3.720068861484911, 40.471019556714921 ], [ -3.719698851507232, 40.470929553997564 ], [ -3.71763879595583, 40.470409538297311 ], [ -3.715698743640432, 40.469919523502838 ], [ -3.71453871235906, 40.469629514746927 ], [ -3.714208703460049, 40.469479510218008 ], [ -3.71403869887571, 40.469319505387162 ], [ -3.713798692403702, 40.469039496933178 ], [ -3.713648688358697, 40.468889492404259 ], [ -3.713518684853026, 40.468759488479193 ], [ -3.713368680808021, 40.46859948364834 ], [ -3.713278678381018, 40.468499480629063 ], [ -3.712768664628001, 40.467999465532664 ], [ -3.711388627413955, 40.466249412695262 ], [ -3.711168621481281, 40.466129409072124 ], [ -3.711008617166609, 40.466059406958628 ], [ -3.710918614739606, 40.465999405147066 ], [ -3.709798584536902, 40.46481936951956 ], [ -3.709418574289556, 40.464269352913519 ], [ -3.70933857213222, 40.464149349290381 ], [ -3.709258569974884, 40.46402934566725 ], [ -3.709098565660212, 40.463479329061208 ], [ -3.708518550019526, 40.462589302189613 ], [ -3.708508549749859, 40.462559301283832 ], [ -3.708488549210525, 40.46250929977419 ], [ -3.708468548671191, 40.462409296754913 ], [ -3.708478548940858, 40.462299293433702 ], [ -3.708518550019526, 40.462219291018279 ], [ -3.70853855055886, 40.462169289508637 ], [ -3.708598552176862, 40.462059286187433 ], [ -3.709028563772543, 40.461289262938976 ], [ -3.709808584806569, 40.460089226707616 ], [ -3.710508603683259, 40.459019194401321 ], [ -3.711498630380292, 40.457499148508262 ] ] ] } },
{ "type": "Feature", "properties": { "id_barrio": "06065", "nombre_barrio": "Valdeacederas", "nombre_distrito": "Tetuán", "area_km2": 1.163, "distancia_centro_km": 5.541, "lat_c": 40.466859019268455, "lon_c": -3.7043406944759081 }, "geometry": { "type": "Polygon", "coordinates": [ [ [ -3.698396671907184, 40.460632840906335 ], [ -3.699158297611214, 40.46095925297535 ], [ -3.699558308397894, 40.461159259013911 ], [ -3.699988319993575, 40.46139926626018 ], [ -3.700618336982596, 40.461749276827661 ], [ -3.701928372308973, 40.462479298868409 ], [ -3.702228380398983, 40.462639303699255 ], [ -3.702518388219326, 40.462799308530101 ], [ -3.703108404129679, 40.463119318191801 ], [ -3.70383842381537, 40.463489329363135 ], [ -3.704148432175047, 40.463639333892054 ], [ -3.704158432444714, 40.463649334193981 ], [ -3.704278435680718, 40.463699335703623 ], [ -3.704498441613392, 40.463779338119046 ], [ -3.704618444849396, 40.463809339024834 ], [ -3.704708447276399, 40.463829339628688 ], [ -3.705358464804754, 40.46402934566725 ], [ -3.705378465344088, 40.463939342949892 ], [ -3.705458467501424, 40.463819339326761 ], [ -3.705518469119426, 40.463749337213265 ], [ -3.705578470737428, 40.463689335401696 ], [ -3.70563847235543, 40.463639333892054 ], [ -3.705718474512766, 40.4636193332882 ], [ -3.705828477479103, 40.4636193332882 ], [ -3.705918479906106, 40.4636193332882 ], [ -3.706028482872443, 40.463629333590127 ], [ -3.706188487187115, 40.463669334797842 ], [ -3.706328490962453, 40.463699335703623 ], [ -3.706508495816459, 40.46370933600555 ], [ -3.706668500131131, 40.463689335401696 ], [ -3.706818504176136, 40.463659334495908 ], [ -3.706958507951474, 40.463609332986273 ], [ -3.707108511996479, 40.463549331174704 ], [ -3.707788530333835, 40.462779307926247 ], [ -3.708428547592523, 40.462059286187433 ], [ -3.708598552176862, 40.462059286187433 ], [ -3.70853855055886, 40.462169289508637 ], [ -3.708518550019526, 40.462219291018279 ], [ -3.708478548940858, 40.462299293433702 ], [ -3.708468548671191, 40.462409296754913 ], [ -3.708488549210525, 40.46250929977419 ], [ -3.708508549749859, 40.462559301283832 ], [ -3.708518550019526, 40.462589302189613 ], [ -3.709098565660212, 40.463479329061208 ], [ -3.709258569974884, 40.46402934566725 ], [ -3.70933857213222, 40.464149349290381 ], [ -3.709418574289556, 40.464269352913519 ], [ -3.709798584536902, 40.46481936951956 ], [ -3.710918614739606, 40.465999405147066 ], [ -3.711008617166609, 40.466059406958628 ], [ -3.711168621481281, 40.466129409072124 ], [ -3.711388627413955, 40.466249412695262 ], [ -3.712768664628001, 40.467999465532664 ], [ -3.713278678381018, 40.468529481534844 ], [ -3.713208676493349, 40.468619484252201 ], [ -3.713168675414681, 40.46867948606377 ], [ -3.713058672448344, 40.468849491196544 ], [ -3.71303867190901, 40.468879492102324 ], [ -3.712958669751674, 40.468999495725463 ], [ -3.712878667594338, 40.46917950116017 ], [ -3.712808665706669, 40.469339505991016 ], [ -3.712788665167335, 40.469379507198731 ], [ -3.712738663819, 40.469479510218008 ], [ -3.712718663279666, 40.469569512935358 ], [ -3.712698662740332, 40.469639515048854 ], [ -3.712668661931331, 40.469739518068138 ], [ -3.712628660852663, 40.469889522597057 ], [ -3.712588659773995, 40.470009526220188 ], [ -3.712488657077325, 40.470219532560677 ], [ -3.712398654650322, 40.470349536485742 ], [ -3.712348653301987, 40.470429538901165 ], [ -3.712148647908647, 40.470659545845514 ], [ -3.712068645751311, 40.47072954795901 ], [ -3.711928641975973, 40.470839551280214 ], [ -3.711648634425297, 40.471019556714921 ], [ -3.711608633346629, 40.471039557318775 ], [ -3.711378627144288, 40.471139560338052 ], [ -3.711118620132946, 40.471219562753483 ], [ -3.710698608806932, 40.471309565470833 ], [ -3.708528550289193, 40.471499571207467 ], [ -3.707408520086489, 40.471599574226744 ], [ -3.707308517389819, 40.471609574528671 ], [ -3.705198460490082, 40.471809580567232 ], [ -3.704858451321404, 40.471839581473013 ], [ -3.70463844538873, 40.471869582378801 ], [ -3.704588444040395, 40.471879582680728 ], [ -3.704368438107721, 40.471939584492297 ], [ -3.703978427590708, 40.472099589323143 ], [ -3.7037384211187, 40.472249593852062 ], [ -3.703458413568024, 40.472479600796404 ], [ -3.703428412759023, 40.472509601702193 ], [ -3.703188406287015, 40.472739608646535 ], [ -3.703178406017348, 40.472749608948462 ], [ -3.702078376353978, 40.473759639443195 ], [ -3.702128377702313, 40.471109559432271 ], [ -3.70013832403858, 40.47002952682405 ], [ -3.699568308667561, 40.469719517464277 ], [ -3.699218299229216, 40.46926950387752 ], [ -3.698558281431194, 40.46841947821364 ], [ -3.698198271723182, 40.46815947036351 ], [ -3.698118269565846, 40.468099468551941 ], [ -3.697718258779166, 40.467789459192176 ], [ -3.697698258239832, 40.467769458588322 ], [ -3.697308247722819, 40.467369446511199 ], [ -3.696388222913455, 40.466439418431897 ], [ -3.695968211587441, 40.46592940303357 ], [ -3.695658203227764, 40.465549391560302 ], [ -3.695598201609762, 40.465499390050667 ], [ -3.695398196216422, 40.465369386125602 ], [ -3.694448170598057, 40.464719366500283 ], [ -3.695448197564757, 40.464369355932803 ], [ -3.695528199722093, 40.464339355027015 ], [ -3.695678203767098, 40.464279353215446 ], [ -3.695808207272769, 40.464199350800023 ], [ -3.695918210239106, 40.4641193483846 ], [ -3.69603821347511, 40.463989344459534 ], [ -3.696388222913455, 40.463609332986273 ], [ -3.697048240711477, 40.462889311247459 ], [ -3.697078241520478, 40.462849310039744 ], [ -3.697348248801487, 40.462549300981905 ], [ -3.69763825662183, 40.462209290716352 ], [ -3.697818261475836, 40.461909281658514 ], [ -3.698108269296179, 40.461279262637049 ], [ -3.698396671907184, 40.460632840906335 ] ] ] } },
{ "type": "Feature", "properties": { "id_barrio": "21215", "nombre_barrio": "Corralejos", "nombre_distrito": "Barajas", "area_km2": 4.68, "distancia_centro_km": 9.718, "lat_c": 40.462676147541515, "lon_c": -3.6058221312979453 }, "geometry": { "type": "Polygon", "coordinates": [ [ [ -3.605425770022423, 40.452759005394391 ], [ -3.605415769752756, 40.452779005998245 ], [ -3.60543577029209, 40.452759005394391 ], [ -3.605705777573099, 40.452979012036806 ], [ -3.606185790517115, 40.453279021094644 ], [ -3.606625802382463, 40.453499027737067 ], [ -3.607715831776166, 40.453879039210328 ], [ -3.608975865754208, 40.454219049475881 ], [ -3.61233595636232, 40.455289081782176 ], [ -3.613895998430372, 40.45615910804991 ], [ -3.617386092544155, 40.458149168133581 ], [ -3.620246169668917, 40.459739216140136 ], [ -3.620926188006273, 40.460139228217258 ], [ -3.621516203916626, 40.460579241502089 ], [ -3.622176221714648, 40.461209260523553 ], [ -3.622756237355334, 40.461839279545018 ], [ -3.623426255423023, 40.462669304605036 ], [ -3.627686370301165, 40.468129469457729 ], [ -3.627996378660842, 40.468479480025209 ], [ -3.624446282929057, 40.468699486667624 ], [ -3.624526285086393, 40.469019496329317 ], [ -3.624576286434728, 40.469149500254382 ], [ -3.624616287513396, 40.46926950387752 ], [ -3.624656288592064, 40.469419508406439 ], [ -3.624676289131398, 40.469539512029577 ], [ -3.624696289670732, 40.469689516558496 ], [ -3.624706289940399, 40.469809520181634 ], [ -3.624706289940399, 40.469919523502838 ], [ -3.624706289940399, 40.470039527125977 ], [ -3.624696289670732, 40.470149530447181 ], [ -3.624686289401065, 40.470229532862611 ], [ -3.624666288861731, 40.470339536183815 ], [ -3.62463628805273, 40.470479540410807 ], [ -3.624596286974062, 40.470599544033945 ], [ -3.624556285895394, 40.470719547657083 ], [ -3.624506284547059, 40.470849551582141 ], [ -3.62443628265939, 40.47099955611106 ], [ -3.624376281041388, 40.471129560036125 ], [ -3.624286278614385, 40.471269564263118 ], [ -3.624216276726716, 40.471379567584329 ], [ -3.62413627456938, 40.471479570603606 ], [ -3.624076272951378, 40.471559573019029 ], [ -3.623856267018704, 40.471819580869159 ], [ -3.623996270794042, 40.47219959234242 ], [ -3.624116274030046, 40.472539602607974 ], [ -3.623696262704032, 40.472469600494478 ], [ -3.623646261355697, 40.472459600192551 ], [ -3.623566259198361, 40.472449599890624 ], [ -3.623046245175677, 40.4723695974752 ], [ -3.622916241670006, 40.472349596871346 ], [ -3.621796211467302, 40.472299595361704 ], [ -3.62093618827594, 40.472259594153989 ], [ -3.620716182343266, 40.472249593852062 ], [ -3.620366172904921, 40.472229593248208 ], [ -3.6197361559159, 40.47219959234242 ], [ -3.617456094431824, 40.472129590228924 ], [ -3.616106058026779, 40.472089589021216 ], [ -3.615386038610755, 40.472069588417362 ], [ -3.609155870608214, 40.471889582982655 ], [ -3.608505853079859, 40.471849581774947 ], [ -3.607915837169506, 40.471779579661451 ], [ -3.607345821798487, 40.471709577547955 ], [ -3.606805807236469, 40.47157957362289 ], [ -3.605995785393442, 40.471359566980475 ], [ -3.602625694515663, 40.470239533164538 ], [ -3.601425662155623, 40.46987952229513 ], [ -3.600315632222586, 40.469629514746927 ], [ -3.59963561388523, 40.469479510218008 ], [ -3.599055598244544, 40.469369506896797 ], [ -3.598085572086845, 40.469209502065951 ], [ -3.596565531097461, 40.46900949602739 ], [ -3.594455474197724, 40.468859491498471 ], [ -3.593325443725353, 40.468819490290763 ], [ -3.59233541702832, 40.468799489686901 ], [ -3.591365390870621, 40.468779489083047 ], [ -3.590005354195909, 40.468729487573405 ], [ -3.588755320487534, 40.46867948606377 ], [ -3.585305227452419, 40.468559482440632 ], [ -3.585195224486082, 40.468549482138705 ], [ -3.584745212351067, 40.468529481534844 ], [ -3.584405203182389, 40.468489480327136 ], [ -3.584165196710381, 40.468439478817494 ], [ -3.583895189429372, 40.468339475798217 ], [ -3.583325174058353, 40.468129469457729 ], [ -3.582245144934317, 40.467689456172899 ], [ -3.582495151675992, 40.467059437151434 ], [ -3.582865161653671, 40.466559422055035 ], [ -3.583145169204347, 40.466269413299116 ], [ -3.583545179991027, 40.465989404845132 ], [ -3.584545206957727, 40.465329384917887 ], [ -3.588415311318856, 40.46267930490697 ], [ -3.589655344757564, 40.462059286187433 ], [ -3.590215359858916, 40.461819278941157 ], [ -3.592585423769995, 40.460769247238723 ], [ -3.593265442107351, 40.46045923787895 ], [ -3.594285469613385, 40.460099227009543 ], [ -3.597485555906825, 40.458679184135768 ], [ -3.599815618739236, 40.457609151829473 ], [ -3.600825645975603, 40.45685912918487 ], [ -3.603555719594694, 40.454439056118296 ], [ -3.604675749797398, 40.453359023510075 ], [ -3.605425770022423, 40.452759005394391 ] ] ] } },
{ "type": "Feature", "properties": { "id_barrio": "15158", "nombre_barrio": "Atalaya", "nombre_distrito": "Ciudad Lineal", "area_km2": 0.249, "distancia_centro_km": 6.154, "lat_c": 40.463711189306004, "lon_c": -3.6645530045752324 }, "geometry": { "type": "Polygon", "coordinates": [ [ [ -3.66203729660731, 40.463379326041931 ], [ -3.663717341911366, 40.461899281356587 ], [ -3.662867318989671, 40.461299263240903 ], [ -3.663427334091023, 40.460829249050285 ], [ -3.663797344068702, 40.460579241502089 ], [ -3.664217355394716, 40.460359234859673 ], [ -3.664547364293727, 40.460209230330754 ], [ -3.66493737481074, 40.460029224896047 ], [ -3.667717449778166, 40.465379386427529 ], [ -3.668227463531183, 40.466359416016473 ], [ -3.668407468385189, 40.466709426583954 ], [ -3.664507363215059, 40.467319445001557 ], [ -3.663447334630357, 40.467489450134337 ], [ -3.66293732087734, 40.465679395485367 ], [ -3.662487308742325, 40.464069346874957 ], [ -3.66203729660731, 40.463379326041931 ] ] ] } },
{ "type": "Feature", "properties": { "id_barrio": "06064", "nombre_barrio": "Almenara", "nombre_distrito": "Tetuán", "area_km2": 1.0, "distancia_centro_km": 5.924, "lat_c": 40.46981427314077, "lon_c": -3.6940021659030906 }, "geometry": { "type": "Polygon", "coordinates": [ [ [ -3.687117972932146, 40.474149651218383 ], [ -3.687127973201813, 40.474149651218383 ], [ -3.687547984527827, 40.472659606231112 ], [ -3.687947995314507, 40.471239563357337 ], [ -3.688308005022519, 40.469909523200911 ], [ -3.688548011494527, 40.469029496631251 ], [ -3.689068025517211, 40.467139439566857 ], [ -3.689348033067887, 40.466039406354774 ], [ -3.690728070281933, 40.465589392768017 ], [ -3.690808072439269, 40.46557939246609 ], [ -3.69163809482163, 40.465449388541025 ], [ -3.692698123406332, 40.465289383710179 ], [ -3.693158135811014, 40.46516938008704 ], [ -3.694448170598057, 40.464719366500283 ], [ -3.695398196216422, 40.465369386125602 ], [ -3.695598201609762, 40.465499390050667 ], [ -3.695658203227764, 40.465549391560302 ], [ -3.695968211587441, 40.46592940303357 ], [ -3.696388222913455, 40.466439418431897 ], [ -3.697308247722819, 40.467369446511199 ], [ -3.697698258239832, 40.467769458588322 ], [ -3.697718258779166, 40.467789459192176 ], [ -3.698118269565846, 40.468099468551941 ], [ -3.698198271723182, 40.46815947036351 ], [ -3.698558281431194, 40.46841947821364 ], [ -3.699218299229216, 40.46926950387752 ], [ -3.699568308667561, 40.469719517464277 ], [ -3.70013832403858, 40.47002952682405 ], [ -3.702128377702313, 40.471109559432271 ], [ -3.702078376353978, 40.473779640047049 ], [ -3.701808369072969, 40.474019647293318 ], [ -3.701618363949296, 40.474189652426098 ], [ -3.701468359904291, 40.47432965665309 ], [ -3.701378357477288, 40.474399658766586 ], [ -3.701328356128953, 40.474449660276221 ], [ -3.70123835370195, 40.47450966208779 ], [ -3.70113835100528, 40.474579664201286 ], [ -3.701048348578277, 40.474639666012855 ], [ -3.700888344263605, 40.474739669032132 ], [ -3.700698339139932, 40.474819671447563 ], [ -3.700648337791597, 40.474839672051417 ], [ -3.700488333476925, 40.474899673862986 ], [ -3.700258327274584, 40.474959675674555 ], [ -3.699968319454241, 40.474989676580336 ], [ -3.699688311903565, 40.474989676580336 ], [ -3.699518307319226, 40.474979676278409 ], [ -3.699418304622556, 40.474979676278409 ], [ -3.699208298959549, 40.474949675372621 ], [ -3.699018293835876, 40.47491967446684 ], [ -3.698968292487541, 40.474899673862986 ], [ -3.698858289521204, 40.474859672655271 ], [ -3.698698285206532, 40.474789670541774 ], [ -3.698488279543525, 40.474699667824424 ], [ -3.698348275768187, 40.474659666616709 ], [ -3.698148270374847, 40.47459966480514 ], [ -3.697978265790508, 40.474569663899359 ], [ -3.697858262554504, 40.474559663597432 ], [ -3.697798260936502, 40.474549663295505 ], [ -3.697618256082496, 40.474549663295505 ], [ -3.697478252307158, 40.474549663295505 ], [ -3.69723824583515, 40.474559663597432 ], [ -3.697018239902476, 40.474589664503213 ], [ -3.696828234778803, 40.474629665710928 ], [ -3.696678230733798, 40.474669666918636 ], [ -3.696518226419126, 40.474719668428278 ], [ -3.696358222104454, 40.474759669635993 ], [ -3.696178217250448, 40.474789670541774 ], [ -3.695978211857108, 40.474799670843701 ], [ -3.695678203767098, 40.474789670541774 ], [ -3.695348194868087, 40.474729668730205 ], [ -3.695008185699409, 40.474649666314782 ], [ -3.694658176261064, 40.474589664503213 ], [ -3.694328167362053, 40.474569663899359 ], [ -3.694008158732709, 40.474559663597432 ], [ -3.693718150912366, 40.474579664201286 ], [ -3.693448143631357, 40.474619665409001 ], [ -3.693128135002013, 40.47467966722057 ], [ -3.692818126642336, 40.474729668730205 ], [ -3.692568119900661, 40.474739669032132 ], [ -3.692318113158986, 40.474729668730205 ], [ -3.692008104799309, 40.474669666918636 ], [ -3.691748097787967, 40.47459966480514 ], [ -3.691508091315959, 40.474539662993578 ], [ -3.691258084574284, 40.474479661182009 ], [ -3.690978077023608, 40.474449660276221 ], [ -3.690708069742599, 40.474479661182009 ], [ -3.690228056798583, 40.474559663597432 ], [ -3.689788044933235, 40.474639666012855 ], [ -3.68943803549489, 40.474689667522497 ], [ -3.689228029831883, 40.474689667522497 ], [ -3.689078025786878, 40.474609665107074 ], [ -3.688948022281207, 40.474499661785863 ], [ -3.688858019854204, 40.474429659672367 ], [ -3.687117972932146, 40.474149651218383 ] ] ] } },
{ "type": "Feature", "properties": { "id_barrio": "16164", "nombre_barrio": "Pinar del Rey", "nombre_distrito": "Hortaleza", "area_km2": 2.662, "distancia_centro_km": 7.889, "lat_c": 40.471775717656925, "lon_c": -3.6443410472917197 }, "geometry": { "type": "Polygon", "coordinates": [ [ [ -3.627966377851841, 40.468479480025209 ], [ -3.62863639591953, 40.468369476703998 ], [ -3.629426417223223, 40.468519481232917 ], [ -3.630116435830246, 40.468629484554128 ], [ -3.631206465223949, 40.468739487875332 ], [ -3.632926511606673, 40.468909493008113 ], [ -3.632976512955008, 40.468819490290763 ], [ -3.633046514842677, 40.468809489988828 ], [ -3.633186518618015, 40.468779489083047 ], [ -3.633346522932687, 40.468729487573405 ], [ -3.633566528865361, 40.468669485761836 ], [ -3.633706532640699, 40.468639484856055 ], [ -3.633906538034039, 40.468609483950274 ], [ -3.634106543427379, 40.46859948364834 ], [ -3.636926619473473, 40.468879492102324 ], [ -3.637956647249174, 40.468979495121609 ], [ -3.638196653721182, 40.468999495725463 ], [ -3.638806670170869, 40.46900949602739 ], [ -3.641846752149637, 40.469039496933178 ], [ -3.642506769947659, 40.469489510519935 ], [ -3.644086812555045, 40.469069497838959 ], [ -3.645776858128768, 40.468619484252201 ], [ -3.648706937141199, 40.467849461003745 ], [ -3.650186977051915, 40.467459449228549 ], [ -3.650576987568928, 40.467359446209272 ], [ -3.65083699458027, 40.46730944469963 ], [ -3.651277006445618, 40.467249442888061 ], [ -3.651797020468302, 40.467179440774565 ], [ -3.652367035839321, 40.467109438661069 ], [ -3.652787047165335, 40.467069437453361 ], [ -3.654087082222045, 40.466919432924442 ], [ -3.654807101638069, 40.466839430509019 ], [ -3.655327115660753, 40.466749427791662 ], [ -3.6557371267171, 40.466659425074312 ], [ -3.65613713750378, 40.466539421451174 ], [ -3.656547148560127, 40.466399417224181 ], [ -3.656977160155808, 40.46619941118562 ], [ -3.657387171212155, 40.465989404845132 ], [ -3.657547175526827, 40.465899402127782 ], [ -3.657797182268502, 40.465729396995009 ], [ -3.659527228920893, 40.464269352913519 ], [ -3.65943722649389, 40.464139348988454 ], [ -3.659307222988219, 40.463899341742184 ], [ -3.659217220561216, 40.463729336609404 ], [ -3.659177219482548, 40.463599332684346 ], [ -3.659157218943214, 40.463439327853493 ], [ -3.659157218943214, 40.463229321513005 ], [ -3.66033725076392, 40.462189290112498 ], [ -3.660427253190923, 40.462249291924067 ], [ -3.66203729660731, 40.463379326041931 ], [ -3.662487308742325, 40.464069346874957 ], [ -3.66293732087734, 40.465679395485367 ], [ -3.663447334630357, 40.46747944983241 ], [ -3.662897319798672, 40.467609453757468 ], [ -3.662477308472658, 40.467779458890249 ], [ -3.662127299034313, 40.467969464626883 ], [ -3.661297276651952, 40.468669485761836 ], [ -3.658477200605858, 40.471059557922629 ], [ -3.658357197369854, 40.471029557016848 ], [ -3.657967186852841, 40.471009556412994 ], [ -3.657727180380833, 40.471029557016848 ], [ -3.656567149099461, 40.472789610156177 ], [ -3.656357143436454, 40.473089619214015 ], [ -3.65603713480711, 40.473609634914268 ], [ -3.655827129144103, 40.474049648199106 ], [ -3.655567122132761, 40.474759669635993 ], [ -3.655517120784426, 40.474869672957198 ], [ -3.655417118087756, 40.475099679901547 ], [ -3.655407117818089, 40.475119680505401 ], [ -3.65513711053708, 40.475549693488304 ], [ -3.65433708896372, 40.47681973183316 ], [ -3.654147083840047, 40.477019737871721 ], [ -3.653707071974699, 40.477489752062333 ], [ -3.65003697300691, 40.481239865285339 ], [ -3.650016972467576, 40.481259865889193 ], [ -3.648546932826527, 40.480979857435209 ], [ -3.646786885365135, 40.480649847471582 ], [ -3.644966836285741, 40.480309837206029 ], [ -3.643986809858375, 40.480119831469402 ], [ -3.642696775071332, 40.479879824223126 ], [ -3.641996756194642, 40.479749820298061 ], [ -3.641406740284289, 40.47930980701323 ], [ -3.639916700103906, 40.478239774706935 ], [ -3.637946646979507, 40.47681973183316 ], [ -3.637346630799487, 40.476389718850257 ], [ -3.634016541000376, 40.474019647293318 ], [ -3.63213649030298, 40.472479600796404 ], [ -3.630526446886593, 40.471099559130344 ], [ -3.629346415065887, 40.469989525616334 ], [ -3.628676396998198, 40.469289504481374 ], [ -3.627966377851841, 40.468479480025209 ] ] ] } },
{ "type": "Feature", "properties": { "id_barrio": "05056", "nombre_barrio": "Castilla", "nombre_distrito": "Chamartín", "area_km2": 2.16, "distancia_centro_km": 6.701, "lat_c": 40.474690587669734, "lon_c": -3.6804676026610519 }, "geometry": { "type": "Polygon", "coordinates": [ [ [ -3.668407468385189, 40.466699426282027 ], [ -3.671627555217963, 40.466189410883693 ], [ -3.674177623983048, 40.467149439868784 ], [ -3.674767639893401, 40.467249442888061 ], [ -3.676267680343451, 40.467699456474826 ], [ -3.676457685467124, 40.467739457682534 ], [ -3.676597689242462, 40.467749457984461 ], [ -3.676947698680807, 40.467769458588322 ], [ -3.677267707310151, 40.467749457984461 ], [ -3.678287734816185, 40.467519451040118 ], [ -3.679027754771543, 40.467489450134337 ], [ -3.679047755310877, 40.467639454663257 ], [ -3.679207759625549, 40.467639454663257 ], [ -3.683007862099009, 40.467339445605418 ], [ -3.683557876930694, 40.467229442284207 ], [ -3.68393788717804, 40.467149439868784 ], [ -3.684487902009725, 40.467039436547573 ], [ -3.689348033067887, 40.466039406354774 ], [ -3.689068025517211, 40.467139439566857 ], [ -3.688548011494527, 40.469029496631251 ], [ -3.688308005022519, 40.469909523200911 ], [ -3.687947995314507, 40.471239563357337 ], [ -3.687547984527827, 40.472659606231112 ], [ -3.687127973201813, 40.474149651218383 ], [ -3.687097972392812, 40.474249654237667 ], [ -3.686397953516122, 40.476689727908095 ], [ -3.685617932482096, 40.479589815467214 ], [ -3.685317924392086, 40.480519843546517 ], [ -3.685257922774084, 40.480759850792793 ], [ -3.68513791953808, 40.481239865285339 ], [ -3.685107918729079, 40.481429871021966 ], [ -3.685077917920078, 40.481699879174023 ], [ -3.685097918459412, 40.481949886722226 ], [ -3.685107918729079, 40.481989887929934 ], [ -3.685147919807747, 40.482149892760781 ], [ -3.685217921695416, 40.482279896685846 ], [ -3.685087918189745, 40.482269896383919 ], [ -3.684857911987404, 40.482259896081992 ], [ -3.684817910908736, 40.482259896081992 ], [ -3.684707907942399, 40.482269896383919 ], [ -3.684517902818726, 40.482279896685846 ], [ -3.684247895537717, 40.482319897893561 ], [ -3.68393788717804, 40.482389900007057 ], [ -3.683617878548696, 40.482479902724407 ], [ -3.683327870728353, 40.482569905441757 ], [ -3.682157839177314, 40.482969917518879 ], [ -3.681907832435639, 40.483039919632375 ], [ -3.681427819491623, 40.483179923859367 ], [ -3.681157812210614, 40.483259926274791 ], [ -3.680947806547607, 40.48331992808636 ], [ -3.680807802772269, 40.483359929294075 ], [ -3.680487794142925, 40.483449932011425 ], [ -3.68023778740125, 40.483509933822994 ], [ -3.680077783086578, 40.483549935030702 ], [ -3.679367763940221, 40.483709939861555 ], [ -3.679007754232209, 40.483779941975051 ], [ -3.678697745872532, 40.483829943484686 ], [ -3.67853774155786, 40.483849944088547 ], [ -3.678367736973521, 40.483869944692401 ], [ -3.678307735355519, 40.483879944994328 ], [ -3.678187732119515, 40.483889945296255 ], [ -3.67803772807451, 40.483899945598182 ], [ -3.678007727265509, 40.483899945598182 ], [ -3.677787721332835, 40.483919946202036 ], [ -3.677407711085489, 40.483939946805897 ], [ -3.677357709737154, 40.483939946805897 ], [ -3.677297708119152, 40.483939946805897 ], [ -3.676647690590797, 40.483969947711678 ], [ -3.676367683040121, 40.483979948013605 ], [ -3.675917670905106, 40.483999948617466 ], [ -3.674947644747407, 40.48401994922132 ], [ -3.674467631803391, 40.484029949523247 ], [ -3.673477605106358, 40.48401994922132 ], [ -3.67353760672436, 40.483379929897929 ], [ -3.673627609151363, 40.482669908461041 ], [ -3.673657609960364, 40.482419900912838 ], [ -3.673687610769365, 40.482159893062715 ], [ -3.673717611578366, 40.482019888835723 ], [ -3.673887616162705, 40.481169863171843 ], [ -3.674047620477377, 40.480399839923386 ], [ -3.674087621556045, 40.480209834186752 ], [ -3.674177623983048, 40.479729819694207 ], [ -3.674207624792049, 40.479539813957572 ], [ -3.67423762560105, 40.479349808220945 ], [ -3.674367629106721, 40.478709788897554 ], [ -3.674397629915722, 40.478329777424285 ], [ -3.674407630185389, 40.478159772291512 ], [ -3.67443763099439, 40.47775976021439 ], [ -3.674427630724723, 40.477179742702567 ], [ -3.674387629646055, 40.476579724586891 ], [ -3.674367629106721, 40.476389718850257 ], [ -3.67433762829772, 40.476089709792419 ], [ -3.674227625331383, 40.475559693790231 ], [ -3.674187624252715, 40.475429689865166 ], [ -3.674087621556045, 40.475129680807328 ], [ -3.673747612387367, 40.474119650312602 ], [ -3.673567607533361, 40.473729638537407 ], [ -3.673247598904017, 40.473049618006307 ], [ -3.671997565195642, 40.47140956849011 ], [ -3.671107541195279, 40.470239533164538 ], [ -3.668407468385189, 40.466699426282027 ] ] ] } },
{ "type": "Feature", "properties": { "id_barrio": "21214", "nombre_barrio": "Timón", "nombre_distrito": "Barajas", "area_km2": 4.791, "distancia_centro_km": 10.713, "lat_c": 40.476320698178007, "lon_c": -3.6039380112465604 }, "geometry": { "type": "Polygon", "coordinates": [ [ [ -3.582255145203984, 40.467689456172899 ], [ -3.583325174058353, 40.468129469457729 ], [ -3.583895189429372, 40.468339475798217 ], [ -3.584165196710381, 40.468439478817494 ], [ -3.584405203182389, 40.468489480327136 ], [ -3.584745212351067, 40.468529481534844 ], [ -3.585195224486082, 40.468549482138705 ], [ -3.585305227452419, 40.468559482440632 ], [ -3.588755320487534, 40.46867948606377 ], [ -3.590005354195909, 40.468729487573405 ], [ -3.591365390870621, 40.468779489083047 ], [ -3.59233541702832, 40.468799489686901 ], [ -3.593325443725353, 40.468819490290763 ], [ -3.594455474197724, 40.468859491498471 ], [ -3.596565531097461, 40.46900949602739 ], [ -3.598085572086845, 40.469209502065951 ], [ -3.599055598244544, 40.469369506896797 ], [ -3.59963561388523, 40.469479510218008 ], [ -3.600315632222586, 40.469629514746927 ], [ -3.601425662155623, 40.46987952229513 ], [ -3.602625694515663, 40.470239533164538 ], [ -3.605995785393442, 40.471359566980475 ], [ -3.606805807236469, 40.47157957362289 ], [ -3.607345821798487, 40.471709577547955 ], [ -3.607915837169506, 40.471779579661451 ], [ -3.608505853079859, 40.471849581774947 ], [ -3.609155870608214, 40.471889582982655 ], [ -3.615386038610755, 40.472069588417362 ], [ -3.616106058026779, 40.472089589021216 ], [ -3.617456094431824, 40.472129590228924 ], [ -3.6197361559159, 40.47219959234242 ], [ -3.620366172904921, 40.472229593248208 ], [ -3.620716182343266, 40.472249593852062 ], [ -3.62093618827594, 40.472259594153989 ], [ -3.621796211467302, 40.472299595361704 ], [ -3.622916241670006, 40.472349596871346 ], [ -3.623046245175677, 40.4723695974752 ], [ -3.623566259198361, 40.472449599890624 ], [ -3.623646261355697, 40.472459600192551 ], [ -3.623696262704032, 40.472469600494478 ], [ -3.624126274299713, 40.47251960200412 ], [ -3.624276278344718, 40.472889613175454 ], [ -3.624366280771721, 40.472929614383169 ], [ -3.624446282929057, 40.472949614987023 ], [ -3.624516284816726, 40.472999616496665 ], [ -3.624566286165061, 40.473069618610161 ], [ -3.624586286704395, 40.473149621025584 ], [ -3.624576286434728, 40.473229623441007 ], [ -3.624606287243729, 40.473279624950649 ], [ -3.624696289670732, 40.473349627064145 ], [ -3.6247362907494, 40.47339962857378 ], [ -3.624826293176403, 40.473609634914268 ], [ -3.624886294794405, 40.473779640047049 ], [ -3.625106300727079, 40.474519662389717 ], [ -3.625146301805747, 40.474549663295505 ], [ -3.625216303693416, 40.474569663899359 ], [ -3.625256304772084, 40.474589664503213 ], [ -3.625306306120419, 40.474639666012855 ], [ -3.62533630692942, 40.474689667522497 ], [ -3.62533630692942, 40.474729668730205 ], [ -3.625366307738421, 40.47482967174949 ], [ -3.625486310974425, 40.474909674164913 ], [ -3.625626314749763, 40.474999676882263 ], [ -3.625716317176766, 40.475079679297686 ], [ -3.625776318794768, 40.475169682015043 ], [ -3.625796319334102, 40.475249684430466 ], [ -3.625796319334102, 40.475339687147816 ], [ -3.625796319334102, 40.475449690469027 ], [ -3.625796319334102, 40.475539693186377 ], [ -3.625896322030772, 40.476089709792419 ], [ -3.625776318794768, 40.476169712207842 ], [ -3.625706316907099, 40.476239714321338 ], [ -3.625676316098098, 40.476329717038688 ], [ -3.625706316907099, 40.476419719756038 ], [ -3.625776318794768, 40.476489721869534 ], [ -3.625876321491438, 40.476569724284957 ], [ -3.625756318255434, 40.476959736060152 ], [ -3.625746317985767, 40.477059739079429 ], [ -3.625746317985767, 40.477219743910283 ], [ -3.625656315558764, 40.481569875248958 ], [ -3.62583632041277, 40.482229895176211 ], [ -3.618206114656849, 40.482269896383919 ], [ -3.617646099555497, 40.482839913593814 ], [ -3.616896079330472, 40.483629937446125 ], [ -3.616756075555134, 40.48375994137119 ], [ -3.616616071779796, 40.483869944692401 ], [ -3.616476068004458, 40.483989948315532 ], [ -3.615546042925427, 40.484949977300623 ], [ -3.614896025397072, 40.484949977300623 ], [ -3.611545935058627, 40.484969977904477 ], [ -3.604465744134391, 40.485009979112192 ], [ -3.601715669975966, 40.485019979414119 ], [ -3.601705669706299, 40.484359959486873 ], [ -3.601755671054634, 40.482579905743691 ], [ -3.601785671863635, 40.481049859548705 ], [ -3.601765671324301, 40.479829822713491 ], [ -3.597225548895483, 40.479829822713491 ], [ -3.591615397612296, 40.479849823317345 ], [ -3.586205251722449, 40.479869823921199 ], [ -3.584065194013711, 40.479869823921199 ], [ -3.582885162193005, 40.479849823317345 ], [ -3.581895135495972, 40.479799821807703 ], [ -3.581445123360957, 40.479759820599995 ], [ -3.580965110416941, 40.479679818184565 ], [ -3.580555099360594, 40.479589815467214 ], [ -3.580565099630261, 40.479189803390092 ], [ -3.580875107989938, 40.478829792520685 ], [ -3.581395122012622, 40.478529783462847 ], [ -3.581905135765639, 40.477069739381356 ], [ -3.58203513927131, 40.476719728813883 ], [ -3.582095140889312, 40.476579724586891 ], [ -3.582115141428646, 40.476499722171461 ], [ -3.582225144394983, 40.4761197106982 ], [ -3.582245144934317, 40.476039708282777 ], [ -3.582275145743318, 40.475909704357711 ], [ -3.582315146821986, 40.475739699224938 ], [ -3.582365148170321, 40.475509692280589 ], [ -3.582375148439988, 40.475239684128539 ], [ -3.582375148439988, 40.475099679901547 ], [ -3.582375148439988, 40.474959675674555 ], [ -3.582375148439988, 40.474949675372621 ], [ -3.582375148439988, 40.474939675070694 ], [ -3.582355147900654, 40.474779670239847 ], [ -3.582305146552319, 40.474369657860798 ], [ -3.582145142237647, 40.473699637631626 ], [ -3.58213514196798, 40.473649636121984 ], [ -3.582065140080311, 40.473359627366072 ], [ -3.581855134417304, 40.472499601400266 ], [ -3.581505124978959, 40.470649545543587 ], [ -3.581465123900291, 40.469659515652708 ], [ -3.581425122821623, 40.469489510519935 ], [ -3.581405122282289, 40.469259503575593 ], [ -3.581575126866628, 40.468789489384974 ], [ -3.582255145203984, 40.467689456172899 ] ] ] } },
{ "type": "Feature", "properties": { "id_barrio": "09095", "nombre_barrio": "Valdemarín", "nombre_distrito": "Moncloa - Aravaca", "area_km2": 3.289, "distancia_centro_km": 8.802, "lat_c": 40.468239539603317, "lon_c": -3.7826780369975217 }, "geometry": { "type": "Polygon", "coordinates": [ [ [ -3.762740012154, 40.461239261429334 ], [ -3.762750012423667, 40.461229261127407 ], [ -3.771800256472302, 40.462279292829848 ], [ -3.779010450902209, 40.463089317286013 ], [ -3.787990693063175, 40.464099347780746 ], [ -3.791670792300631, 40.464509360159795 ], [ -3.797860959224504, 40.465219381596683 ], [ -3.798220968932516, 40.46525938280439 ], [ -3.799070991854211, 40.465359385823675 ], [ -3.800211022596249, 40.465489389748733 ], [ -3.800091019360245, 40.466059406958628 ], [ -3.800031017742243, 40.466359416016473 ], [ -3.800031017742243, 40.466419417828043 ], [ -3.800031017742243, 40.466479419639604 ], [ -3.800081019090578, 40.466549421753101 ], [ -3.800111019899579, 40.466599423262743 ], [ -3.800251023674917, 40.466739427489735 ], [ -3.800411027989589, 40.466899432320581 ], [ -3.800981043360608, 40.467459449228549 ], [ -3.801231050102283, 40.467699456474826 ], [ -3.802081073023978, 40.468519481232917 ], [ -3.80194106924864, 40.468589483346413 ], [ -3.801821066012636, 40.468649485157982 ], [ -3.801721063315966, 40.468699486667624 ], [ -3.801511057652959, 40.46876948878112 ], [ -3.801451056034957, 40.468789489384974 ], [ -3.801101046596612, 40.468899492706186 ], [ -3.800371026910921, 40.469099498744747 ], [ -3.800211022596249, 40.469139499952455 ], [ -3.800171021517581, 40.46917950116017 ], [ -3.800131020438913, 40.469189501462097 ], [ -3.800001016933242, 40.469229502669805 ], [ -3.799401000753222, 40.469339505991016 ], [ -3.799381000213888, 40.469339505991016 ], [ -3.799360999674554, 40.469339505991016 ], [ -3.799230996168883, 40.469349506292943 ], [ -3.799160994281214, 40.469349506292943 ], [ -3.798890987000205, 40.469369506896797 ], [ -3.79834097216852, 40.469399507802585 ], [ -3.797650953561497, 40.469439509010293 ], [ -3.796820931179136, 40.469589513539212 ], [ -3.796270916347451, 40.469689516558496 ], [ -3.796110912032779, 40.469719517464277 ], [ -3.79564089935843, 40.469809520181634 ], [ -3.795630899088763, 40.469809520181634 ], [ -3.795530896392093, 40.469829520785488 ], [ -3.795510895852759, 40.469829520785488 ], [ -3.795430893695423, 40.469849521389342 ], [ -3.795270889380751, 40.469889522597057 ], [ -3.79514088587508, 40.469919523502838 ], [ -3.794990881830075, 40.469949524408626 ], [ -3.794580870773728, 40.470049527427904 ], [ -3.794450867268057, 40.470089528635619 ], [ -3.794350864571387, 40.4701195295414 ], [ -3.793390838683355, 40.470429538901165 ], [ -3.793370838144021, 40.470429538901165 ], [ -3.793310836526019, 40.470449539505026 ], [ -3.792490814413325, 40.470719547657083 ], [ -3.792430812795323, 40.470739548260937 ], [ -3.792390811716655, 40.470749548562864 ], [ -3.792330810098653, 40.470769549166718 ], [ -3.792290809019985, 40.470789549770572 ], [ -3.792250807941317, 40.470799550072506 ], [ -3.792170805783981, 40.470839551280214 ], [ -3.792150805244647, 40.470849551582141 ], [ -3.792110804165979, 40.470869552186002 ], [ -3.791880797963638, 40.470969555205279 ], [ -3.791700793109632, 40.471069558224556 ], [ -3.791480787176958, 40.471189561847694 ], [ -3.791060775850944, 40.471439569395898 ], [ -3.790990773963275, 40.471479570603606 ], [ -3.790980773693608, 40.471479570603606 ], [ -3.790930772345273, 40.471509571509394 ], [ -3.789890744299905, 40.471909583586509 ], [ -3.789280727850218, 40.47210958962507 ], [ -3.788800714906202, 40.472269594455916 ], [ -3.788480706276858, 40.4723695974752 ], [ -3.788230699535183, 40.472449599890624 ], [ -3.788090695759845, 40.472489601098339 ], [ -3.78764068362483, 40.472619605023397 ], [ -3.787520680388826, 40.472649605929185 ], [ -3.78744067823149, 40.472669606533039 ], [ -3.787430677961823, 40.472669606533039 ], [ -3.787220672298816, 40.472729608344608 ], [ -3.786730659085133, 40.472859612269673 ], [ -3.786020639938776, 40.473059618308234 ], [ -3.785850635354437, 40.473099619515942 ], [ -3.785460624837424, 40.473199622535226 ], [ -3.783990585196375, 40.47356963370656 ], [ -3.783210564162349, 40.473759639443195 ], [ -3.782850554454337, 40.473899643670187 ], [ -3.782660549330664, 40.473969645783683 ], [ -3.781930529644973, 40.474259654539594 ], [ -3.780950503217607, 40.474579664201286 ], [ -3.780250484340917, 40.474569663899359 ], [ -3.779890474632905, 40.474559663597432 ], [ -3.779100453329212, 40.474549663295505 ], [ -3.77894044901454, 40.474549663295505 ], [ -3.778830446048203, 40.474549663295505 ], [ -3.778730443351533, 40.474549663295505 ], [ -3.778390434182855, 40.474549663295505 ], [ -3.778210429328849, 40.474549663295505 ], [ -3.778120426901846, 40.474549663295505 ], [ -3.777870420160171, 40.474549663295505 ], [ -3.7777404166545, 40.474549663295505 ], [ -3.777330405598153, 40.474539662993578 ], [ -3.776990396429475, 40.474539662993578 ], [ -3.776860392923804, 40.474539662993578 ], [ -3.776780390766468, 40.474539662993578 ], [ -3.776730389418133, 40.474539662993578 ], [ -3.775680361103098, 40.474519662389717 ], [ -3.772740281821, 40.474479661182009 ], [ -3.772470274539991, 40.474479661182009 ], [ -3.772350271303987, 40.474479661182009 ], [ -3.772250268607317, 40.474479661182009 ], [ -3.772030262674643, 40.474479661182009 ], [ -3.771720254314966, 40.474479661182009 ], [ -3.771560250000294, 40.474479661182009 ], [ -3.771480247842958, 40.474479661182009 ], [ -3.771070236786611, 40.474469660880082 ], [ -3.770860231123604, 40.474449660276221 ], [ -3.770330216831253, 40.474399658766586 ], [ -3.769580196606228, 40.474339656955017 ], [ -3.76944019283089, 40.474319656351163 ], [ -3.76934019013422, 40.474309656049229 ], [ -3.769050182313877, 40.474299655747302 ], [ -3.768920178808206, 40.474289655445375 ], [ -3.7687401739542, 40.474269654841521 ], [ -3.768560169100194, 40.474259654539594 ], [ -3.768330162897853, 40.474239653935733 ], [ -3.768110156965179, 40.474219653331879 ], [ -3.768100156695512, 40.474219653331879 ], [ -3.767630144021163, 40.474179652124171 ], [ -3.766870123526471, 40.474109650010675 ], [ -3.766480113009458, 40.474079649104887 ], [ -3.766470112739791, 40.474079649104887 ], [ -3.766460112470124, 40.474079649104887 ], [ -3.76644011193079, 40.474059648501033 ], [ -3.765920097908106, 40.473939644877895 ], [ -3.765870096559771, 40.473929644575968 ], [ -3.764770066896401, 40.471199562149621 ], [ -3.764600062312062, 40.470789549770572 ], [ -3.76394004451404, 40.469039496933178 ], [ -3.763130022671013, 40.466769428395523 ], [ -3.762570007569661, 40.465109378275471 ], [ -3.762019992737976, 40.463479329061208 ], [ -3.762680010535998, 40.461439267467895 ], [ -3.762740012154, 40.461239261429334 ] ] ] } },
{ "type": "Feature", "properties": { "id_barrio": "15159", "nombre_barrio": "Costillares", "nombre_distrito": "Ciudad Lineal", "area_km2": 1.427, "distancia_centro_km": 7.087, "lat_c": 40.475384800788405, "lon_c": -3.6698670357938985 }, "geometry": { "type": "Polygon", "coordinates": [ [ [ -3.668407468385189, 40.466709426583954 ], [ -3.668407468385189, 40.466699426282027 ], [ -3.671107541195279, 40.470239533164538 ], [ -3.671997565195642, 40.47140956849011 ], [ -3.673247598904017, 40.473049618006307 ], [ -3.673567607533361, 40.473729638537407 ], [ -3.673747612387367, 40.474119650312602 ], [ -3.674087621556045, 40.475129680807328 ], [ -3.674187624252715, 40.475429689865166 ], [ -3.674227625331383, 40.475559693790231 ], [ -3.67433762829772, 40.476089709792419 ], [ -3.674367629106721, 40.476389718850257 ], [ -3.674387629646055, 40.476579724586891 ], [ -3.674427630724723, 40.477179742702567 ], [ -3.67443763099439, 40.47775976021439 ], [ -3.674407630185389, 40.478159772291512 ], [ -3.674397629915722, 40.478329777424285 ], [ -3.674367629106721, 40.478709788897554 ], [ -3.67423762560105, 40.479349808220945 ], [ -3.674207624792049, 40.479539813957572 ], [ -3.674177623983048, 40.479729819694207 ], [ -3.674087621556045, 40.480209834186752 ], [ -3.674047620477377, 40.480399839923386 ], [ -3.673887616162705, 40.481169863171843 ], [ -3.673717611578366, 40.482019888835723 ], [ -3.673687610769365, 40.482159893062715 ], [ -3.673657609960364, 40.482419900912838 ], [ -3.673627609151363, 40.482669908461041 ], [ -3.67353760672436, 40.483379929897929 ], [ -3.673457604567024, 40.484049950127101 ], [ -3.67133754739762, 40.484129952542524 ], [ -3.671077540386278, 40.484139952844458 ], [ -3.670257518273584, 40.484179954052166 ], [ -3.66903748537421, 40.484179954052166 ], [ -3.667207436025149, 40.484099951636743 ], [ -3.666267410676451, 40.483989948315532 ], [ -3.666117406631446, 40.483969947711678 ], [ -3.664727369147733, 40.48375994137119 ], [ -3.664697368338732, 40.48375994137119 ], [ -3.664007349731709, 40.483659938351913 ], [ -3.663727342181033, 40.483619937144198 ], [ -3.659377224875888, 40.48290991570731 ], [ -3.659617231347896, 40.482789912084172 ], [ -3.66103726964061, 40.482099891251146 ], [ -3.661207274224949, 40.481999888231861 ], [ -3.663447334630357, 40.479839823015418 ], [ -3.664897373732072, 40.478369778632 ], [ -3.665247383170417, 40.477959766252951 ], [ -3.665547391260427, 40.477479751760406 ], [ -3.665657394226764, 40.477149741796786 ], [ -3.665687395035765, 40.477049738777502 ], [ -3.665767397193101, 40.476789730927372 ], [ -3.6657373963841, 40.476359717944469 ], [ -3.665557391530094, 40.475339687147816 ], [ -3.66543738829409, 40.474809671145628 ], [ -3.665427388024423, 40.474789670541774 ], [ -3.665417387754756, 40.474759669635993 ], [ -3.665147380473747, 40.473799640650903 ], [ -3.66463736672073, 40.471949584794224 ], [ -3.663447334630357, 40.46747944983241 ], [ -3.664507363215059, 40.467319445001557 ], [ -3.668407468385189, 40.466709426583954 ] ] ] } },
{ "type": "Feature", "properties": { "id_barrio": "21213", "nombre_barrio": "Casco Histórico de Barajas", "nombre_distrito": "Barajas", "area_km2": 0.55, "distancia_centro_km": 12.345, "lat_c": 40.47346461497667, "lon_c": -3.5781614339278582 }, "geometry": { "type": "Polygon", "coordinates": [ [ [ -3.582255145203984, 40.467689456172899 ], [ -3.581575126866628, 40.468789489384974 ], [ -3.581405122282289, 40.469259503575593 ], [ -3.581425122821623, 40.469489510519935 ], [ -3.581465123900291, 40.469659515652708 ], [ -3.581505124978959, 40.470649545543587 ], [ -3.581855134417304, 40.472499601400266 ], [ -3.582065140080311, 40.473359627366072 ], [ -3.58213514196798, 40.473649636121984 ], [ -3.582145142237647, 40.473699637631626 ], [ -3.582305146552319, 40.474369657860798 ], [ -3.582355147900654, 40.474779670239847 ], [ -3.582375148439988, 40.474939675070694 ], [ -3.582375148439988, 40.474949675372621 ], [ -3.582375148439988, 40.474959675674555 ], [ -3.582375148439988, 40.475099679901547 ], [ -3.582375148439988, 40.475239684128539 ], [ -3.582365148170321, 40.475509692280589 ], [ -3.582315146821986, 40.475739699224938 ], [ -3.582275145743318, 40.475909704357711 ], [ -3.582245144934317, 40.476039708282777 ], [ -3.582225144394983, 40.4761197106982 ], [ -3.582115141428646, 40.476499722171461 ], [ -3.582095140889312, 40.476579724586891 ], [ -3.58203513927131, 40.476719728813883 ], [ -3.581905135765639, 40.477069739381356 ], [ -3.581395122012622, 40.478529783462847 ], [ -3.580875107989938, 40.478829792520685 ], [ -3.580565099630261, 40.479189803390092 ], [ -3.580545099090927, 40.479579815165287 ], [ -3.580125087764913, 40.479469811844076 ], [ -3.579795078865902, 40.479359808522872 ], [ -3.579465069966891, 40.479229804597807 ], [ -3.57913506106788, 40.479079800068888 ], [ -3.578755050820534, 40.478859793426473 ], [ -3.578505044078859, 40.478699788595627 ], [ -3.578315038955186, 40.478569784670562 ], [ -3.57783502601117, 40.47819977349922 ], [ -3.576174981246448, 40.476709728511949 ], [ -3.57503495050441, 40.475629695903727 ], [ -3.574694941335732, 40.475229683826605 ], [ -3.574584938369395, 40.475069678995759 ], [ -3.574464935133391, 40.474869672957198 ], [ -3.574364932436721, 40.474669666918636 ], [ -3.574294930549052, 40.474469660880082 ], [ -3.57423492893105, 40.474169651822237 ], [ -3.574214928391716, 40.473969645783683 ], [ -3.574214928391716, 40.473779640047049 ], [ -3.574224928661383, 40.47356963370656 ], [ -3.574254929470384, 40.473359627366072 ], [ -3.574364932436721, 40.472819611061958 ], [ -3.574624939448063, 40.471649575736386 ], [ -3.575274956976418, 40.471469570301679 ], [ -3.575544964257427, 40.471389567886256 ], [ -3.575824971808103, 40.471349566678541 ], [ -3.576014976931776, 40.471329566074687 ], [ -3.57613498016778, 40.471339566376614 ], [ -3.576374986639788, 40.471419568792037 ], [ -3.57683499904447, 40.471609574528671 ], [ -3.578045031674177, 40.470619544637799 ], [ -3.579275064843218, 40.46987952229513 ], [ -3.580315092888586, 40.468079467948087 ], [ -3.580455096663924, 40.467919463117241 ], [ -3.580665102326931, 40.467769458588322 ], [ -3.58093510960794, 40.467649454965184 ], [ -3.581185116349615, 40.467559452247833 ], [ -3.581555126327294, 40.467449448926622 ], [ -3.582255145203984, 40.467689456172899 ] ] ] } },
{ "type": "Feature", "properties": { "id_barrio": "16165", "nombre_barrio": "Apóstol Santiago", "nombre_distrito": "Hortaleza", "area_km2": 1.207, "distancia_centro_km": 7.431, "lat_c": 40.475230135332147, "lon_c": -3.6604227456516467 }, "geometry": { "type": "Polygon", "coordinates": [ [ [ -3.663447334630357, 40.46747944983241 ], [ -3.66463736672073, 40.471949584794224 ], [ -3.665147380473747, 40.473799640650903 ], [ -3.665417387754756, 40.474759669635993 ], [ -3.665427388024423, 40.474789670541774 ], [ -3.66543738829409, 40.474809671145628 ], [ -3.665557391530094, 40.475339687147816 ], [ -3.6657373963841, 40.476359717944469 ], [ -3.665767397193101, 40.476789730927372 ], [ -3.665687395035765, 40.477049738777502 ], [ -3.665657394226764, 40.477149741796786 ], [ -3.665547391260427, 40.477479751760406 ], [ -3.665247383170417, 40.477959766252951 ], [ -3.664897373732072, 40.478369778632 ], [ -3.663447334630357, 40.479839823015418 ], [ -3.661207274224949, 40.481999888231861 ], [ -3.66103726964061, 40.482099891251146 ], [ -3.659617231347896, 40.482789912084172 ], [ -3.659347224066887, 40.482919916009237 ], [ -3.657847183616837, 40.482689909064895 ], [ -3.655877130492438, 40.482329898195488 ], [ -3.655217112694416, 40.48220989457235 ], [ -3.650446984063257, 40.481339868304616 ], [ -3.650016972467576, 40.481259865889193 ], [ -3.65003697300691, 40.481239865285339 ], [ -3.653707071974699, 40.477489752062333 ], [ -3.654147083840047, 40.477019737871721 ], [ -3.65433708896372, 40.47681973183316 ], [ -3.65513711053708, 40.475549693488304 ], [ -3.655407117818089, 40.475119680505401 ], [ -3.655417118087756, 40.475099679901547 ], [ -3.655517120784426, 40.474869672957198 ], [ -3.655567122132761, 40.474759669635993 ], [ -3.655827129144103, 40.474049648199106 ], [ -3.65603713480711, 40.473609634914268 ], [ -3.656357143436454, 40.473089619214015 ], [ -3.656567149099461, 40.472789610156177 ], [ -3.657727180380833, 40.471029557016848 ], [ -3.657967186852841, 40.471009556412994 ], [ -3.658357197369854, 40.471029557016848 ], [ -3.658477200605858, 40.471059557922629 ], [ -3.661297276651952, 40.468669485761836 ], [ -3.662127299034313, 40.467969464626883 ], [ -3.662477308472658, 40.467779458890249 ], [ -3.662897319798672, 40.467609453757468 ], [ -3.663447334630357, 40.46747944983241 ] ] ] } },
{ "type": "Feature", "properties": { "id_barrio": "08084", "nombre_barrio": "Pilar", "nombre_distrito": "Fuencarral - El Pardo", "area_km2": 1.366, "distancia_centro_km": 6.686, "lat_c": 40.476989891656494, "lon_c": -3.7098329824812444 }, "geometry": { "type": "Polygon", "coordinates": [ [ [ -3.702088376623645, 40.473769639745122 ], [ -3.703178406017348, 40.472749608948462 ], [ -3.703188406287015, 40.472739608646535 ], [ -3.703428412759023, 40.472509601702193 ], [ -3.703458413568024, 40.472479600796404 ], [ -3.7037384211187, 40.472249593852062 ], [ -3.703978427590708, 40.472099589323143 ], [ -3.704368438107721, 40.471939584492297 ], [ -3.704588444040395, 40.471879582680728 ], [ -3.70463844538873, 40.471869582378801 ], [ -3.704858451321404, 40.471839581473013 ], [ -3.705198460490082, 40.471809580567232 ], [ -3.707308517389819, 40.471609574528671 ], [ -3.707408520086489, 40.471599574226744 ], [ -3.708528550289193, 40.471499571207467 ], [ -3.710698608806932, 40.471309565470833 ], [ -3.711118620132946, 40.471219562753483 ], [ -3.711378627144288, 40.471139560338052 ], [ -3.711608633346629, 40.471039557318775 ], [ -3.711648634425297, 40.471019556714921 ], [ -3.711928641975973, 40.470839551280214 ], [ -3.712068645751311, 40.47072954795901 ], [ -3.712148647908647, 40.470659545845514 ], [ -3.712348653301987, 40.470429538901165 ], [ -3.712398654650322, 40.470349536485742 ], [ -3.712488657077325, 40.470219532560677 ], [ -3.712588659773995, 40.470009526220188 ], [ -3.712628660852663, 40.469889522597057 ], [ -3.712668661931331, 40.469739518068138 ], [ -3.712698662740332, 40.469639515048854 ], [ -3.712718663279666, 40.469569512935358 ], [ -3.712738663819, 40.469479510218008 ], [ -3.712788665167335, 40.469379507198731 ], [ -3.712808665706669, 40.469339505991016 ], [ -3.712878667594338, 40.46917950116017 ], [ -3.712958669751674, 40.468999495725463 ], [ -3.71303867190901, 40.468879492102324 ], [ -3.713058672448344, 40.468849491196544 ], [ -3.713168675414681, 40.46867948606377 ], [ -3.713208676493349, 40.468619484252201 ], [ -3.713278678381018, 40.46850948093099 ], [ -3.713368680808021, 40.46859948364834 ], [ -3.713518684853026, 40.468759488479193 ], [ -3.713648688358697, 40.468889492404259 ], [ -3.713798692403702, 40.469039496933178 ], [ -3.71403869887571, 40.469319505387162 ], [ -3.714208703460049, 40.469479510218008 ], [ -3.71453871235906, 40.469589513539212 ], [ -3.714428709392723, 40.469809520181634 ], [ -3.714508711550059, 40.470109529239473 ], [ -3.714698716673732, 40.47122956305541 ], [ -3.714868721258071, 40.472239593550135 ], [ -3.714918722606406, 40.472529602306047 ], [ -3.715008725033409, 40.472979615892811 ], [ -3.715058726381744, 40.473169621629438 ], [ -3.715068726651411, 40.473209622837153 ], [ -3.715098727460412, 40.473329626460284 ], [ -3.715108727730079, 40.473349627064145 ], [ -3.715418736089756, 40.474279655143448 ], [ -3.715528739056093, 40.474609665107074 ], [ -3.715888748764105, 40.475779700432646 ], [ -3.716258758741784, 40.476839732437014 ], [ -3.716308760090119, 40.477029738173648 ], [ -3.716408762786789, 40.47877979101105 ], [ -3.716478764674458, 40.478849793124546 ], [ -3.716068753618111, 40.479069799766961 ], [ -3.715708743910099, 40.479229804597807 ], [ -3.715318733393086, 40.479389809428653 ], [ -3.715228730966083, 40.479429810636368 ], [ -3.715168729348081, 40.479449811240222 ], [ -3.714508711550059, 40.479669817882638 ], [ -3.713828693212703, 40.479929825732768 ], [ -3.713218676763016, 40.480169832979037 ], [ -3.71263866112233, 40.480339838111817 ], [ -3.713348680268687, 40.48187988460873 ], [ -3.713418682156356, 40.481859884004869 ], [ -3.713668688898031, 40.482399900308984 ], [ -3.713728690516033, 40.482519903932122 ], [ -3.713748691055367, 40.482519903932122 ], [ -3.713908695370039, 40.482479902724407 ], [ -3.714008698066709, 40.482669908461041 ], [ -3.714258704808384, 40.483109921745871 ], [ -3.714178702651048, 40.483129922349725 ], [ -3.714078699954378, 40.483149922953586 ], [ -3.71393869617904, 40.483179923859367 ], [ -3.713828693212703, 40.483199924463221 ], [ -3.713698689707032, 40.48322992536901 ], [ -3.713578686471028, 40.483259926274791 ], [ -3.713458683235024, 40.483289927180579 ], [ -3.713298678920352, 40.483329928388287 ], [ -3.713178675684348, 40.483359929294075 ], [ -3.713118674066346, 40.483379929897929 ], [ -3.712998670830342, 40.483419931105637 ], [ -3.712978670291008, 40.483429931407571 ], [ -3.712908668403339, 40.483449932011425 ], [ -3.712848666785337, 40.483469932615279 ], [ -3.712808665706669, 40.483479932917206 ], [ -3.712648661391997, 40.483539934728775 ], [ -3.712618660582996, 40.483549935030702 ], [ -3.712588659773995, 40.483559935332629 ], [ -3.712528658155993, 40.483589936238417 ], [ -3.712418655189656, 40.483639937748059 ], [ -3.712298651953652, 40.483699939559621 ], [ -3.712198649256982, 40.48375994137119 ], [ -3.712158648178314, 40.483779941975051 ], [ -3.712098646560312, 40.483809942880832 ], [ -3.712028644672643, 40.483849944088547 ], [ -3.711998643863642, 40.483869944692401 ], [ -3.710218595862916, 40.485059980621834 ], [ -3.709798584536902, 40.485279987264249 ], [ -3.709658580761564, 40.485359989679672 ], [ -3.70953857752556, 40.485429991793168 ], [ -3.709418574289556, 40.485509994208591 ], [ -3.709308571323219, 40.485599996925941 ], [ -3.708878559727538, 40.485339989075818 ], [ -3.708248542738517, 40.484929976696769 ], [ -3.707818531142836, 40.484629967638931 ], [ -3.707588524940495, 40.484469962808078 ], [ -3.707258516041484, 40.484239955863735 ], [ -3.706848504985137, 40.483959947409751 ], [ -3.706558497164794, 40.483769941673117 ], [ -3.706418493389456, 40.483679938955767 ], [ -3.706228488265783, 40.483549935030702 ], [ -3.706068483951111, 40.483419931105637 ], [ -3.705968481254441, 40.483329928388287 ], [ -3.705908479636439, 40.483259926274791 ], [ -3.705888479097105, 40.483239925670937 ], [ -3.705818477209436, 40.48316992355744 ], [ -3.705708474243099, 40.483049919934302 ], [ -3.705628472085763, 40.482949916915025 ], [ -3.705568470467761, 40.482869914499602 ], [ -3.705518469119426, 40.482799912386106 ], [ -3.705478468040758, 40.48272991027261 ], [ -3.70543846696209, 40.482649907857187 ], [ -3.705398465883422, 40.482569905441757 ], [ -3.705128458602413, 40.481939886420292 ], [ -3.704718447546066, 40.480809852302428 ], [ -3.704208433793049, 40.479409810032514 ], [ -3.703688419770365, 40.477859763233674 ], [ -3.703348410601687, 40.476949735758225 ], [ -3.70283839684867, 40.475499691978662 ], [ -3.70253838875866, 40.474659666616709 ], [ -3.702308382556319, 40.474049648199106 ], [ -3.702248380938317, 40.473969645783683 ], [ -3.702088376623645, 40.473769639745122 ] ] ] } },
{ "type": "Feature", "properties": { "id_barrio": "08083", "nombre_barrio": "Peñagrande", "nombre_distrito": "Fuencarral - El Pardo", "area_km2": 2.89, "distancia_centro_km": 7.054, "lat_c": 40.477756615656247, "lon_c": -3.7276793744835865 }, "geometry": { "type": "Polygon", "coordinates": [ [ [ -3.714228703999383, 40.483109921745871 ], [ -3.714008698066709, 40.482669908461041 ], [ -3.713908695370039, 40.482479902724407 ], [ -3.713748691055367, 40.482519903932122 ], [ -3.713728690516033, 40.482519903932122 ], [ -3.713668688898031, 40.482399900308984 ], [ -3.713418682156356, 40.481859884004869 ], [ -3.713348680268687, 40.48187988460873 ], [ -3.71263866112233, 40.480339838111817 ], [ -3.713218676763016, 40.480169832979037 ], [ -3.713828693212703, 40.479929825732768 ], [ -3.714508711550059, 40.479669817882638 ], [ -3.715168729348081, 40.479449811240222 ], [ -3.715228730966083, 40.479429810636368 ], [ -3.715318733393086, 40.479389809428653 ], [ -3.715708743910099, 40.479229804597807 ], [ -3.716068753618111, 40.479069799766961 ], [ -3.716478764674458, 40.478849793124546 ], [ -3.716408762786789, 40.47877979101105 ], [ -3.716308760090119, 40.477029738173648 ], [ -3.716258758741784, 40.476839732437014 ], [ -3.715888748764105, 40.475779700432646 ], [ -3.715528739056093, 40.474609665107074 ], [ -3.715418736089756, 40.474279655143448 ], [ -3.715108727730079, 40.473349627064145 ], [ -3.715098727460412, 40.473329626460284 ], [ -3.715068726651411, 40.473209622837153 ], [ -3.715058726381744, 40.473169621629438 ], [ -3.715008725033409, 40.472979615892811 ], [ -3.714918722606406, 40.472529602306047 ], [ -3.714868721258071, 40.472239593550135 ], [ -3.714698716673732, 40.47122956305541 ], [ -3.714508711550059, 40.470109529239473 ], [ -3.714428709392723, 40.469809520181634 ], [ -3.71453871235906, 40.469629514746927 ], [ -3.715698743640432, 40.469919523502838 ], [ -3.71763879595583, 40.470409538297311 ], [ -3.719698851507232, 40.470929553997564 ], [ -3.720068861484911, 40.471019556714921 ], [ -3.720428871192923, 40.471109559432271 ], [ -3.727999075330842, 40.47295961528895 ], [ -3.728529089623193, 40.472879612873527 ], [ -3.729249109039217, 40.47277960985425 ], [ -3.729589118207895, 40.472729608344608 ], [ -3.730389139781255, 40.472659606231112 ], [ -3.731389166747955, 40.472629605325331 ], [ -3.731929181309973, 40.472639605627258 ], [ -3.732229189399983, 40.472649605929185 ], [ -3.732419194523656, 40.472659606231112 ], [ -3.733209215827349, 40.472709607740754 ], [ -3.733419221490356, 40.472729608344608 ], [ -3.733569225535361, 40.472749608948462 ], [ -3.733949235782707, 40.472799610458104 ], [ -3.734369247108721, 40.4728696125716 ], [ -3.73463925438973, 40.472909613779315 ], [ -3.734899261401072, 40.47295961528895 ], [ -3.735689282704765, 40.473109619817869 ], [ -3.735749284322767, 40.473229623441007 ], [ -3.736179295918448, 40.474029647595245 ], [ -3.736199296457782, 40.47406964880296 ], [ -3.736229297266783, 40.474099649708741 ], [ -3.736289298884785, 40.47415965152031 ], [ -3.736329299963453, 40.474189652426098 ], [ -3.736379301311788, 40.474219653331879 ], [ -3.736459303469124, 40.474249654237667 ], [ -3.73653930562646, 40.474279655143448 ], [ -3.73663930832313, 40.474299655747302 ], [ -3.737599334211162, 40.474399658766586 ], [ -3.738419356323856, 40.476099710094346 ], [ -3.738349354436187, 40.4761197106982 ], [ -3.738749365222867, 40.477069739381356 ], [ -3.738829367380203, 40.477149741796786 ], [ -3.739179376818548, 40.478219774103081 ], [ -3.739209377627549, 40.478309776820431 ], [ -3.739309380324219, 40.478499782557066 ], [ -3.738959370885874, 40.478859793426473 ], [ -3.738049346346177, 40.47980982210963 ], [ -3.737929343110173, 40.47980982210963 ], [ -3.737819340143836, 40.479829822713491 ], [ -3.737719337447166, 40.479869823921199 ], [ -3.737649335559497, 40.479909825128914 ], [ -3.737509331784159, 40.480049829355906 ], [ -3.737429329626823, 40.480149832375183 ], [ -3.737269325312151, 40.480369839017598 ], [ -3.737159322345814, 40.480519843546517 ], [ -3.737069319918811, 40.480659847773509 ], [ -3.736959316952474, 40.48082985290629 ], [ -3.736909315604139, 40.480909855321713 ], [ -3.736849313986137, 40.48100985834099 ], [ -3.736779312098468, 40.481159862869909 ], [ -3.736729310750133, 40.481249865587266 ], [ -3.736709310210799, 40.481299867096901 ], [ -3.736649308592797, 40.481429871021966 ], [ -3.736559306165794, 40.481679878570169 ], [ -3.736459303469124, 40.482009888533788 ], [ -3.736399301851122, 40.482199894270423 ], [ -3.736349300502787, 40.482359899101269 ], [ -3.736279298615118, 40.482659908159114 ], [ -3.736219296997116, 40.482879914801529 ], [ -3.73613929483978, 40.483159923255513 ], [ -3.736089293491445, 40.483359929294075 ], [ -3.736069292952111, 40.483439931709498 ], [ -3.736019291603776, 40.483619937144198 ], [ -3.736009291334109, 40.483689939257694 ], [ -3.735969290255441, 40.483909945900109 ], [ -3.735949289716107, 40.484919976394842 ], [ -3.732019183736976, 40.486980038592009 ], [ -3.731749176455967, 40.486890035874659 ], [ -3.728969101488541, 40.486000009003064 ], [ -3.727829070746503, 40.485619997529803 ], [ -3.727749068589167, 40.485589996624014 ], [ -3.727559063465494, 40.485559995718233 ], [ -3.725269001711751, 40.485549995416307 ], [ -3.722688932137665, 40.485539995114372 ], [ -3.720108862563579, 40.485619997529803 ], [ -3.719828855012903, 40.48562999783173 ], [ -3.718968831821541, 40.485659998737511 ], [ -3.716578767371128, 40.485760001756795 ], [ -3.716528766022793, 40.485509994208591 ], [ -3.716498765213792, 40.485389990585453 ], [ -3.716458764135124, 40.485249986358461 ], [ -3.716408762786789, 40.485119982433403 ], [ -3.71633876089912, 40.484969977904477 ], [ -3.716318760359786, 40.484939976998696 ], [ -3.716258758741784, 40.484819973375558 ], [ -3.71623875820245, 40.48477997216785 ], [ -3.716198757123782, 40.484709970054354 ], [ -3.716108754696779, 40.484589966431216 ], [ -3.715988751460775, 40.484439961902297 ], [ -3.715818746876436, 40.484249956165662 ], [ -3.715758745258434, 40.484189954354093 ], [ -3.715708743910099, 40.484139952844458 ], [ -3.715628741752763, 40.484059950429028 ], [ -3.715578740404428, 40.48401994922132 ], [ -3.715388735280755, 40.483839943786613 ], [ -3.715268732044751, 40.483749941069263 ], [ -3.715228730966083, 40.483719940163482 ], [ -3.714958723685074, 40.483509933822994 ], [ -3.714408708853389, 40.48307992084009 ], [ -3.714228703999383, 40.483109921745871 ] ] ] } },
{ "type": "Feature", "properties": { "id_barrio": "09096", "nombre_barrio": "El Plantío", "nombre_distrito": "Moncloa - Aravaca", "area_km2": 3.532, "distancia_centro_km": 11.455, "lat_c": 40.469430523065171, "lon_c": -3.8198227680966306 }, "geometry": { "type": "Polygon", "coordinates": [ [ [ -3.800211022596249, 40.465489389748733 ], [ -3.80054103149526, 40.465529390956448 ], [ -3.801071045787611, 40.465589392768017 ], [ -3.80144105576529, 40.463809339024834 ], [ -3.801201049293282, 40.463659334495908 ], [ -3.801091046326945, 40.463569331778558 ], [ -3.80094104228194, 40.463459328457354 ], [ -3.800821039045936, 40.46335932543807 ], [ -3.800701035809932, 40.463259322418793 ], [ -3.800651034461597, 40.463209320909151 ], [ -3.800431028528923, 40.462999314568663 ], [ -3.800261023944584, 40.462819309133963 ], [ -3.800181021787248, 40.462729306416605 ], [ -3.80014102070858, 40.462689305208897 ], [ -3.799981016393908, 40.462499299472263 ], [ -3.79984101261857, 40.462309293735629 ], [ -3.79964100722523, 40.462019284979718 ], [ -3.799471002640891, 40.461729276223807 ], [ -3.799411001022889, 40.461609272600668 ], [ -3.799381000213888, 40.461549270789106 ], [ -3.799290997786885, 40.461369265354399 ], [ -3.799190995090215, 40.461099257202342 ], [ -3.799130993472213, 40.460919251767642 ], [ -3.799110992932879, 40.460849249654146 ], [ -3.799050991314877, 40.460639243313658 ], [ -3.799000989966542, 40.460409236369308 ], [ -3.798960988887874, 40.460169229123039 ], [ -3.798950988618207, 40.460039225197974 ], [ -3.79894098834854, 40.459909221272909 ], [ -3.798930988078873, 40.459629212818925 ], [ -3.798930988078873, 40.45957921130929 ], [ -3.798930988078873, 40.459439207082298 ], [ -3.79894098834854, 40.459239201043737 ], [ -3.798950988618207, 40.459179199232167 ], [ -3.798980989427208, 40.45922920074181 ], [ -3.800561032034594, 40.460389235765454 ], [ -3.802481083810658, 40.462099287395141 ], [ -3.80414112857538, 40.463049316078305 ], [ -3.807331214599153, 40.463499329665062 ], [ -3.810121289836246, 40.464309354121234 ], [ -3.812901364803672, 40.463779338119046 ], [ -3.815181426287748, 40.463819339326761 ], [ -3.817421486693156, 40.464509360159795 ], [ -3.818821524446536, 40.464539361065576 ], [ -3.819881553031238, 40.464439358046299 ], [ -3.820991582964275, 40.464539361065576 ], [ -3.822231616402983, 40.464789368613772 ], [ -3.823621653886696, 40.46472936680221 ], [ -3.824781685168068, 40.464859370727268 ], [ -3.825881714831438, 40.465419387635237 ], [ -3.827121748270146, 40.466029406052847 ], [ -3.827731764719833, 40.466129409072124 ], [ -3.828981798428208, 40.466339415412612 ], [ -3.830931851013273, 40.465959403939351 ], [ -3.834361943509054, 40.464439358046299 ], [ -3.834791955104735, 40.46490937223691 ], [ -3.835651978296097, 40.465859400920074 ], [ -3.83614199150978, 40.466289413902977 ], [ -3.836932012813473, 40.466989435037938 ], [ -3.838272048948851, 40.467779458890249 ], [ -3.838152045712847, 40.470939554299498 ], [ -3.83754202926316, 40.472599604419543 ], [ -3.837362024409154, 40.47295961528895 ], [ -3.837402025487822, 40.472969615590877 ], [ -3.836892011734805, 40.473749639141261 ], [ -3.836612004184129, 40.474169651822237 ], [ -3.836251994476117, 40.474719668428278 ], [ -3.836131991240113, 40.474899673862986 ], [ -3.8367420076898, 40.475129680807328 ], [ -3.837412025757489, 40.475749699526865 ], [ -3.837402025487822, 40.475789700734573 ], [ -3.837362024409154, 40.475989706773134 ], [ -3.837352024139487, 40.476069709188558 ], [ -3.837332023600153, 40.476179712509769 ], [ -3.837322023330486, 40.476219713717477 ], [ -3.837322023330486, 40.476229714019411 ], [ -3.837312023060819, 40.476289715830973 ], [ -3.837262021712484, 40.476539723379176 ], [ -3.83724202117315, 40.476649726700387 ], [ -3.837232020903483, 40.476709728511949 ], [ -3.837212020364149, 40.47681973183316 ], [ -3.837182019555148, 40.476939735456298 ], [ -3.837152018746147, 40.477059739079429 ], [ -3.837072016588811, 40.477379748741129 ], [ -3.837002014701142, 40.477749759912463 ], [ -3.836962013622474, 40.477999767460666 ], [ -3.836932012813473, 40.478189773197293 ], [ -3.836862010925804, 40.47851978316092 ], [ -3.836812009577469, 40.478759790407189 ], [ -3.836782008768468, 40.478929795539969 ], [ -3.836752007959467, 40.479089800370815 ], [ -3.836652005262797, 40.479579815165287 ], [ -3.836592003644795, 40.479599815769141 ], [ -3.835681979105098, 40.479339807919018 ], [ -3.835131964273413, 40.479179803088165 ], [ -3.834831956183403, 40.479089800370815 ], [ -3.834611950250729, 40.479029798559246 ], [ -3.834161938115714, 40.478899794634181 ], [ -3.834071935688711, 40.4788697937284 ], [ -3.833551921666027, 40.478719789199481 ], [ -3.833321915463686, 40.478649787085985 ], [ -3.833031907643343, 40.478569784670562 ], [ -3.832711899013999, 40.478489782255139 ], [ -3.832681898204998, 40.478479781953205 ], [ -3.832671897935331, 40.478479781953205 ], [ -3.832621896586996, 40.478469781651278 ], [ -3.832181884721648, 40.478349778028146 ], [ -3.831791874204635, 40.478229774405008 ], [ -3.831681871238298, 40.47819977349922 ], [ -3.831211858563949, 40.478069769574162 ], [ -3.83084184858627, 40.477959766252951 ], [ -3.830651843462597, 40.477909764743309 ], [ -3.83054184049626, 40.477879763837528 ], [ -3.830221831866916, 40.477789761120178 ], [ -3.829931824046573, 40.477709758704755 ], [ -3.829751819192567, 40.477659757195113 ], [ -3.82954181352956, 40.477599755383544 ], [ -3.82924180543955, 40.477519752968121 ], [ -3.829211804630549, 40.477509752666194 ], [ -3.828831794383203, 40.477399749344983 ], [ -3.828701790877532, 40.477359748137275 ], [ -3.828671790068531, 40.477349747835341 ], [ -3.828491785214525, 40.477299746325706 ], [ -3.828451784135857, 40.477289746023779 ], [ -3.82844178386619, 40.477289746023779 ], [ -3.828171776585181, 40.477209743608348 ], [ -3.827791766337835, 40.477109740589071 ], [ -3.827711764180499, 40.477089739985217 ], [ -3.827481757978158, 40.477029738173648 ], [ -3.827081747191478, 40.476919734852437 ], [ -3.826671736135131, 40.476799731229306 ], [ -3.826561733168794, 40.476769730323518 ], [ -3.826471730741791, 40.476739729417737 ], [ -3.826091720494445, 40.476629726096526 ], [ -3.82564170835943, 40.476499722171461 ], [ -3.825151695145747, 40.476359717944469 ], [ -3.824651681662397, 40.476219713717477 ], [ -3.824531678426393, 40.476189712811696 ], [ -3.823791658471035, 40.475979706471207 ], [ -3.823471649841691, 40.475889703753857 ], [ -3.823351646605687, 40.475859702848069 ], [ -3.823291644987685, 40.475839702244215 ], [ -3.822921635010006, 40.475729698923004 ], [ -3.822661627998664, 40.475659696809508 ], [ -3.822471622874991, 40.475599694997946 ], [ -3.821901607503972, 40.475439690167093 ], [ -3.821711602380299, 40.475379688355531 ], [ -3.821221589166616, 40.475239684128539 ], [ -3.82084157891927, 40.475129680807328 ], [ -3.82054157082926, 40.475039678089978 ], [ -3.820191561390915, 40.474939675070694 ], [ -3.820081558424578, 40.474909674164913 ], [ -3.819691547907565, 40.474799670843701 ], [ -3.819311537660219, 40.474689667522497 ], [ -3.819231535502883, 40.474669666918636 ], [ -3.819151533345547, 40.474649666314782 ], [ -3.818891526334205, 40.474569663899359 ], [ -3.818871525794871, 40.474559663597432 ], [ -3.818701521210532, 40.47450966208779 ], [ -3.818291510154185, 40.474389658464652 ], [ -3.817831497749503, 40.474259654539594 ], [ -3.81764149262583, 40.474209653029952 ], [ -3.817591491277495, 40.474199652728025 ], [ -3.817481488311158, 40.474169651822237 ], [ -3.817311483726819, 40.474119650312602 ], [ -3.816811470243469, 40.47397964608561 ], [ -3.816461460805124, 40.473879643066326 ], [ -3.816151452445447, 40.473789640348976 ], [ -3.815981447861108, 40.473739638839334 ], [ -3.815881445164438, 40.473709637933553 ], [ -3.81564143869243, 40.473639635820057 ], [ -3.8147414144224, 40.473379627969926 ], [ -3.814571409838061, 40.473329626460284 ], [ -3.814461406871724, 40.473299625554503 ], [ -3.814151398512047, 40.473209622837153 ], [ -3.813751387725367, 40.473089619214015 ], [ -3.813651385028697, 40.473059618308234 ], [ -3.813531381792693, 40.473029617402446 ], [ -3.813261374511684, 40.472949614987023 ], [ -3.813101370197012, 40.472899613477381 ], [ -3.812931365612673, 40.472849611967746 ], [ -3.812771361298001, 40.472809610760031 ], [ -3.812661358331664, 40.47277960985425 ], [ -3.812591356443995, 40.472759609250389 ], [ -3.812551355365327, 40.472749608948462 ], [ -3.812491353747325, 40.472729608344608 ], [ -3.812391351050655, 40.472699607438827 ], [ -3.81234134970232, 40.472679606834966 ], [ -3.811951339185307, 40.472569603513762 ], [ -3.810731306285933, 40.472219592946281 ], [ -3.810261293611584, 40.472089589021216 ], [ -3.806061180351444, 40.470889552789856 ], [ -3.805551166598427, 40.470739548260937 ], [ -3.805061153384744, 40.470599544033945 ], [ -3.803801119406702, 40.470239533164538 ], [ -3.803071099721011, 40.47002952682405 ], [ -3.802871094327671, 40.46996952501248 ], [ -3.802631087855663, 40.469899522898984 ], [ -3.802361080574654, 40.469819520483561 ], [ -3.802091073293645, 40.469749518370065 ], [ -3.801821066012636, 40.469669515954642 ], [ -3.80104104497861, 40.469449509312227 ], [ -3.800181021787248, 40.469199501764024 ], [ -3.800211022596249, 40.469139499952455 ], [ -3.800371026910921, 40.469099498744747 ], [ -3.801101046596612, 40.468899492706186 ], [ -3.801451056034957, 40.468789489384974 ], [ -3.801511057652959, 40.46876948878112 ], [ -3.801721063315966, 40.468699486667624 ], [ -3.801821066012636, 40.468649485157982 ], [ -3.80194106924864, 40.468589483346413 ], [ -3.802081073023978, 40.468519481232917 ], [ -3.801231050102283, 40.467699456474826 ], [ -3.800981043360608, 40.467459449228549 ], [ -3.800411027989589, 40.466899432320581 ], [ -3.800251023674917, 40.466739427489735 ], [ -3.800111019899579, 40.466599423262743 ], [ -3.800081019090578, 40.466549421753101 ], [ -3.800031017742243, 40.466479419639604 ], [ -3.800031017742243, 40.466419417828043 ], [ -3.800031017742243, 40.466359416016473 ], [ -3.800091019360245, 40.466059406958628 ], [ -3.800211022596249, 40.465489389748733 ] ] ] } },
{ "type": "Feature", "properties": { "id_barrio": "08085", "nombre_barrio": "La Paz", "nombre_distrito": "Fuencarral - El Pardo", "area_km2": 2.152, "distancia_centro_km": 7.252, "lat_c": 40.481965332537342, "lon_c": -3.6951162250874181 }, "geometry": { "type": "Polygon", "coordinates": [ [ [ -3.687127512663078, 40.474151186352451 ], [ -3.688858019854204, 40.474429659672367 ], [ -3.688948022281207, 40.474499661785863 ], [ -3.689078025786878, 40.474609665107074 ], [ -3.689228029831883, 40.474689667522497 ], [ -3.68943803549489, 40.474689667522497 ], [ -3.689788044933235, 40.474639666012855 ], [ -3.690228056798583, 40.474559663597432 ], [ -3.690708069742599, 40.474479661182009 ], [ -3.690978077023608, 40.474449660276221 ], [ -3.691258084574284, 40.474479661182009 ], [ -3.691508091315959, 40.474539662993578 ], [ -3.691748097787967, 40.47459966480514 ], [ -3.692008104799309, 40.474669666918636 ], [ -3.692318113158986, 40.474729668730205 ], [ -3.692568119900661, 40.474739669032132 ], [ -3.692818126642336, 40.474729668730205 ], [ -3.693128135002013, 40.47467966722057 ], [ -3.693448143631357, 40.474619665409001 ], [ -3.693718150912366, 40.474579664201286 ], [ -3.694008158732709, 40.474559663597432 ], [ -3.694328167362053, 40.474569663899359 ], [ -3.694658176261064, 40.474589664503213 ], [ -3.695008185699409, 40.474649666314782 ], [ -3.695348194868087, 40.474729668730205 ], [ -3.695678203767098, 40.474789670541774 ], [ -3.695978211857108, 40.474799670843701 ], [ -3.696178217250448, 40.474789670541774 ], [ -3.696358222104454, 40.474759669635993 ], [ -3.696518226419126, 40.474719668428278 ], [ -3.696678230733798, 40.474669666918636 ], [ -3.696828234778803, 40.474629665710928 ], [ -3.697018239902476, 40.474589664503213 ], [ -3.69723824583515, 40.474559663597432 ], [ -3.697478252307158, 40.474549663295505 ], [ -3.697618256082496, 40.474549663295505 ], [ -3.697798260936502, 40.474549663295505 ], [ -3.697858262554504, 40.474559663597432 ], [ -3.697978265790508, 40.474569663899359 ], [ -3.698148270374847, 40.47459966480514 ], [ -3.698348275768187, 40.474659666616709 ], [ -3.698488279543525, 40.474699667824424 ], [ -3.698698285206532, 40.474789670541774 ], [ -3.698858289521204, 40.474859672655271 ], [ -3.698968292487541, 40.474899673862986 ], [ -3.699018293835876, 40.47491967446684 ], [ -3.699208298959549, 40.474949675372621 ], [ -3.699418304622556, 40.474979676278409 ], [ -3.699518307319226, 40.474979676278409 ], [ -3.699688311903565, 40.474989676580336 ], [ -3.699968319454241, 40.474989676580336 ], [ -3.700258327274584, 40.474959675674555 ], [ -3.700488333476925, 40.474899673862986 ], [ -3.700648337791597, 40.474839672051417 ], [ -3.700698339139932, 40.474819671447563 ], [ -3.700888344263605, 40.474739669032132 ], [ -3.701048348578277, 40.474639666012855 ], [ -3.70113835100528, 40.474579664201286 ], [ -3.70123835370195, 40.47450966208779 ], [ -3.701328356128953, 40.474449660276221 ], [ -3.701378357477288, 40.474399658766586 ], [ -3.701468359904291, 40.47432965665309 ], [ -3.701618363949296, 40.474189652426098 ], [ -3.701808369072969, 40.474019647293318 ], [ -3.702088376623645, 40.473769639745122 ], [ -3.702248380938317, 40.473969645783683 ], [ -3.702308382556319, 40.474049648199106 ], [ -3.70253838875866, 40.474659666616709 ], [ -3.70283839684867, 40.475499691978662 ], [ -3.703348410601687, 40.476949735758225 ], [ -3.703688419770365, 40.477859763233674 ], [ -3.704208433793049, 40.479409810032514 ], [ -3.704718447546066, 40.480809852302428 ], [ -3.705128458602413, 40.481939886420292 ], [ -3.705398465883422, 40.482569905441757 ], [ -3.70543846696209, 40.482649907857187 ], [ -3.705478468040758, 40.48272991027261 ], [ -3.705518469119426, 40.482799912386106 ], [ -3.705568470467761, 40.482869914499602 ], [ -3.705628472085763, 40.482949916915025 ], [ -3.705708474243099, 40.483049919934302 ], [ -3.705818477209436, 40.48316992355744 ], [ -3.705888479097105, 40.483239925670937 ], [ -3.705908479636439, 40.483259926274791 ], [ -3.705968481254441, 40.483329928388287 ], [ -3.706068483951111, 40.483419931105637 ], [ -3.706228488265783, 40.483549935030702 ], [ -3.706418493389456, 40.483679938955767 ], [ -3.706558497164794, 40.483769941673117 ], [ -3.706848504985137, 40.483959947409751 ], [ -3.707258516041484, 40.484239955863735 ], [ -3.707588524940495, 40.484469962808078 ], [ -3.707818531142836, 40.484629967638931 ], [ -3.708248542738517, 40.484929976696769 ], [ -3.708878559727538, 40.485339989075818 ], [ -3.709318571592886, 40.48556999602016 ], [ -3.70893856134554, 40.485860004776072 ], [ -3.708718555412866, 40.486050010512706 ], [ -3.708668554064531, 40.486090011720414 ], [ -3.708558551098194, 40.486170014135837 ], [ -3.708428547592523, 40.486260016853194 ], [ -3.708288543817185, 40.486340019268617 ], [ -3.708158540311514, 40.48642002168404 ], [ -3.707998535996842, 40.48651002440139 ], [ -3.707718528446166, 40.486640028326455 ], [ -3.707388519547155, 40.486750031647667 ], [ -3.704708447276399, 40.48753005519805 ], [ -3.704278435680718, 40.487660059123108 ], [ -3.704188433253715, 40.487690060028896 ], [ -3.703588417073695, 40.487870065463596 ], [ -3.703378411410688, 40.487950067879027 ], [ -3.703198406556682, 40.48803007029445 ], [ -3.702888398197005, 40.488180074823369 ], [ -3.702708393342999, 40.488280077842646 ], [ -3.702428385792323, 40.48847008357928 ], [ -3.701978373657308, 40.488760092335191 ], [ -3.701828369612303, 40.488850095052541 ], [ -3.701658365027964, 40.488960098373752 ], [ -3.70153836179196, 40.489030100487248 ], [ -3.701348356668287, 40.489120103204598 ], [ -3.701168351814281, 40.489200105620021 ], [ -3.70093834561194, 40.489300108639306 ], [ -3.698818288442536, 40.48993012766077 ], [ -3.698248273071517, 40.490090132491616 ], [ -3.698098269026512, 40.489480114074006 ], [ -3.697978265790508, 40.489110102902671 ], [ -3.697868262824171, 40.48882009414676 ], [ -3.697768260127501, 40.488600087504345 ], [ -3.697628256352163, 40.488320079050361 ], [ -3.697498252846492, 40.488110072709873 ], [ -3.697358249071154, 40.487890066067457 ], [ -3.69713824313848, 40.487630058217327 ], [ -3.697018239902476, 40.487500054292262 ], [ -3.696628229385463, 40.487120042819001 ], [ -3.696278219947118, 40.48683003406309 ], [ -3.695798207003102, 40.486500024099463 ], [ -3.695308193789419, 40.486230015947406 ], [ -3.695108188396079, 40.486130012928129 ], [ -3.694848181384737, 40.486010009304991 ], [ -3.694458170867724, 40.485860004776072 ], [ -3.694158162777714, 40.485740001152934 ], [ -3.693748151721367, 40.485579996322087 ], [ -3.693548146328027, 40.485499993906664 ], [ -3.693288139316685, 40.48539999088738 ], [ -3.693168136080681, 40.485349989377745 ], [ -3.692818126642336, 40.485209985150753 ], [ -3.692558119630994, 40.485109982131469 ], [ -3.691798099136302, 40.484809973073631 ], [ -3.69133808673162, 40.484619967336997 ], [ -3.69083807324827, 40.484419961298443 ], [ -3.690518064618926, 40.484289957373377 ], [ -3.690018051135576, 40.484089951334816 ], [ -3.689978050056908, 40.484069950730962 ], [ -3.689878047360238, 40.484029949523247 ], [ -3.689428035225223, 40.483849944088547 ], [ -3.689198029022882, 40.48375994137119 ], [ -3.688388007179855, 40.483439931709498 ], [ -3.687397980482822, 40.48316992355744 ], [ -3.686447954864457, 40.482949916915025 ], [ -3.686057944347444, 40.482849913895741 ], [ -3.685797937336102, 40.482749910876464 ], [ -3.685587931673095, 40.482629907253326 ], [ -3.685367925740421, 40.482459902120553 ], [ -3.685227921965083, 40.482289896987773 ], [ -3.685147919807747, 40.482149892760781 ], [ -3.685107918729079, 40.481989887929934 ], [ -3.685097918459412, 40.481949886722226 ], [ -3.685077917920078, 40.481699879174023 ], [ -3.685107918729079, 40.481429871021966 ], [ -3.68513791953808, 40.481239865285339 ], [ -3.685257922774084, 40.480759850792793 ], [ -3.685317924392086, 40.480519843546517 ], [ -3.685617932482096, 40.479589815467214 ], [ -3.686397953516122, 40.476689727908095 ], [ -3.687097972392812, 40.474249654237667 ], [ -3.687127512663078, 40.474151186352451 ] ] ] } },
{ "type": "Feature", "properties": { "id_barrio": "08082", "nombre_barrio": "Fuentelarreina", "nombre_distrito": "Fuencarral - El Pardo", "area_km2": 1.381, "distancia_centro_km": 7.687, "lat_c": 40.48035984901653, "lon_c": -3.7399476245269425 }, "geometry": { "type": "Polygon", "coordinates": [ [ [ -3.73203918427631, 40.486970038290082 ], [ -3.735949289716107, 40.484919976394842 ], [ -3.735969290255441, 40.483909945900109 ], [ -3.736009291334109, 40.483689939257694 ], [ -3.736019291603776, 40.483619937144198 ], [ -3.736069292952111, 40.483439931709498 ], [ -3.736089293491445, 40.483359929294075 ], [ -3.73613929483978, 40.483159923255513 ], [ -3.736219296997116, 40.482879914801529 ], [ -3.736279298615118, 40.482659908159114 ], [ -3.736349300502787, 40.482359899101269 ], [ -3.736399301851122, 40.482199894270423 ], [ -3.736459303469124, 40.482009888533788 ], [ -3.736559306165794, 40.481679878570169 ], [ -3.736649308592797, 40.481429871021966 ], [ -3.736709310210799, 40.481299867096901 ], [ -3.736729310750133, 40.481249865587266 ], [ -3.736779312098468, 40.481159862869909 ], [ -3.736849313986137, 40.48100985834099 ], [ -3.736909315604139, 40.480909855321713 ], [ -3.736959316952474, 40.48082985290629 ], [ -3.737069319918811, 40.480659847773509 ], [ -3.737159322345814, 40.480519843546517 ], [ -3.737269325312151, 40.480369839017598 ], [ -3.737429329626823, 40.480149832375183 ], [ -3.737509331784159, 40.480049829355906 ], [ -3.737649335559497, 40.479909825128914 ], [ -3.737719337447166, 40.479869823921199 ], [ -3.737819340143836, 40.479829822713491 ], [ -3.737929343110173, 40.47980982210963 ], [ -3.738049346346177, 40.47980982210963 ], [ -3.738959370885874, 40.478859793426473 ], [ -3.739309380324219, 40.478499782557066 ], [ -3.739209377627549, 40.478309776820431 ], [ -3.739179376818548, 40.478219774103081 ], [ -3.738829367380203, 40.477149741796786 ], [ -3.738749365222867, 40.477069739381356 ], [ -3.738349354436187, 40.4761197106982 ], [ -3.738419356323856, 40.476099710094346 ], [ -3.737599334211162, 40.474399658766586 ], [ -3.73663930832313, 40.474299655747302 ], [ -3.73653930562646, 40.474279655143448 ], [ -3.736459303469124, 40.474249654237667 ], [ -3.736379301311788, 40.474219653331879 ], [ -3.736329299963453, 40.474189652426098 ], [ -3.736289298884785, 40.47415965152031 ], [ -3.736229297266783, 40.474099649708741 ], [ -3.736199296457782, 40.47406964880296 ], [ -3.736179295918448, 40.474029647595245 ], [ -3.735749284322767, 40.473229623441007 ], [ -3.735669282165431, 40.473109619817869 ], [ -3.735959289985774, 40.473179621931365 ], [ -3.737569333402161, 40.473559633404633 ], [ -3.739379382211888, 40.47397964608561 ], [ -3.740289406751585, 40.474189652426098 ], [ -3.74083942158327, 40.474299655747302 ], [ -3.741309434257619, 40.474359657558871 ], [ -3.741419437223956, 40.474369657860798 ], [ -3.741469438572291, 40.474369657860798 ], [ -3.742259459875984, 40.474409659068513 ], [ -3.743229486033683, 40.474429659672367 ], [ -3.743649497359697, 40.474439659974294 ], [ -3.744689525405065, 40.474459660578148 ], [ -3.745709552911099, 40.474469660880082 ], [ -3.746269568012451, 40.474479661182009 ], [ -3.746629577720463, 40.474489661483936 ], [ -3.747309596057819, 40.474489661483936 ], [ -3.747479600642158, 40.474479661182009 ], [ -3.747899611968172, 40.47441965937044 ], [ -3.748149618709847, 40.474379658162725 ], [ -3.748369624642521, 40.474339656955017 ], [ -3.748619631384196, 40.474279655143448 ], [ -3.748869638125871, 40.474189652426098 ], [ -3.749019642170876, 40.474129650614529 ], [ -3.749209647294549, 40.474039647897179 ], [ -3.74933965080022, 40.473969645783683 ], [ -3.749459654036224, 40.473899643670187 ], [ -3.749589657541895, 40.473819641254757 ], [ -3.7497396615869, 40.473709637933553 ], [ -3.749869665092571, 40.473609634914268 ], [ -3.749979668058908, 40.473509631894991 ], [ -3.750069670485911, 40.473419629177641 ], [ -3.750199673991582, 40.473269624648722 ], [ -3.750279676148918, 40.473159621327511 ], [ -3.750389679115255, 40.473009616798592 ], [ -3.750479681542258, 40.472849611967746 ], [ -3.750579684238928, 40.472629605325331 ], [ -3.750679686935598, 40.472329596267485 ], [ -3.750709687744599, 40.472089589021216 ], [ -3.750709687744599, 40.471859582076874 ], [ -3.750679686935598, 40.471569573320963 ], [ -3.750449680733257, 40.470599544033945 ], [ -3.750389679115255, 40.470329535881888 ], [ -3.75033967776692, 40.470139530145254 ], [ -3.750609685047929, 40.470669546147441 ], [ -3.7507396885536, 40.471099559130344 ], [ -3.751369705542621, 40.473159621327511 ], [ -3.751489708778625, 40.473679637027764 ], [ -3.751519709587626, 40.473829641556691 ], [ -3.75153971012696, 40.473949645179822 ], [ -3.751579711205628, 40.47415965152031 ], [ -3.751649713093297, 40.474559663597432 ], [ -3.751769716329301, 40.475629695903727 ], [ -3.751809717407969, 40.476189712811696 ], [ -3.751779716598968, 40.476619725794599 ], [ -3.751749715789967, 40.476879733644729 ], [ -3.751489708778625, 40.478419780141643 ], [ -3.749759662126234, 40.47842978044357 ], [ -3.749069643519211, 40.47842978044357 ], [ -3.748549629496527, 40.478409779839708 ], [ -3.748229620867183, 40.478379778933927 ], [ -3.748079616822178, 40.478359778330073 ], [ -3.747949613316507, 40.478329777424285 ], [ -3.747769608462501, 40.478289776216577 ], [ -3.747719607114166, 40.478269775612716 ], [ -3.74763960495683, 40.478239774706935 ], [ -3.747379597945488, 40.478139771687658 ], [ -3.747299595788152, 40.478099770479943 ], [ -3.747269594979151, 40.478079769876089 ], [ -3.747229593900483, 40.478059769272228 ], [ -3.747119590934146, 40.477999767460666 ], [ -3.747019588237476, 40.477939765649097 ], [ -3.746919585540806, 40.477869763535601 ], [ -3.746909585271139, 40.477859763233674 ], [ -3.746759581226134, 40.477739759610536 ], [ -3.746669578799131, 40.477799761422105 ], [ -3.746599576911462, 40.477849762931747 ], [ -3.746519574754126, 40.477899764441382 ], [ -3.746469573405791, 40.47792976534717 ], [ -3.74643957259679, 40.477949765951024 ], [ -3.746389571248455, 40.477979766856805 ], [ -3.74633956990012, 40.478009767762593 ], [ -3.746309569091119, 40.478029768366447 ], [ -3.746159565046114, 40.478119771083797 ], [ -3.746029561540443, 40.47819977349922 ], [ -3.745899558034772, 40.47827977591465 ], [ -3.74583955641677, 40.478319777122358 ], [ -3.7457395537201, 40.478389779235854 ], [ -3.745589549675095, 40.478479781953205 ], [ -3.745479546708758, 40.478549784066701 ], [ -3.745279541315418, 40.478669787689839 ], [ -3.74513953754008, 40.478759790407189 ], [ -3.745099536461412, 40.47877979101105 ], [ -3.744759527292734, 40.478999797653465 ], [ -3.744729526483733, 40.479019798257319 ], [ -3.744689525405065, 40.479049799163107 ], [ -3.744669524865731, 40.479059799465034 ], [ -3.744659524596064, 40.479069799766961 ], [ -3.74463952405673, 40.479079800068888 ], [ -3.744499520281392, 40.479159802484311 ], [ -3.744469519472391, 40.479179803088165 ], [ -3.744359516506054, 40.479249805201661 ], [ -3.74423951327005, 40.479329807617084 ], [ -3.74413951057338, 40.479389809428653 ], [ -3.743889503831705, 40.479549814259506 ], [ -3.743789501135035, 40.479619816373003 ], [ -3.743589495741695, 40.479749820298061 ], [ -3.743509493584359, 40.479799821807703 ], [ -3.743379490078688, 40.479879824223126 ], [ -3.742929477943673, 40.480149832375183 ], [ -3.74283947551667, 40.480209834186752 ], [ -3.742749473089667, 40.480269835998321 ], [ -3.742619469583996, 40.480349838413744 ], [ -3.742509466617659, 40.48041984052724 ], [ -3.742209458527649, 40.480609846263874 ], [ -3.742009453134309, 40.480729849887005 ], [ -3.741899450167972, 40.480799852000501 ], [ -3.741789447201635, 40.480869854113998 ], [ -3.7417394458533, 40.480899855019786 ], [ -3.741599442077962, 40.480989857737136 ], [ -3.741919450707306, 40.481139862266055 ], [ -3.742809474707669, 40.481549874645104 ], [ -3.743679498168698, 40.481999888231861 ], [ -3.744309515157719, 40.482339898497415 ], [ -3.744469519472391, 40.482419900912838 ], [ -3.744929531877073, 40.482659908159114 ], [ -3.745029534573743, 40.482789912084172 ], [ -3.745059535382744, 40.482839913593814 ], [ -3.745499547248092, 40.483569935634563 ], [ -3.744399517584722, 40.485469993000876 ], [ -3.744189511921715, 40.485669999039438 ], [ -3.743709498977699, 40.486130012928129 ], [ -3.742559467965994, 40.487870065463596 ], [ -3.742409463920989, 40.488500084485061 ], [ -3.741929450976973, 40.48873009142941 ], [ -3.741649443426297, 40.488990099279533 ], [ -3.741479438841958, 40.489150104110387 ], [ -3.741299433987952, 40.48932010924316 ], [ -3.741179430751948, 40.489430112564371 ], [ -3.741149429942947, 40.489460113470152 ], [ -3.74113942967328, 40.489460113470152 ], [ -3.741079428055278, 40.489520115281721 ], [ -3.740389409448255, 40.490170134907039 ], [ -3.739979398391908, 40.49052014547452 ], [ -3.738069346885511, 40.489880126151128 ], [ -3.737969344188841, 40.489840124943413 ], [ -3.737679336368498, 40.489620118300998 ], [ -3.737499331514492, 40.489540115885575 ], [ -3.737149322076147, 40.489430112564371 ], [ -3.736829313446803, 40.48932010924316 ], [ -3.736719310480466, 40.489270107733518 ], [ -3.736579306705128, 40.489200105620021 ], [ -3.736399301851122, 40.489140103808452 ], [ -3.736169295648781, 40.48908010199689 ], [ -3.735889288098105, 40.489010099883394 ], [ -3.735599280277762, 40.488950098071825 ], [ -3.735299272187752, 40.488800093542906 ], [ -3.735059265715744, 40.488710090825549 ], [ -3.734909261670739, 40.488610087806272 ], [ -3.734689255738065, 40.488370080560003 ], [ -3.734449249266057, 40.488050070898304 ], [ -3.734229243333383, 40.487890066067457 ], [ -3.733819232277036, 40.487760062142392 ], [ -3.733549224996027, 40.487610057613473 ], [ -3.733289217984685, 40.487480053688408 ], [ -3.732999210164342, 40.487370050367197 ], [ -3.732819205310336, 40.487290047951774 ], [ -3.732729202883333, 40.487230046140205 ], [ -3.732619199916996, 40.487150043724782 ], [ -3.732549198029327, 40.487080041611286 ], [ -3.732509196950659, 40.487050040705505 ], [ -3.732429194793323, 40.486990038893936 ], [ -3.732399193984322, 40.486960037988155 ], [ -3.732329192096653, 40.486940037384294 ], [ -3.732249189939317, 40.486940037384294 ], [ -3.73213918697298, 40.486950037686221 ], [ -3.73203918427631, 40.486970038290082 ] ] ] } },
{ "type": "Feature", "properties": { "id_barrio": "16166", "nombre_barrio": "Valdefuentes", "nombre_distrito": "Hortaleza", "area_km2": 17.008, "distancia_centro_km": 9.955, "lat_c": 40.49083428895549, "lon_c": -3.6369927206372967 }, "geometry": { "type": "Polygon", "coordinates": [ [ [ -3.601905675099639, 40.501460475783752 ], [ -3.601885674560305, 40.501480476387606 ], [ -3.601905675099639, 40.500410444081311 ], [ -3.601905675099639, 40.499380412982731 ], [ -3.601895674829972, 40.498720393055478 ], [ -3.601885674560305, 40.498220377959079 ], [ -3.601875674290638, 40.497830366183891 ], [ -3.601855673751304, 40.497390352899053 ], [ -3.601825672942303, 40.496890337802654 ], [ -3.601805672402969, 40.496400323008181 ], [ -3.601785671863635, 40.495940309119497 ], [ -3.601775671593968, 40.49523028768261 ], [ -3.601765671324301, 40.494970279832479 ], [ -3.601755671054634, 40.494620269264999 ], [ -3.601765671324301, 40.494010250847388 ], [ -3.601765671324301, 40.493690241185696 ], [ -3.601765671324301, 40.493540236656777 ], [ -3.601765671324301, 40.493380231825931 ], [ -3.601775671593968, 40.492890217031459 ], [ -3.601815672672636, 40.491760182913595 ], [ -3.601825672942303, 40.491340170232618 ], [ -3.601825672942303, 40.491290168722976 ], [ -3.60183567321197, 40.490900156947781 ], [ -3.601845673481637, 40.490600147889943 ], [ -3.601855673751304, 40.490390141549454 ], [ -3.601855673751304, 40.490160134605112 ], [ -3.601855673751304, 40.48993012766077 ], [ -3.601855673751304, 40.489830124641486 ], [ -3.601855673751304, 40.489740121924136 ], [ -3.601855673751304, 40.489570116791363 ], [ -3.601855673751304, 40.48932010924316 ], [ -3.601845673481637, 40.488950098071825 ], [ -3.601805672402969, 40.487930067275165 ], [ -3.601765671324301, 40.487380050669131 ], [ -3.6017356705153, 40.486670029232236 ], [ -3.6017356705153, 40.486180014437771 ], [ -3.601725670245633, 40.485459992698949 ], [ -3.601715669975966, 40.485019979414119 ], [ -3.604465744134391, 40.485009979112192 ], [ -3.611545935058627, 40.484969977904477 ], [ -3.614896025397072, 40.484949977300623 ], [ -3.615546042925427, 40.484949977300623 ], [ -3.616476068004458, 40.483989948315532 ], [ -3.616616071779796, 40.483869944692401 ], [ -3.616756075555134, 40.48375994137119 ], [ -3.616896079330472, 40.483629937446125 ], [ -3.617646099555497, 40.482839913593814 ], [ -3.618206114656849, 40.482269896383919 ], [ -3.62583632041277, 40.482229895176211 ], [ -3.625656315558764, 40.481569875248958 ], [ -3.625746317985767, 40.477219743910283 ], [ -3.625746317985767, 40.477059739079429 ], [ -3.625756318255434, 40.476959736060152 ], [ -3.625876321491438, 40.476569724284957 ], [ -3.625776318794768, 40.476489721869534 ], [ -3.625706316907099, 40.476419719756038 ], [ -3.625676316098098, 40.476329717038688 ], [ -3.625706316907099, 40.476239714321338 ], [ -3.625776318794768, 40.476169712207842 ], [ -3.625896322030772, 40.476089709792419 ], [ -3.625796319334102, 40.475539693186377 ], [ -3.625796319334102, 40.475449690469027 ], [ -3.625796319334102, 40.475339687147816 ], [ -3.625796319334102, 40.475249684430466 ], [ -3.625776318794768, 40.475169682015043 ], [ -3.625716317176766, 40.475079679297686 ], [ -3.625626314749763, 40.474999676882263 ], [ -3.625486310974425, 40.474909674164913 ], [ -3.625366307738421, 40.47482967174949 ], [ -3.62533630692942, 40.474729668730205 ], [ -3.62533630692942, 40.474689667522497 ], [ -3.625306306120419, 40.474639666012855 ], [ -3.625256304772084, 40.474589664503213 ], [ -3.625216303693416, 40.474569663899359 ], [ -3.625146301805747, 40.474549663295505 ], [ -3.625106300727079, 40.474519662389717 ], [ -3.624886294794405, 40.473779640047049 ], [ -3.624826293176403, 40.473609634914268 ], [ -3.6247362907494, 40.47339962857378 ], [ -3.624696289670732, 40.473349627064145 ], [ -3.624606287243729, 40.473279624950649 ], [ -3.624576286434728, 40.473229623441007 ], [ -3.624586286704395, 40.473149621025584 ], [ -3.624566286165061, 40.473069618610161 ], [ -3.624516284816726, 40.472999616496665 ], [ -3.624446282929057, 40.472949614987023 ], [ -3.624366280771721, 40.472929614383169 ], [ -3.624276278344718, 40.472889613175454 ], [ -3.624126274299713, 40.472529602306047 ], [ -3.623996270794042, 40.47219959234242 ], [ -3.623856267018704, 40.471819580869159 ], [ -3.624076272951378, 40.471559573019029 ], [ -3.62413627456938, 40.471479570603606 ], [ -3.624216276726716, 40.471379567584329 ], [ -3.624286278614385, 40.471269564263118 ], [ -3.624376281041388, 40.471129560036125 ], [ -3.62443628265939, 40.47099955611106 ], [ -3.624506284547059, 40.470849551582141 ], [ -3.624556285895394, 40.470719547657083 ], [ -3.624596286974062, 40.470599544033945 ], [ -3.62463628805273, 40.470479540410807 ], [ -3.624666288861731, 40.470339536183815 ], [ -3.624686289401065, 40.470229532862611 ], [ -3.624696289670732, 40.470149530447181 ], [ -3.624706289940399, 40.470039527125977 ], [ -3.624706289940399, 40.469919523502838 ], [ -3.624706289940399, 40.469809520181634 ], [ -3.624696289670732, 40.469689516558496 ], [ -3.624676289131398, 40.469539512029577 ], [ -3.624656288592064, 40.469419508406439 ], [ -3.624616287513396, 40.46926950387752 ], [ -3.624576286434728, 40.469149500254382 ], [ -3.624526285086393, 40.469019496329317 ], [ -3.624446282929057, 40.468699486667624 ], [ -3.627966377851841, 40.468479480025209 ], [ -3.628676396998198, 40.469289504481374 ], [ -3.629346415065887, 40.469989525616334 ], [ -3.630526446886593, 40.471099559130344 ], [ -3.63213649030298, 40.472479600796404 ], [ -3.634016541000376, 40.474019647293318 ], [ -3.637346630799487, 40.476389718850257 ], [ -3.637946646979507, 40.47681973183316 ], [ -3.639916700103906, 40.478239774706935 ], [ -3.641406740284289, 40.47930980701323 ], [ -3.641996756194642, 40.479749820298061 ], [ -3.642696775071332, 40.479879824223126 ], [ -3.643986809858375, 40.480119831469402 ], [ -3.644966836285741, 40.480309837206029 ], [ -3.646786885365135, 40.480649847471582 ], [ -3.648546932826527, 40.480979857435209 ], [ -3.650016972467576, 40.481259865889193 ], [ -3.650446984063257, 40.481339868304616 ], [ -3.655217112694416, 40.48220989457235 ], [ -3.655877130492438, 40.482329898195488 ], [ -3.657847183616837, 40.482689909064895 ], [ -3.659347224066887, 40.48290991570731 ], [ -3.663727342181033, 40.483619937144198 ], [ -3.664007349731709, 40.483659938351913 ], [ -3.664697368338732, 40.48375994137119 ], [ -3.664727369147733, 40.48375994137119 ], [ -3.666117406631446, 40.483969947711678 ], [ -3.666267410676451, 40.483989948315532 ], [ -3.667207436025149, 40.484099951636743 ], [ -3.66903748537421, 40.484179954052166 ], [ -3.670257518273584, 40.484179954052166 ], [ -3.671077540386278, 40.484139952844458 ], [ -3.67133754739762, 40.484129952542524 ], [ -3.673467604836691, 40.483999948617466 ], [ -3.673427603758023, 40.484499963713866 ], [ -3.673367602140021, 40.485199984848826 ], [ -3.67333760133102, 40.485559995718233 ], [ -3.673227598364683, 40.486690029836097 ], [ -3.673177597016348, 40.487160044026709 ], [ -3.673147596207347, 40.487380050669131 ], [ -3.673067594050011, 40.487900066369384 ], [ -3.672987591892675, 40.488330079352288 ], [ -3.672897589465672, 40.488720091127476 ], [ -3.67283758784767, 40.488950098071825 ], [ -3.672797586769002, 40.489090102298817 ], [ -3.672707584341999, 40.489370110752802 ], [ -3.672597581375662, 40.489680120112567 ], [ -3.672457577600324, 40.49002013037812 ], [ -3.67233757436432, 40.490270137926316 ], [ -3.672207570858649, 40.490530145776447 ], [ -3.672097567892312, 40.490740152116935 ], [ -3.671947563847307, 40.490980159363211 ], [ -3.671797559802302, 40.491210166307553 ], [ -3.671627555217963, 40.491440173251895 ], [ -3.67143755009429, 40.491680180498165 ], [ -3.671177543082948, 40.491960188952149 ], [ -3.670977537689608, 40.49216019499071 ], [ -3.67063752852093, 40.492470204350482 ], [ -3.670457523666924, 40.492620208879401 ], [ -3.670177516116248, 40.492860216125671 ], [ -3.670007511531909, 40.492990220050736 ], [ -3.66923749076755, 40.493610238770273 ], [ -3.668527471621193, 40.494160255376315 ], [ -3.667877454092838, 40.494670270774641 ], [ -3.667567445733161, 40.494920278322837 ], [ -3.667097433058812, 40.495290289494179 ], [ -3.666967429553141, 40.495390292513456 ], [ -3.666477416339458, 40.495780304288651 ], [ -3.665987403125775, 40.496170316063839 ], [ -3.66483737211407, 40.497100344143142 ], [ -3.664087351889045, 40.49772036286268 ], [ -3.66343733436069, 40.498260379166794 ], [ -3.662857318720004, 40.498760394263194 ], [ -3.66223730200065, 40.499350412076943 ], [ -3.661747288786967, 40.49988042807913 ], [ -3.661497282045292, 40.500160436533115 ], [ -3.661047269910277, 40.500670451931441 ], [ -3.660387252112255, 40.501450475481825 ], [ -3.660027242404243, 40.501890488766655 ], [ -3.659557229729894, 40.502470506278478 ], [ -3.659187219752215, 40.502950520771023 ], [ -3.659097217325212, 40.503080524696088 ], [ -3.658917212471206, 40.503340532546218 ], [ -3.658807209504869, 40.503510537678991 ], [ -3.658717207077866, 40.503670542509838 ], [ -3.658627204650863, 40.503850547944545 ], [ -3.658547202493527, 40.504020553077318 ], [ -3.658447199796857, 40.504220559115879 ], [ -3.658377197909188, 40.504400564550586 ], [ -3.658317196291186, 40.504610570891074 ], [ -3.658227193864183, 40.504960581458555 ], [ -3.658187192785515, 40.505220589308678 ], [ -3.658157191976514, 40.505500597762662 ], [ -3.658147191706847, 40.505830607726288 ], [ -3.658157191976514, 40.506190618595696 ], [ -3.658167192246181, 40.506590630672818 ], [ -3.658197193055182, 40.50700064305186 ], [ -3.658217193594516, 40.50741065543091 ], [ -3.658227193864183, 40.50758066056369 ], [ -3.65823719413385, 40.507770666300317 ], [ -3.658257194673184, 40.508000673244666 ], [ -3.658267194942851, 40.508190678981293 ], [ -3.658277195212518, 40.508390685019855 ], [ -3.658287195482185, 40.508590691058416 ], [ -3.658287195482185, 40.508770696493123 ], [ -3.658297195751852, 40.508990703135538 ], [ -3.658297195751852, 40.50913070736253 ], [ -3.658297195751852, 40.509320713099157 ], [ -3.658297195751852, 40.509380714910726 ], [ -3.658297195751852, 40.509460717326149 ], [ -3.658287195482185, 40.509600721553142 ], [ -3.658267194942851, 40.509760726383995 ], [ -3.658247194403517, 40.509920731214841 ], [ -3.658217193594516, 40.510100736649541 ], [ -3.658177192515848, 40.510310742990029 ], [ -3.658147191706847, 40.510450747217021 ], [ -3.658077189819178, 40.51068075416137 ], [ -3.658017188201176, 40.510870759897998 ], [ -3.657957186583174, 40.511020764426917 ], [ -3.657867184156171, 40.511230770767405 ], [ -3.657757181189834, 40.511470778013681 ], [ -3.657617177414496, 40.511720785561877 ], [ -3.657617177414496, 40.51171078525995 ], [ -3.656177138582448, 40.513090826926017 ], [ -3.65453709435706, 40.512780817566245 ], [ -3.652387036378655, 40.511430776805966 ], [ -3.652457038266324, 40.511110767144274 ], [ -3.652347035299987, 40.511120767446201 ], [ -3.652277033412318, 40.511120767446201 ], [ -3.652207031524649, 40.511120767446201 ], [ -3.652117029097646, 40.511120767446201 ], [ -3.651997025861642, 40.511110767144274 ], [ -3.651797020468302, 40.511080766238486 ], [ -3.651697017771632, 40.511060765634632 ], [ -3.651597015074962, 40.511050765332705 ], [ -3.650866995389271, 40.510980763219209 ], [ -3.650396982714922, 40.510930761709567 ], [ -3.649876968692238, 40.510880760199925 ], [ -3.649586960871895, 40.510850759294144 ], [ -3.649226951163883, 40.510820758388363 ], [ -3.649116948197546, 40.510810758086429 ], [ -3.649046946309877, 40.510800757784502 ], [ -3.648986944691875, 40.510790757482575 ], [ -3.648896942264872, 40.510770756878721 ], [ -3.648786939298535, 40.510740755972932 ], [ -3.648646935523197, 40.510690754463297 ], [ -3.648476930938858, 40.510620752349801 ], [ -3.648226924197183, 40.510520749330517 ], [ -3.648116921230846, 40.510480748122809 ], [ -3.648026918803843, 40.510440746915094 ], [ -3.647956916916174, 40.510410746009313 ], [ -3.647906915567839, 40.510380745103525 ], [ -3.64783691368017, 40.51033074359389 ], [ -3.647786912331835, 40.510290742386175 ], [ -3.647746911253167, 40.510260741480394 ], [ -3.647506904781159, 40.510050735139906 ], [ -3.647166895612481, 40.509660723364711 ], [ -3.646846886983137, 40.509350714004945 ], [ -3.646646881589797, 40.509160708268311 ], [ -3.646396874848122, 40.508920701022042 ], [ -3.646266871342451, 40.508800697398904 ], [ -3.646046865409777, 40.508600691360343 ], [ -3.645956862982774, 40.50852068894492 ], [ -3.645866860555771, 40.508440686529497 ], [ -3.645786858398435, 40.508380684717928 ], [ -3.645716856510766, 40.508340683510212 ], [ -3.645626854083763, 40.50828068169865 ], [ -3.645546851926427, 40.508240680490935 ], [ -3.645016837634076, 40.507980672640805 ], [ -3.644856833319404, 40.507900670225382 ], [ -3.644826832510403, 40.507910670527309 ], [ -3.644386820645055, 40.508070675358162 ], [ -3.644356819836054, 40.508130677169724 ], [ -3.644156814442714, 40.508070675358162 ], [ -3.643886807161705, 40.50802067384852 ], [ -3.64363680042003, 40.507980672640805 ], [ -3.643466795835691, 40.507950671735024 ], [ -3.643376793408688, 40.507940671433097 ], [ -3.643266790442351, 40.507950671735024 ], [ -3.643066785049011, 40.508010673546593 ], [ -3.642706775340999, 40.50811067656587 ], [ -3.642496769677992, 40.508160678075512 ], [ -3.642406767250989, 40.508180678679366 ], [ -3.64233676536332, 40.508190678981293 ], [ -3.642256763205984, 40.50820067928322 ], [ -3.642186761318315, 40.508210679585154 ], [ -3.642106759160979, 40.508210679585154 ], [ -3.642026757003643, 40.50820067928322 ], [ -3.641916754037306, 40.508190678981293 ], [ -3.641756749722634, 40.508170678377439 ], [ -3.641616745947296, 40.508160678075512 ], [ -3.641466741902291, 40.508150677773585 ], [ -3.641356738935954, 40.508140677471658 ], [ -3.641286737048285, 40.508120676867797 ], [ -3.641196734621282, 40.508090675962016 ], [ -3.641086731654945, 40.508060675056228 ], [ -3.641106732194279, 40.508010673546593 ], [ -3.639556690395894, 40.507890669923455 ], [ -3.633646531022697, 40.507830668111886 ], [ -3.633276521045018, 40.507660662979113 ], [ -3.633266520775351, 40.507680663582967 ], [ -3.633206519157349, 40.50767066328104 ], [ -3.633166518078681, 40.50767066328104 ], [ -3.633146517539347, 40.50767066328104 ], [ -3.633076515651678, 40.507680663582967 ], [ -3.63293651187634, 40.507730665092609 ], [ -3.632746506752667, 40.507820667809959 ], [ -3.632526500819993, 40.50793067113117 ], [ -3.632406497583989, 40.508010673546593 ], [ -3.632306494887319, 40.508080675660089 ], [ -3.632176491381648, 40.508140677471658 ], [ -3.632096489224312, 40.508170678377439 ], [ -3.631956485448974, 40.508210679585154 ], [ -3.631596475740962, 40.508360684114074 ], [ -3.631306467920619, 40.508390685019855 ], [ -3.631106462527279, 40.50843068622757 ], [ -3.63093645794294, 40.50843068622757 ], [ -3.630776453628268, 40.50843068622757 ], [ -3.630366442571921, 40.50843068622757 ], [ -3.62993643097624, 40.50843068622757 ], [ -3.629806427470569, 40.508420685925643 ], [ -3.629666423695231, 40.508400685321782 ], [ -3.629416416953556, 40.508370684416001 ], [ -3.629246412369217, 40.508350683812147 ], [ -3.629126409133213, 40.508340683510212 ], [ -3.629016406166876, 40.508340683510212 ], [ -3.628846401582537, 40.508350683812147 ], [ -3.6287363986162, 40.508350683812147 ], [ -3.628606395110529, 40.508360684114074 ], [ -3.628446390795857, 40.508370684416001 ], [ -3.628366388638521, 40.508370684416001 ], [ -3.628266385941851, 40.508380684717928 ], [ -3.628146382705847, 40.508410685623709 ], [ -3.628026379469843, 40.508450686831424 ], [ -3.627906376233839, 40.508490688039139 ], [ -3.627786372997835, 40.508550689850701 ], [ -3.627566367065161, 40.508680693775766 ], [ -3.627486364907825, 40.508720694983481 ], [ -3.627356361402154, 40.508750695889262 ], [ -3.627156356008814, 40.508830698304685 ], [ -3.626986351424475, 40.508900700418181 ], [ -3.626686343334465, 40.509030704343246 ], [ -3.626526339019793, 40.509100706456742 ], [ -3.626366334705121, 40.509160708268311 ], [ -3.62623633119945, 40.509200709476026 ], [ -3.625956323648774, 40.509280711891449 ], [ -3.62583632041277, 40.509320713099157 ], [ -3.625666315828431, 40.509330713401084 ], [ -3.62553631232276, 40.509340713703018 ], [ -3.625376308008088, 40.509360714306872 ], [ -3.625226303963083, 40.509390715212653 ], [ -3.625106300727079, 40.50940071551458 ], [ -3.625056299378744, 40.509410715816514 ], [ -3.624946296412407, 40.509370714608799 ], [ -3.624876294524738, 40.509350714004945 ], [ -3.624766291558401, 40.509320713099157 ], [ -3.624626287783063, 40.50931071279723 ], [ -3.624526285086393, 40.509300712495303 ], [ -3.624426282389723, 40.509290712193376 ], [ -3.624286278614385, 40.509260711287588 ], [ -3.624176275648048, 40.50922071007988 ], [ -3.624006271063709, 40.509160708268311 ], [ -3.623946269445707, 40.50913070736253 ], [ -3.623816265940036, 40.509080705852888 ], [ -3.623666261895031, 40.509020704041319 ], [ -3.623546258659027, 40.508990703135538 ], [ -3.623416255153356, 40.508970702531677 ], [ -3.623296251917352, 40.50896070222975 ], [ -3.623176248681348, 40.50896070222975 ], [ -3.623056245445344, 40.508970702531677 ], [ -3.622956242748674, 40.508980702833611 ], [ -3.622846239782337, 40.509010703739392 ], [ -3.622736236816, 40.509050704947107 ], [ -3.622576232501328, 40.509100706456742 ], [ -3.622496230343992, 40.50913070736253 ], [ -3.622386227377655, 40.509180708872165 ], [ -3.622296224950652, 40.50922071007988 ], [ -3.622176221714648, 40.509300712495303 ], [ -3.622086219287645, 40.509370714608799 ], [ -3.621966216051641, 40.509500718533864 ], [ -3.621856213085304, 40.509600721553142 ], [ -3.6217362098493, 40.509700724572426 ], [ -3.621656207691964, 40.509780726987849 ], [ -3.621596206073962, 40.509830728497491 ], [ -3.621556204995294, 40.509850729101345 ], [ -3.621426201489623, 40.509940731818695 ], [ -3.621376200141288, 40.509970732724483 ], [ -3.62133619906262, 40.509990733328337 ], [ -3.621276197444618, 40.510020734234118 ], [ -3.621196195287282, 40.510040734837979 ], [ -3.62113619366928, 40.510060735441833 ], [ -3.620986189624275, 40.510100736649541 ], [ -3.620876186657938, 40.510120737253402 ], [ -3.620776183961268, 40.510130737555329 ], [ -3.620666180994931, 40.510140737857256 ], [ -3.620506176680259, 40.51016073846111 ], [ -3.620306171286919, 40.510180739064971 ], [ -3.620126166432913, 40.510200739668825 ], [ -3.619916160769906, 40.510210739970752 ], [ -3.619746156185567, 40.510210739970752 ], [ -3.619616152679896, 40.510210739970752 ], [ -3.619486149174225, 40.510200739668825 ], [ -3.619346145398887, 40.510180739064971 ], [ -3.619146140005547, 40.510150738159183 ], [ -3.618946134612207, 40.510120737253402 ], [ -3.618796130567202, 40.510090736347614 ], [ -3.618706128140199, 40.510080736045687 ], [ -3.618576124634528, 40.51007073574376 ], [ -3.618456121398524, 40.510060735441833 ], [ -3.618356118701854, 40.510060735441833 ], [ -3.618226115196183, 40.51007073574376 ], [ -3.618126112499513, 40.510090736347614 ], [ -3.618016109533176, 40.510130737555329 ], [ -3.617876105757838, 40.510210739970752 ], [ -3.617706101173499, 40.510290742386175 ], [ -3.617576097667828, 40.510350744197744 ], [ -3.617456094431824, 40.510410746009313 ], [ -3.617346091465487, 40.510460747518948 ], [ -3.617246088768817, 40.510490748424736 ], [ -3.617146086072147, 40.510520749330517 ], [ -3.617046083375477, 40.510540749934378 ], [ -3.616956080948474, 40.510560750538232 ], [ -3.616846077982137, 40.510590751444013 ], [ -3.616676073397798, 40.510650753255582 ], [ -3.616486068274125, 40.510710755067151 ], [ -3.616366065038121, 40.510750756274867 ], [ -3.616296063150452, 40.510770756878721 ], [ -3.616076057217778, 40.51083075869029 ], [ -3.615946053712107, 40.510870759897998 ], [ -3.615786049397435, 40.510900760803786 ], [ -3.615606044543429, 40.510930761709567 ], [ -3.615506041846759, 40.510940762011494 ], [ -3.615386038610755, 40.510950762313421 ], [ -3.615226034296083, 40.510940762011494 ], [ -3.615106031060079, 40.510930761709567 ], [ -3.614946026745407, 40.510890760501859 ], [ -3.614776022161068, 40.510840758992217 ], [ -3.614546015958727, 40.510780757180648 ], [ -3.614466013801391, 40.510770756878721 ], [ -3.614376011374388, 40.510750756274867 ], [ -3.614286008947385, 40.510710755067151 ], [ -3.614246007868717, 40.51068075416137 ], [ -3.61423600759905, 40.510660753557509 ], [ -3.61423600759905, 40.510620752349801 ], [ -3.614276008677718, 40.510440746915094 ], [ -3.614276008677718, 40.510360744499671 ], [ -3.614256008138384, 40.510280742084248 ], [ -3.614226007329383, 40.510210739970752 ], [ -3.614196006520382, 40.51016073846111 ], [ -3.614166005711381, 40.510110736951475 ], [ -3.614116004363046, 40.510060735441833 ], [ -3.614026001936043, 40.50998073302641 ], [ -3.61393599950904, 40.509910730912914 ], [ -3.613755994655034, 40.509780726987849 ], [ -3.613605990610029, 40.509680723968565 ], [ -3.613445986295357, 40.509570720647361 ], [ -3.613295982250352, 40.509490718231937 ], [ -3.613125977666013, 40.509390715212653 ], [ -3.612975973621008, 40.50931071279723 ], [ -3.612855970385004, 40.509260711287588 ], [ -3.612665965261331, 40.509180708872165 ], [ -3.612525961485993, 40.509120707060596 ], [ -3.612405958249989, 40.509080705852888 ], [ -3.612265954474651, 40.509050704947107 ], [ -3.612095949890312, 40.509020704041319 ], [ -3.611825942609303, 40.508970702531677 ], [ -3.611705939373299, 40.50896070222975 ], [ -3.61153593478896, 40.508940701625896 ], [ -3.611455932631624, 40.508930701323969 ], [ -3.611395931013622, 40.508930701323969 ], [ -3.611305928586619, 40.508930701323969 ], [ -3.611205925889949, 40.508900700418181 ], [ -3.611085922653945, 40.508830698304685 ], [ -3.611015920766276, 40.50878069679505 ], [ -3.61083591591227, 40.508650692869985 ], [ -3.610655911058264, 40.508480687737205 ], [ -3.610445905395257, 40.508290682000577 ], [ -3.610275900810918, 40.508140677471658 ], [ -3.610125896765913, 40.507980672640805 ], [ -3.60993589164224, 40.507800667206105 ], [ -3.609605882743229, 40.507540659355975 ], [ -3.609385876810555, 40.507370654223202 ], [ -3.60913587006888, 40.507210649392349 ], [ -3.608815861439536, 40.506990642749933 ], [ -3.60853585388886, 40.506810637315233 ], [ -3.608245846068517, 40.506640632182453 ], [ -3.608025840135843, 40.506520628559322 ], [ -3.607825834742503, 40.506420625540038 ], [ -3.607555827461494, 40.506300621916907 ], [ -3.607155816674814, 40.506150617387981 ], [ -3.606975811820808, 40.506080615274485 ], [ -3.606805807236469, 40.505980612255208 ], [ -3.606645802921797, 40.505860608632069 ], [ -3.60653579995546, 40.505770605914719 ], [ -3.606445797528457, 40.505680603197369 ], [ -3.606355795101454, 40.505590600480012 ], [ -3.606295793483452, 40.505520598366516 ], [ -3.606255792404784, 40.505460596554954 ], [ -3.606205791056449, 40.505280591120247 ], [ -3.60613578916878, 40.505020583270117 ], [ -3.606095788090112, 40.504790576325775 ], [ -3.606065787281111, 40.504620571193001 ], [ -3.60603578647211, 40.504470566664082 ], [ -3.605985785123775, 40.504300561531302 ], [ -3.605945784045107, 40.504190558210098 ], [ -3.605875782157438, 40.504090555190814 ], [ -3.605785779730435, 40.503990552171537 ], [ -3.605685777033765, 40.503880548850326 ], [ -3.605665776494431, 40.503860548246472 ], [ -3.605565773797761, 40.503750544925261 ], [ -3.605425770022423, 40.503600540396342 ], [ -3.605265765707751, 40.503460536169349 ], [ -3.604965757617741, 40.503230529225007 ], [ -3.604805753303069, 40.503100525299942 ], [ -3.604655749258064, 40.503010522582592 ], [ -3.604665749527731, 40.503000522280665 ], [ -3.603355714201354, 40.501740484237736 ], [ -3.602805699369669, 40.501430474877971 ], [ -3.60283570017867, 40.50132047155676 ], [ -3.602415688852656, 40.501260469745191 ], [ -3.602345686964987, 40.501250469443264 ], [ -3.602305685886319, 40.501250469443264 ], [ -3.602285685346985, 40.501250469443264 ], [ -3.602275685077318, 40.501250469443264 ], [ -3.602265684807651, 40.501250469443264 ], [ -3.602255684537984, 40.501250469443264 ], [ -3.602245684268317, 40.501250469443264 ], [ -3.60223568399865, 40.501250469443264 ], [ -3.602225683728983, 40.501250469443264 ], [ -3.602215683459316, 40.501260469745191 ], [ -3.602205683189649, 40.501270470047118 ], [ -3.602205683189649, 40.501280470349045 ], [ -3.602185682650315, 40.501330471858687 ], [ -3.602175682380648, 40.501360472764475 ], [ -3.602165682110981, 40.501390473670256 ], [ -3.602145681571647, 40.501420474576037 ], [ -3.60213568130198, 40.501430474877971 ], [ -3.602115680762646, 40.501450475481825 ], [ -3.602095680223312, 40.501460475783752 ], [ -3.602075679683978, 40.501470476085679 ], [ -3.602055679144644, 40.501480476387606 ], [ -3.60203567860531, 40.501480476387606 ], [ -3.602005677796309, 40.501480476387606 ], [ -3.601945676178307, 40.501470476085679 ], [ -3.601905675099639, 40.501460475783752 ] ] ] } },
{ "type": "Feature", "properties": { "id_barrio": "08086", "nombre_barrio": "Valverde", "nombre_distrito": "Fuencarral - El Pardo", "area_km2": 8.985, "distancia_centro_km": 9.562, "lat_c": 40.500972635153097, "lon_c": -3.6787132970973517 }, "geometry": { "type": "Polygon", "coordinates": [ [ [ -3.657617177414496, 40.511720785561877 ], [ -3.657757181189834, 40.511470778013681 ], [ -3.657867184156171, 40.511230770767405 ], [ -3.657957186583174, 40.511020764426917 ], [ -3.658017188201176, 40.510870759897998 ], [ -3.658077189819178, 40.51068075416137 ], [ -3.658147191706847, 40.510450747217021 ], [ -3.658177192515848, 40.510310742990029 ], [ -3.658217193594516, 40.510100736649541 ], [ -3.658247194403517, 40.509920731214841 ], [ -3.658267194942851, 40.509760726383995 ], [ -3.658287195482185, 40.509600721553142 ], [ -3.658297195751852, 40.509460717326149 ], [ -3.658297195751852, 40.509380714910726 ], [ -3.658297195751852, 40.509320713099157 ], [ -3.658297195751852, 40.50913070736253 ], [ -3.658297195751852, 40.508990703135538 ], [ -3.658287195482185, 40.508770696493123 ], [ -3.658287195482185, 40.508590691058416 ], [ -3.658277195212518, 40.508390685019855 ], [ -3.658267194942851, 40.508190678981293 ], [ -3.658257194673184, 40.508000673244666 ], [ -3.65823719413385, 40.507770666300317 ], [ -3.658227193864183, 40.50758066056369 ], [ -3.658217193594516, 40.50741065543091 ], [ -3.658197193055182, 40.50700064305186 ], [ -3.658167192246181, 40.506590630672818 ], [ -3.658157191976514, 40.506190618595696 ], [ -3.658147191706847, 40.505830607726288 ], [ -3.658157191976514, 40.505500597762662 ], [ -3.658187192785515, 40.505220589308678 ], [ -3.658227193864183, 40.504960581458555 ], [ -3.658317196291186, 40.504610570891074 ], [ -3.658377197909188, 40.504400564550586 ], [ -3.658447199796857, 40.504220559115879 ], [ -3.658547202493527, 40.504020553077318 ], [ -3.658627204650863, 40.503850547944545 ], [ -3.658717207077866, 40.503670542509838 ], [ -3.658807209504869, 40.503510537678991 ], [ -3.658917212471206, 40.503340532546218 ], [ -3.659097217325212, 40.503080524696088 ], [ -3.659187219752215, 40.502950520771023 ], [ -3.659557229729894, 40.502470506278478 ], [ -3.660027242404243, 40.501890488766655 ], [ -3.660387252112255, 40.501450475481825 ], [ -3.661047269910277, 40.500670451931441 ], [ -3.661497282045292, 40.500160436533115 ], [ -3.661747288786967, 40.49988042807913 ], [ -3.66223730200065, 40.499350412076943 ], [ -3.662857318720004, 40.498760394263194 ], [ -3.66343733436069, 40.498260379166794 ], [ -3.664087351889045, 40.49772036286268 ], [ -3.66483737211407, 40.497100344143142 ], [ -3.665987403125775, 40.496170316063839 ], [ -3.666477416339458, 40.495780304288651 ], [ -3.666967429553141, 40.495390292513456 ], [ -3.667097433058812, 40.495290289494179 ], [ -3.667567445733161, 40.494920278322837 ], [ -3.667877454092838, 40.494670270774641 ], [ -3.668527471621193, 40.494160255376315 ], [ -3.66923749076755, 40.493610238770273 ], [ -3.670007511531909, 40.492990220050736 ], [ -3.670177516116248, 40.492860216125671 ], [ -3.670457523666924, 40.492620208879401 ], [ -3.67063752852093, 40.492470204350482 ], [ -3.670977537689608, 40.49216019499071 ], [ -3.671177543082948, 40.491960188952149 ], [ -3.67143755009429, 40.491680180498165 ], [ -3.671627555217963, 40.491440173251895 ], [ -3.671797559802302, 40.491210166307553 ], [ -3.671947563847307, 40.490980159363211 ], [ -3.672097567892312, 40.490740152116935 ], [ -3.672207570858649, 40.490530145776447 ], [ -3.67233757436432, 40.490270137926316 ], [ -3.672457577600324, 40.49002013037812 ], [ -3.672597581375662, 40.489680120112567 ], [ -3.672707584341999, 40.489370110752802 ], [ -3.672797586769002, 40.489090102298817 ], [ -3.67283758784767, 40.488950098071825 ], [ -3.672897589465672, 40.488720091127476 ], [ -3.672987591892675, 40.488330079352288 ], [ -3.673067594050011, 40.487900066369384 ], [ -3.673147596207347, 40.487380050669131 ], [ -3.673177597016348, 40.487160044026709 ], [ -3.673227598364683, 40.486690029836097 ], [ -3.67333760133102, 40.485559995718233 ], [ -3.673367602140021, 40.485199984848826 ], [ -3.673427603758023, 40.484499963713866 ], [ -3.673457604567024, 40.484059950429028 ], [ -3.674467631803391, 40.484029949523247 ], [ -3.674947644747407, 40.48401994922132 ], [ -3.675917670905106, 40.483999948617466 ], [ -3.676367683040121, 40.483979948013605 ], [ -3.676647690590797, 40.483969947711678 ], [ -3.677297708119152, 40.483939946805897 ], [ -3.677357709737154, 40.483939946805897 ], [ -3.677407711085489, 40.483939946805897 ], [ -3.677787721332835, 40.483919946202036 ], [ -3.678007727265509, 40.483899945598182 ], [ -3.67803772807451, 40.483899945598182 ], [ -3.678187732119515, 40.483889945296255 ], [ -3.678307735355519, 40.483879944994328 ], [ -3.678367736973521, 40.483869944692401 ], [ -3.67853774155786, 40.483849944088547 ], [ -3.678697745872532, 40.483829943484686 ], [ -3.679007754232209, 40.483779941975051 ], [ -3.679367763940221, 40.483709939861555 ], [ -3.680077783086578, 40.483549935030702 ], [ -3.68023778740125, 40.483509933822994 ], [ -3.680487794142925, 40.483449932011425 ], [ -3.680807802772269, 40.483359929294075 ], [ -3.680947806547607, 40.48331992808636 ], [ -3.681157812210614, 40.483259926274791 ], [ -3.681427819491623, 40.483179923859367 ], [ -3.681907832435639, 40.483039919632375 ], [ -3.682157839177314, 40.482969917518879 ], [ -3.683327870728353, 40.482569905441757 ], [ -3.683617878548696, 40.482479902724407 ], [ -3.68393788717804, 40.482389900007057 ], [ -3.684247895537717, 40.482319897893561 ], [ -3.684517902818726, 40.482279896685846 ], [ -3.684707907942399, 40.482269896383919 ], [ -3.684817910908736, 40.482259896081992 ], [ -3.684857911987404, 40.482259896081992 ], [ -3.685087918189745, 40.482269896383919 ], [ -3.685227921965083, 40.482289896987773 ], [ -3.685367925740421, 40.482459902120553 ], [ -3.685587931673095, 40.482629907253326 ], [ -3.685797937336102, 40.482749910876464 ], [ -3.686057944347444, 40.482849913895741 ], [ -3.686447954864457, 40.482949916915025 ], [ -3.687397980482822, 40.48316992355744 ], [ -3.688388007179855, 40.483439931709498 ], [ -3.689198029022882, 40.48375994137119 ], [ -3.689428035225223, 40.483849944088547 ], [ -3.689878047360238, 40.484029949523247 ], [ -3.689978050056908, 40.484069950730962 ], [ -3.690018051135576, 40.484089951334816 ], [ -3.690518064618926, 40.484289957373377 ], [ -3.69083807324827, 40.484419961298443 ], [ -3.69133808673162, 40.484619967336997 ], [ -3.691798099136302, 40.484809973073631 ], [ -3.692558119630994, 40.485109982131469 ], [ -3.692818126642336, 40.485209985150753 ], [ -3.693168136080681, 40.485349989377745 ], [ -3.693288139316685, 40.48539999088738 ], [ -3.693548146328027, 40.485499993906664 ], [ -3.693748151721367, 40.485579996322087 ], [ -3.694158162777714, 40.485740001152934 ], [ -3.694458170867724, 40.485860004776072 ], [ -3.694848181384737, 40.486010009304991 ], [ -3.695108188396079, 40.486130012928129 ], [ -3.695308193789419, 40.486230015947406 ], [ -3.695798207003102, 40.486500024099463 ], [ -3.696278219947118, 40.48683003406309 ], [ -3.696628229385463, 40.487120042819001 ], [ -3.697018239902476, 40.487500054292262 ], [ -3.69713824313848, 40.487630058217327 ], [ -3.697358249071154, 40.487890066067457 ], [ -3.697498252846492, 40.488110072709873 ], [ -3.697628256352163, 40.488320079050361 ], [ -3.697768260127501, 40.488600087504345 ], [ -3.697868262824171, 40.48882009414676 ], [ -3.697978265790508, 40.489110102902671 ], [ -3.698098269026512, 40.489480114074006 ], [ -3.698258273341184, 40.490060131585828 ], [ -3.698398277116522, 40.490810154230431 ], [ -3.698468279004191, 40.491190165703692 ], [ -3.698558281431194, 40.491760182913595 ], [ -3.698608282779529, 40.49198018955601 ], [ -3.698668284397531, 40.492180195594571 ], [ -3.698778287363868, 40.492440203444694 ], [ -3.698878290060538, 40.492640209483255 ], [ -3.699018293835876, 40.492880216729525 ], [ -3.699218299229216, 40.493150224881582 ], [ -3.699448305431557, 40.493420233033639 ], [ -3.69983831594857, 40.493850246016542 ], [ -3.700058321881244, 40.494090253262819 ], [ -3.700288328083585, 40.494340260811015 ], [ -3.700428331858923, 40.494520266245722 ], [ -3.700588336173595, 40.494780274095845 ], [ -3.700698339139932, 40.494980280134406 ], [ -3.700778341297268, 40.495160285569114 ], [ -3.700818342375936, 40.495290289494179 ], [ -3.700868343724271, 40.495470294928879 ], [ -3.700908344802939, 40.495700301873221 ], [ -3.700928345342273, 40.495970310025278 ], [ -3.700928345342273, 40.496190316667693 ], [ -3.700898344533272, 40.496420323612043 ], [ -3.700858343454604, 40.496630329952531 ], [ -3.700778341297268, 40.496880337500727 ], [ -3.700688338870265, 40.497100344143142 ], [ -3.70053833482526, 40.497360351993272 ], [ -3.700358329971254, 40.49763036014533 ], [ -3.700158324577914, 40.497920368901241 ], [ -3.699928318375573, 40.498230378261006 ], [ -3.699688311903565, 40.498500386413063 ], [ -3.699458305701224, 40.498720393055478 ], [ -3.69923829976855, 40.498900398490186 ], [ -3.698808288172869, 40.499190407246097 ], [ -3.69843827819519, 40.499430414492366 ], [ -3.698078268487178, 40.499660421436708 ], [ -3.697658257161164, 40.499960430494554 ], [ -3.697348248801487, 40.50021043804275 ], [ -3.697148243408147, 40.500400443779384 ], [ -3.696918237205806, 40.500640451025653 ], [ -3.696528226688793, 40.501090464612417 ], [ -3.696178217250448, 40.501500476991467 ], [ -3.693848154418037, 40.504270560625521 ], [ -3.692608120979329, 40.505760605612792 ], [ -3.692428116125323, 40.505970611953281 ], [ -3.692268111810651, 40.506160617689915 ], [ -3.691108080529279, 40.507550659657902 ], [ -3.690788071899935, 40.507920670829236 ], [ -3.690458063000924, 40.508290682000577 ], [ -3.68993804897824, 40.508890700116254 ], [ -3.689858046820904, 40.508970702531677 ], [ -3.689688042236565, 40.50913070736253 ], [ -3.689648041157897, 40.509160708268311 ], [ -3.689498037112892, 40.509290712193376 ], [ -3.688958022550874, 40.509660723364711 ], [ -3.68893802201154, 40.509670723666638 ], [ -3.688588012573195, 40.509880730007126 ], [ -3.688478009606858, 40.509950732120622 ], [ -3.688087999089845, 40.510140737857256 ], [ -3.687007969965809, 40.510660753557509 ], [ -3.686347952167787, 40.510500748726663 ], [ -3.68623794920145, 40.510480748122809 ], [ -3.68613794650478, 40.510470747820882 ], [ -3.686027943538443, 40.510470747820882 ], [ -3.68593794111144, 40.510480748122809 ], [ -3.685847938684437, 40.510490748424736 ], [ -3.685747935987767, 40.510520749330517 ], [ -3.68563793302143, 40.510570750840159 ], [ -3.685517929785426, 40.510640752953655 ], [ -3.684767909560401, 40.51127077197512 ], [ -3.684267896077051, 40.511680784354169 ], [ -3.684077890953378, 40.511830788883088 ], [ -3.683927886908373, 40.511940792204292 ], [ -3.683707880975699, 40.512060795827431 ], [ -3.683467874503691, 40.512170799148642 ], [ -3.683207867492349, 40.512260801865992 ], [ -3.682717854278666, 40.512400806092984 ], [ -3.682297842952652, 40.512500809112261 ], [ -3.679017754501876, 40.513270832360718 ], [ -3.677917724838506, 40.51358084172049 ], [ -3.677647717557497, 40.513650843833986 ], [ -3.675657663893764, 40.514120858024597 ], [ -3.675387656612755, 40.51420086044002 ], [ -3.675197651489082, 40.514270862553516 ], [ -3.674987645826075, 40.514350864968947 ], [ -3.674647636657397, 40.514500869497866 ], [ -3.67353760672436, 40.514990884292338 ], [ -3.671397549015622, 40.515950913277422 ], [ -3.670207516925249, 40.51642092746804 ], [ -3.669747504520567, 40.516590932600813 ], [ -3.669347493733887, 40.516760937733594 ], [ -3.668957483216874, 40.516960943772155 ], [ -3.668577472969528, 40.51718095041457 ], [ -3.668317465958186, 40.517340955245416 ], [ -3.667987457059175, 40.517570962189758 ], [ -3.667597446542162, 40.517850970643742 ], [ -3.667057431980144, 40.518240982418938 ], [ -3.666587419305795, 40.518540991476776 ], [ -3.666327412294453, 40.518690996005695 ], [ -3.666017403934776, 40.518851000836541 ], [ -3.665607392878429, 40.519021005969321 ], [ -3.664087351889045, 40.519571022575363 ], [ -3.663347331933687, 40.519841030727413 ], [ -3.662867318989671, 40.520041036765974 ], [ -3.661467281236291, 40.51727095313192 ], [ -3.659157218943214, 40.513600842324344 ], [ -3.659127218134213, 40.513490839003133 ], [ -3.658597203841862, 40.511670784052242 ], [ -3.657887184695505, 40.511460777711754 ], [ -3.657617177414496, 40.511720785561877 ] ] ] } },
{ "type": "Feature", "properties": { "id_barrio": "08087", "nombre_barrio": "Mirasierra", "nombre_distrito": "Fuencarral - El Pardo", "area_km2": 6.983, "distancia_centro_km": 9.107, "lat_c": 40.498254346533685, "lon_c": -3.7179103944538738 }, "geometry": { "type": "Polygon", "coordinates": [ [ [ -3.696188217520115, 40.501510477293394 ], [ -3.696528226688793, 40.501090464612417 ], [ -3.696918237205806, 40.500640451025653 ], [ -3.697148243408147, 40.500400443779384 ], [ -3.697348248801487, 40.50021043804275 ], [ -3.697658257161164, 40.499960430494554 ], [ -3.698078268487178, 40.499660421436708 ], [ -3.69843827819519, 40.499430414492366 ], [ -3.698808288172869, 40.499190407246097 ], [ -3.69923829976855, 40.498900398490186 ], [ -3.699458305701224, 40.498720393055478 ], [ -3.699688311903565, 40.498500386413063 ], [ -3.699928318375573, 40.498230378261006 ], [ -3.700158324577914, 40.497920368901241 ], [ -3.700358329971254, 40.49763036014533 ], [ -3.70053833482526, 40.497360351993272 ], [ -3.700688338870265, 40.497100344143142 ], [ -3.700778341297268, 40.496880337500727 ], [ -3.700858343454604, 40.496630329952531 ], [ -3.700898344533272, 40.496420323612043 ], [ -3.700928345342273, 40.496190316667693 ], [ -3.700928345342273, 40.495970310025278 ], [ -3.700908344802939, 40.495700301873221 ], [ -3.700868343724271, 40.495470294928879 ], [ -3.700818342375936, 40.495290289494179 ], [ -3.700778341297268, 40.495160285569114 ], [ -3.700698339139932, 40.494980280134406 ], [ -3.700588336173595, 40.494780274095845 ], [ -3.700428331858923, 40.494520266245722 ], [ -3.700288328083585, 40.494340260811015 ], [ -3.700058321881244, 40.494090253262819 ], [ -3.69983831594857, 40.493850246016542 ], [ -3.699448305431557, 40.493420233033639 ], [ -3.699218299229216, 40.493150224881582 ], [ -3.699018293835876, 40.492880216729525 ], [ -3.698878290060538, 40.492640209483255 ], [ -3.698778287363868, 40.492440203444694 ], [ -3.698668284397531, 40.492180195594571 ], [ -3.698608282779529, 40.49198018955601 ], [ -3.698558281431194, 40.491760182913595 ], [ -3.698468279004191, 40.491190165703692 ], [ -3.698398277116522, 40.490810154230431 ], [ -3.698248273071517, 40.490090132491616 ], [ -3.698818288442536, 40.48993012766077 ], [ -3.70093834561194, 40.489300108639306 ], [ -3.701168351814281, 40.489200105620021 ], [ -3.701348356668287, 40.489120103204598 ], [ -3.70153836179196, 40.489030100487248 ], [ -3.701658365027964, 40.488960098373752 ], [ -3.701828369612303, 40.488850095052541 ], [ -3.701978373657308, 40.488760092335191 ], [ -3.702428385792323, 40.48847008357928 ], [ -3.702708393342999, 40.488280077842646 ], [ -3.702888398197005, 40.488180074823369 ], [ -3.703198406556682, 40.48803007029445 ], [ -3.703378411410688, 40.487950067879027 ], [ -3.703588417073695, 40.487870065463596 ], [ -3.704188433253715, 40.487690060028896 ], [ -3.704278435680718, 40.487660059123108 ], [ -3.704708447276399, 40.48753005519805 ], [ -3.707388519547155, 40.486750031647667 ], [ -3.707718528446166, 40.486640028326455 ], [ -3.707998535996842, 40.48651002440139 ], [ -3.708158540311514, 40.48642002168404 ], [ -3.708288543817185, 40.486340019268617 ], [ -3.708428547592523, 40.486260016853194 ], [ -3.708558551098194, 40.486170014135837 ], [ -3.708668554064531, 40.486090011720414 ], [ -3.708718555412866, 40.486050010512706 ], [ -3.70893856134554, 40.485860004776072 ], [ -3.709308571323219, 40.485579996322087 ], [ -3.709418574289556, 40.485509994208591 ], [ -3.70953857752556, 40.485429991793168 ], [ -3.709658580761564, 40.485359989679672 ], [ -3.709798584536902, 40.485279987264249 ], [ -3.710218595862916, 40.485059980621834 ], [ -3.711998643863642, 40.483869944692401 ], [ -3.712028644672643, 40.483849944088547 ], [ -3.712098646560312, 40.483809942880832 ], [ -3.712158648178314, 40.483779941975051 ], [ -3.712198649256982, 40.48375994137119 ], [ -3.712298651953652, 40.483699939559621 ], [ -3.712418655189656, 40.483639937748059 ], [ -3.712528658155993, 40.483589936238417 ], [ -3.712588659773995, 40.483559935332629 ], [ -3.712618660582996, 40.483549935030702 ], [ -3.712648661391997, 40.483539934728775 ], [ -3.712808665706669, 40.483479932917206 ], [ -3.712848666785337, 40.483469932615279 ], [ -3.712908668403339, 40.483449932011425 ], [ -3.712978670291008, 40.483429931407571 ], [ -3.712998670830342, 40.483419931105637 ], [ -3.713118674066346, 40.483379929897929 ], [ -3.713178675684348, 40.483359929294075 ], [ -3.713298678920352, 40.483329928388287 ], [ -3.713458683235024, 40.483289927180579 ], [ -3.713578686471028, 40.483259926274791 ], [ -3.713698689707032, 40.48322992536901 ], [ -3.713828693212703, 40.483199924463221 ], [ -3.71393869617904, 40.483179923859367 ], [ -3.714078699954378, 40.483149922953586 ], [ -3.714178702651048, 40.483129922349725 ], [ -3.714228703999383, 40.483109921745871 ], [ -3.714408708853389, 40.48307992084009 ], [ -3.714958723685074, 40.483509933822994 ], [ -3.715228730966083, 40.483719940163482 ], [ -3.715268732044751, 40.483749941069263 ], [ -3.715388735280755, 40.483839943786613 ], [ -3.715578740404428, 40.48401994922132 ], [ -3.715628741752763, 40.484059950429028 ], [ -3.715708743910099, 40.484139952844458 ], [ -3.715758745258434, 40.484189954354093 ], [ -3.715818746876436, 40.484249956165662 ], [ -3.715988751460775, 40.484439961902297 ], [ -3.716108754696779, 40.484589966431216 ], [ -3.716198757123782, 40.484709970054354 ], [ -3.71623875820245, 40.48477997216785 ], [ -3.716258758741784, 40.484819973375558 ], [ -3.716318760359786, 40.484939976998696 ], [ -3.71633876089912, 40.484969977904477 ], [ -3.716408762786789, 40.485119982433403 ], [ -3.716458764135124, 40.485249986358461 ], [ -3.716498765213792, 40.485389990585453 ], [ -3.716528766022793, 40.485509994208591 ], [ -3.716578767371128, 40.485760001756795 ], [ -3.718968831821541, 40.485659998737511 ], [ -3.719828855012903, 40.48562999783173 ], [ -3.720108862563579, 40.485619997529803 ], [ -3.722688932137665, 40.485539995114372 ], [ -3.725269001711751, 40.485549995416307 ], [ -3.727559063465494, 40.485559995718233 ], [ -3.727749068589167, 40.485589996624014 ], [ -3.727829070746503, 40.485619997529803 ], [ -3.728969101488541, 40.486000009003064 ], [ -3.731749176455967, 40.486890035874659 ], [ -3.73203918427631, 40.486970038290082 ], [ -3.73213918697298, 40.486950037686221 ], [ -3.732249189939317, 40.486940037384294 ], [ -3.732329192096653, 40.486940037384294 ], [ -3.732399193984322, 40.486960037988155 ], [ -3.732429194793323, 40.486990038893936 ], [ -3.732509196950659, 40.487050040705505 ], [ -3.732549198029327, 40.487080041611286 ], [ -3.732619199916996, 40.487150043724782 ], [ -3.732729202883333, 40.487230046140205 ], [ -3.732819205310336, 40.487290047951774 ], [ -3.732999210164342, 40.487370050367197 ], [ -3.733289217984685, 40.487480053688408 ], [ -3.733549224996027, 40.487610057613473 ], [ -3.733819232277036, 40.487760062142392 ], [ -3.734229243333383, 40.487890066067457 ], [ -3.734449249266057, 40.488050070898304 ], [ -3.734689255738065, 40.488370080560003 ], [ -3.734909261670739, 40.488610087806272 ], [ -3.735059265715744, 40.488710090825549 ], [ -3.735299272187752, 40.488800093542906 ], [ -3.735599280277762, 40.488950098071825 ], [ -3.735889288098105, 40.489010099883394 ], [ -3.736169295648781, 40.48908010199689 ], [ -3.736399301851122, 40.489140103808452 ], [ -3.736579306705128, 40.489200105620021 ], [ -3.736719310480466, 40.489270107733518 ], [ -3.736829313446803, 40.48932010924316 ], [ -3.737149322076147, 40.489430112564371 ], [ -3.737499331514492, 40.489540115885575 ], [ -3.737679336368498, 40.489620118300998 ], [ -3.737969344188841, 40.489840124943413 ], [ -3.738069346885511, 40.489880126151128 ], [ -3.739979398391908, 40.490620148493797 ], [ -3.739379382211888, 40.491170165099838 ], [ -3.73903937304321, 40.491850185630945 ], [ -3.7387393649532, 40.492460204048548 ], [ -3.738589360908195, 40.492760213106394 ], [ -3.738409356054189, 40.493120223975801 ], [ -3.738349354436187, 40.493240227598939 ], [ -3.738209350660849, 40.49353023635485 ], [ -3.738199350391182, 40.493550236958704 ], [ -3.738049346346177, 40.493840245714615 ], [ -3.738029345806843, 40.493870246620396 ], [ -3.738019345537176, 40.49388024692233 ], [ -3.738009345267509, 40.493890247224257 ], [ -3.737999344997842, 40.493900247526184 ], [ -3.737979344458508, 40.493950249035827 ], [ -3.737909342570839, 40.494100253564746 ], [ -3.737859341222504, 40.494190256282096 ], [ -3.737809339874169, 40.494300259603307 ], [ -3.737759338525834, 40.494400262622584 ], [ -3.737709337177499, 40.494500265641861 ], [ -3.73763933528983, 40.494630269566926 ], [ -3.737569333402161, 40.494780274095845 ], [ -3.737499331514492, 40.49491027802091 ], [ -3.737449330166157, 40.495020281342121 ], [ -3.737399328817822, 40.495130284663325 ], [ -3.737349327469487, 40.495240287984537 ], [ -3.737229324233483, 40.495490295532733 ], [ -3.737169322615481, 40.495620299457798 ], [ -3.737119321267146, 40.495720302477082 ], [ -3.736929316143473, 40.496080313346489 ], [ -3.736849313986137, 40.496230317875408 ], [ -3.736749311289467, 40.496420323612043 ], [ -3.736649308592797, 40.496630329952531 ], [ -3.736559306165794, 40.496810335387231 ], [ -3.736509304817459, 40.496910338406515 ], [ -3.736449303199457, 40.497040342331573 ], [ -3.736429302660123, 40.497080343539288 ], [ -3.736319299693786, 40.497320350785557 ], [ -3.736209296727449, 40.497610359541468 ], [ -3.736169295648781, 40.497710362560753 ], [ -3.736159295379114, 40.497750363768461 ], [ -3.735869287558771, 40.498520387016917 ], [ -3.735399274884422, 40.499790425361773 ], [ -3.734849260052737, 40.501260469745191 ], [ -3.734509250884059, 40.502170497220639 ], [ -3.733969236322041, 40.502560508995835 ], [ -3.733649227692697, 40.502790515940177 ], [ -3.733059211782344, 40.50322052892308 ], [ -3.732699202074332, 40.50348053677321 ], [ -3.732309191557319, 40.503910549756114 ], [ -3.732359192905654, 40.504270560625521 ], [ -3.732369193175321, 40.504320562135156 ], [ -3.732379193444988, 40.504370563644798 ], [ -3.732389193714655, 40.504410564852513 ], [ -3.732389193714655, 40.504450566060221 ], [ -3.732389193714655, 40.504480566966009 ], [ -3.732389193714655, 40.50451056787179 ], [ -3.732389193714655, 40.504540568777578 ], [ -3.732399193984322, 40.504580569985286 ], [ -3.732399193984322, 40.504610570891074 ], [ -3.732399193984322, 40.504640571796855 ], [ -3.732399193984322, 40.504670572702636 ], [ -3.732409194253989, 40.504710573910351 ], [ -3.732409194253989, 40.504740574816132 ], [ -3.732419194523656, 40.504790576325775 ], [ -3.732429194793323, 40.504840577835417 ], [ -3.73243919506299, 40.504890579345059 ], [ -3.73243919506299, 40.504900579646986 ], [ -3.732449195332657, 40.504950581156621 ], [ -3.732459195602324, 40.504990582364336 ], [ -3.732469195871991, 40.505020583270117 ], [ -3.732479196141658, 40.505050584175905 ], [ -3.732489196411325, 40.505080585081686 ], [ -3.732499196680992, 40.505120586289401 ], [ -3.732509196950659, 40.505160587497109 ], [ -3.732519197220326, 40.505200588704824 ], [ -3.732519197220326, 40.505210589006751 ], [ -3.732529197489993, 40.505240589912539 ], [ -3.73253919775966, 40.505290591422174 ], [ -3.732549198029327, 40.505330592629889 ], [ -3.732549198029327, 40.505340592931816 ], [ -3.732719202613666, 40.505790606518573 ], [ -3.732719202613666, 40.5058006068205 ], [ -3.732729202883333, 40.505850608330142 ], [ -3.732739203153, 40.505900609839784 ], [ -3.732739203153, 40.505920610443638 ], [ -3.732809205040669, 40.506340623124615 ], [ -3.733099212861012, 40.506410625238111 ], [ -3.732999210164342, 40.507020643655721 ], [ -3.732899207467672, 40.507150647580787 ], [ -3.732929208276673, 40.507200649090422 ], [ -3.732999210164342, 40.50732065271356 ], [ -3.733279217715018, 40.507430656034771 ], [ -3.733429221760023, 40.507450656638625 ], [ -3.733469222838691, 40.507460656940552 ], [ -3.733599226344362, 40.507500658148267 ], [ -3.733699229041032, 40.507530659054048 ], [ -3.733879233895038, 40.507590660865617 ], [ -3.733919234973706, 40.507600661167544 ], [ -3.734029237940043, 40.507640662375259 ], [ -3.734099239827712, 40.507660662979113 ], [ -3.734409248187389, 40.50776066599839 ], [ -3.734449249266057, 40.507700664186821 ], [ -3.734489250344725, 40.507640662375259 ], [ -3.734519251153726, 40.507590660865617 ], [ -3.734559252232394, 40.507530659054048 ], [ -3.734579252771728, 40.507490657846333 ], [ -3.734619253850396, 40.507430656034771 ], [ -3.734649254659397, 40.507380654525129 ], [ -3.734689255738065, 40.507310652411633 ], [ -3.734709256277399, 40.507270651203918 ], [ -3.7347392570864, 40.50723064999621 ], [ -3.734769257895401, 40.507190648788495 ], [ -3.734799258704402, 40.507150647580787 ], [ -3.734829259513403, 40.507100646071144 ], [ -3.734969263288741, 40.506880639428729 ], [ -3.735109267064079, 40.506920640636437 ], [ -3.735249270839417, 40.506960641844152 ], [ -3.73533927326642, 40.506990642749933 ], [ -3.735509277850759, 40.507040644259575 ], [ -3.735709283244099, 40.507090645769217 ], [ -3.735889288098105, 40.507140647278852 ], [ -3.736129294570113, 40.507210649392349 ], [ -3.736379301311788, 40.507280651505845 ], [ -3.736489304278125, 40.507310652411633 ], [ -3.736629308053463, 40.507350653619341 ], [ -3.736779312098468, 40.507390654827056 ], [ -3.736849313986137, 40.50741065543091 ], [ -3.736989317761475, 40.507450656638625 ], [ -3.737089320458145, 40.507480657544406 ], [ -3.73713932180648, 40.507490657846333 ], [ -3.737289325851485, 40.507540659355975 ], [ -3.737419329357156, 40.50758066056369 ], [ -3.737599334211162, 40.507630662073325 ], [ -3.737769338795501, 40.507680663582967 ], [ -3.737829340413503, 40.507700664186821 ], [ -3.737959343919174, 40.507740665394536 ], [ -3.738089347424845, 40.507780666602251 ], [ -3.738209350660849, 40.507810667508032 ], [ -3.738289352818185, 40.507830668111886 ], [ -3.738389355514855, 40.507860669017674 ], [ -3.738549359829527, 40.507910670527309 ], [ -3.738669363065531, 40.507950671735024 ], [ -3.738799366571202, 40.507990672942732 ], [ -3.738959370885874, 40.508030674150447 ], [ -3.739069373852211, 40.508060675056228 ], [ -3.739209377627549, 40.508100676263943 ], [ -3.739499385447892, 40.508190678981293 ], [ -3.739729391650233, 40.508260681094789 ], [ -3.73993939731324, 40.508320682906358 ], [ -3.74093942427994, 40.508620691964197 ], [ -3.74113942967328, 40.508680693775766 ], [ -3.741289433718285, 40.508720694983481 ], [ -3.741379436145288, 40.508750695889262 ], [ -3.74203945394331, 40.508950701927823 ], [ -3.741989452594975, 40.509020704041319 ], [ -3.741969452055641, 40.509060705249034 ], [ -3.741949451516307, 40.509090706154815 ], [ -3.741929450976973, 40.509120707060596 ], [ -3.741909450437639, 40.509160708268311 ], [ -3.741879449628638, 40.509200709476026 ], [ -3.741859449089304, 40.509230710381807 ], [ -3.74183944854997, 40.509260711287588 ], [ -3.741819448010636, 40.509290712193376 ], [ -3.741799447471302, 40.509320713099157 ], [ -3.741769446662301, 40.509370714608799 ], [ -3.741759446392634, 40.509390715212653 ], [ -3.741749446122967, 40.509410715816514 ], [ -3.741729445583633, 40.509440716722295 ], [ -3.741699444774632, 40.50948071793001 ], [ -3.741679444235298, 40.509520719137718 ], [ -3.741649443426297, 40.509560720345434 ], [ -3.741629442886963, 40.509600721553142 ], [ -3.741549440729627, 40.509730725478207 ], [ -3.741529440190293, 40.509770726685922 ], [ -3.741509439650959, 40.50981072789363 ], [ -3.741489439111625, 40.509850729101345 ], [ -3.741419437223956, 40.509970732724483 ], [ -3.741399436684622, 40.510000733630264 ], [ -3.741379436145288, 40.510040734837979 ], [ -3.741359435605954, 40.51007073574376 ], [ -3.741349435336287, 40.510090736347614 ], [ -3.74133943506662, 40.510100736649541 ], [ -3.741299433987952, 40.510170738763037 ], [ -3.741279433448618, 40.510210739970752 ], [ -3.741259432909284, 40.510240740876533 ], [ -3.741199431291282, 40.510340743895817 ], [ -3.741169430482281, 40.510380745103525 ], [ -3.741149429942947, 40.51042074631124 ], [ -3.741119429133946, 40.510470747820882 ], [ -3.741089428324945, 40.510520749330517 ], [ -3.741069427785611, 40.510550750236305 ], [ -3.741059427515944, 40.510570750840159 ], [ -3.741029426706943, 40.510620752349801 ], [ -3.741009426167609, 40.510660753557509 ], [ -3.740989425628275, 40.510700754765224 ], [ -3.740969425088941, 40.510740755972932 ], [ -3.740959424819274, 40.510750756274867 ], [ -3.740949424549607, 40.510760756576794 ], [ -3.740919423740606, 40.510800757784502 ], [ -3.740879422661938, 40.510870759897998 ], [ -3.740859422122604, 40.510900760803786 ], [ -3.74083942158327, 40.510940762011494 ], [ -3.740799420504602, 40.511000763823063 ], [ -3.740769419695601, 40.511060765634632 ], [ -3.7407394188866, 40.511100766842347 ], [ -3.740649416459597, 40.511250771371266 ], [ -3.739689390571565, 40.512870820283602 ], [ -3.739409383020889, 40.513260832058791 ], [ -3.739129375470213, 40.513180829643368 ], [ -3.737969344188841, 40.512770817264318 ], [ -3.736919315873806, 40.512390805791057 ], [ -3.73663930832313, 40.512270802167919 ], [ -3.736469303738791, 40.512170799148642 ], [ -3.732629200186663, 40.509580720949288 ], [ -3.732429194793323, 40.509460717326149 ], [ -3.732289191017985, 40.50940071551458 ], [ -3.732079185354978, 40.509330713401084 ], [ -3.731959182118974, 40.509290712193376 ], [ -3.731829178613303, 40.509260711287588 ], [ -3.731069158118611, 40.509110706758669 ], [ -3.730059130882244, 40.508910700720115 ], [ -3.728359085038854, 40.508580690756489 ], [ -3.727089050791145, 40.508330683208285 ], [ -3.726899045667472, 40.50828068169865 ], [ -3.7267390413528, 40.508220679887081 ], [ -3.72663903865613, 40.508160678075512 ], [ -3.726549036229127, 40.508100676263943 ], [ -3.726099024094112, 40.507700664186821 ], [ -3.725969020588441, 40.507600661167544 ], [ -3.725889018431105, 40.507550659657902 ], [ -3.724618984183396, 40.506810637315233 ], [ -3.724498980947392, 40.506760635805591 ], [ -3.724388977981055, 40.506720634597876 ], [ -3.724268974745051, 40.506690633692095 ], [ -3.724128970969713, 40.506680633390168 ], [ -3.723388951014355, 40.506620631578599 ], [ -3.723068942385011, 40.506590630672818 ], [ -3.722758934025334, 40.506540629163176 ], [ -3.721958912451974, 40.50638062433233 ], [ -3.72163890382263, 40.506310622218834 ], [ -3.721328895462953, 40.506240620105338 ], [ -3.721118889799946, 40.506180618293769 ], [ -3.720888883597605, 40.506090615576419 ], [ -3.720488872810925, 40.505900609839784 ], [ -3.719908857170239, 40.505590600480012 ], [ -3.719068834518211, 40.505170587799043 ], [ -3.718128809169513, 40.504780576023848 ], [ -3.717558793798494, 40.504550569079505 ], [ -3.717058780315144, 40.504370563644798 ], [ -3.715458737168424, 40.503870548548399 ], [ -3.715128728269413, 40.503760545227195 ], [ -3.714888721797405, 40.503670542509838 ], [ -3.714498711280392, 40.503530538282845 ], [ -3.714148701842047, 40.503390534055853 ], [ -3.713808692673369, 40.503300531338503 ], [ -3.713668688898031, 40.503270530432722 ], [ -3.713168675414681, 40.50322052892308 ], [ -3.712668661931331, 40.503300531338503 ], [ -3.712198649256982, 40.503550538886707 ], [ -3.711928641975973, 40.503650541905984 ], [ -3.711648634425297, 40.50372054401948 ], [ -3.711398627683622, 40.503750544925261 ], [ -3.711168621481281, 40.503770545529122 ], [ -3.710898614200272, 40.503760545227195 ], [ -3.709688581570565, 40.503690543113699 ], [ -3.706878505794138, 40.503540538584772 ], [ -3.706858505254804, 40.503540538584772 ], [ -3.704718447546066, 40.503430535263568 ], [ -3.704708447276399, 40.503430535263568 ], [ -3.702478387140658, 40.503300531338503 ], [ -3.70133835639862, 40.503250529828861 ], [ -3.700488333476925, 40.503250529828861 ], [ -3.699868316757571, 40.503280530734649 ], [ -3.699088295723545, 40.503410534659714 ], [ -3.698248273071517, 40.503670542509838 ], [ -3.697668257430831, 40.502670512317039 ], [ -3.697658257161164, 40.502650511713185 ], [ -3.697388249880155, 40.502360502957274 ], [ -3.697028240172143, 40.502080494503289 ], [ -3.696188217520115, 40.501510477293394 ] ] ] } },
{ "type": "Feature", "properties": { "id_barrio": "08088", "nombre_barrio": "El Goloso", "nombre_distrito": "Fuencarral - El Pardo", "area_km2": 26.484, "distancia_centro_km": 13.716, "lat_c": 40.540125502479015, "lon_c": -3.6907633306392924 }, "geometry": { "type": "Polygon", "coordinates": [ [ [ -3.701588363140295, 40.578532802742849 ], [ -3.701488360443625, 40.578442800025499 ], [ -3.701488360443625, 40.578222793383077 ], [ -3.701428358825623, 40.578222793383077 ], [ -3.701318355859286, 40.578222793383077 ], [ -3.700948345881607, 40.578222793383077 ], [ -3.700778341297268, 40.578222793383077 ], [ -3.700508334016259, 40.578222793383077 ], [ -3.700268327544251, 40.578222793383077 ], [ -3.700188325386915, 40.578222793383077 ], [ -3.700168324847581, 40.57821279308115 ], [ -3.700068322150911, 40.578172791873442 ], [ -3.700028321072243, 40.578152791269581 ], [ -3.699948318914907, 40.5781227903638 ], [ -3.699858316487904, 40.578062788552231 ], [ -3.699788314600235, 40.578022787344523 ], [ -3.699658311094564, 40.577942784929093 ], [ -3.699398304083222, 40.577762779494392 ], [ -3.699278300847218, 40.577672776777042 ], [ -3.699198298689882, 40.577612774965473 ], [ -3.699188298420215, 40.577602774663546 ], [ -3.699158297611214, 40.577582774059685 ], [ -3.699048294644877, 40.577492771342335 ], [ -3.698998293296542, 40.577442769832693 ], [ -3.698918291139206, 40.57736276741727 ], [ -3.698778287363868, 40.577212762888351 ], [ -3.6987382862852, 40.577172761680643 ], [ -3.698668284397531, 40.577122760171001 ], [ -3.698588282240195, 40.577072758661359 ], [ -3.698448278464857, 40.576992756245936 ], [ -3.698358276037854, 40.576942754736294 ], [ -3.69823827280185, 40.576872752622798 ], [ -3.698188271453515, 40.576842751717017 ], [ -3.698128269835513, 40.576802750509302 ], [ -3.698068268217511, 40.576732748395806 ], [ -3.697998266329842, 40.576642745678456 ], [ -3.697858262554504, 40.576462740243748 ], [ -3.697788260666835, 40.576372737526398 ], [ -3.697718258779166, 40.576312735714829 ], [ -3.697658257161164, 40.576272734507121 ], [ -3.69753825392516, 40.576172731487837 ], [ -3.697428250958823, 40.576082728770487 ], [ -3.697358249071154, 40.576032727260845 ], [ -3.697258246374484, 40.575952724845422 ], [ -3.697228245565483, 40.575922723939641 ], [ -3.697228245565483, 40.575832721222291 ], [ -3.697228245565483, 40.575692716995299 ], [ -3.697228245565483, 40.575652715787584 ], [ -3.697228245565483, 40.575592713976015 ], [ -3.697228245565483, 40.575572713372161 ], [ -3.697228245565483, 40.575542712466373 ], [ -3.697208245026149, 40.575412708541315 ], [ -3.697188244486815, 40.575302705220103 ], [ -3.697188244486815, 40.575282704616249 ], [ -3.697178244217148, 40.575252703710461 ], [ -3.697168243947481, 40.57522270280468 ], [ -3.697148243408147, 40.575162700993111 ], [ -3.697118242599146, 40.575102699181542 ], [ -3.697068241250811, 40.574982695558404 ], [ -3.697018239902476, 40.574862691935273 ], [ -3.696988239093475, 40.574792689821777 ], [ -3.696948238014807, 40.574742688312135 ], [ -3.696918237205806, 40.574712687406354 ], [ -3.696868235857471, 40.574672686198639 ], [ -3.696798233969802, 40.57461268438707 ], [ -3.69643822426179, 40.574342676235013 ], [ -3.69633822156512, 40.57426267381959 ], [ -3.696258219407784, 40.574212672309955 ], [ -3.696218218329116, 40.574182671404166 ], [ -3.696078214553778, 40.57411266929067 ], [ -3.695448197564757, 40.573832660836686 ], [ -3.694988185160075, 40.573642655100059 ], [ -3.69493818381174, 40.573622654496198 ], [ -3.694908183002739, 40.573602653892344 ], [ -3.694888182463405, 40.573592653590417 ], [ -3.694848181384737, 40.573552652382702 ], [ -3.694658176261064, 40.573342646042214 ], [ -3.694488171676725, 40.573142640003653 ], [ -3.69413816223838, 40.57273262762461 ], [ -3.693988158193375, 40.57256262249183 ], [ -3.693878155227038, 40.572432618566765 ], [ -3.69363814875503, 40.572162610414715 ], [ -3.693468144170691, 40.571982604980008 ], [ -3.693388142013355, 40.571912602866512 ], [ -3.693278139047018, 40.571822600149162 ], [ -3.693188136620015, 40.571752598035665 ], [ -3.693108134462679, 40.571702596526023 ], [ -3.693068133384011, 40.571672595620242 ], [ -3.69303813257501, 40.571662595318308 ], [ -3.693008131766009, 40.571652595016381 ], [ -3.692988131226675, 40.571642594714454 ], [ -3.692978130957008, 40.571632594412527 ], [ -3.692958130417674, 40.5716225941106 ], [ -3.692728124215333, 40.571492590185535 ], [ -3.692678122866998, 40.57145258897782 ], [ -3.692618121248996, 40.571492590185535 ], [ -3.692588120439995, 40.571492590185535 ], [ -3.692588120439995, 40.571482589883608 ], [ -3.692548119361327, 40.571322585052762 ], [ -3.692528118821993, 40.571132579316128 ], [ -3.692518118552326, 40.571052576900705 ], [ -3.692498118012992, 40.570982574787209 ], [ -3.692468117203991, 40.570882571767925 ], [ -3.692448116664657, 40.570802569352502 ], [ -3.692418115855656, 40.570732567239006 ], [ -3.692378114776988, 40.57066256512551 ], [ -3.692348113967987, 40.570612563615875 ], [ -3.692288112349985, 40.570542561502378 ], [ -3.69213810830498, 40.570372556369598 ], [ -3.692028105338643, 40.570242552444533 ], [ -3.69183810021497, 40.56998254459441 ], [ -3.691728097248633, 40.569822539763557 ], [ -3.691688096169965, 40.569782538555849 ], [ -3.691648095091297, 40.569752537650061 ], [ -3.691608094012629, 40.569732537046207 ], [ -3.691548092394627, 40.569712536442353 ], [ -3.691468090237291, 40.569692535838499 ], [ -3.691318086192286, 40.569642534328857 ], [ -3.691268084843951, 40.569622533725003 ], [ -3.691208083225949, 40.569602533121142 ], [ -3.691148081607947, 40.569572532215361 ], [ -3.691098080259612, 40.569532531007646 ], [ -3.69103807864161, 40.569472529196076 ], [ -3.690958076484274, 40.569372526176799 ], [ -3.690818072708936, 40.569202521044026 ], [ -3.690708069742599, 40.569092517722815 ], [ -3.690688069203265, 40.569102518024742 ], [ -3.690648068124597, 40.569102518024742 ], [ -3.69063806785493, 40.569152519534384 ], [ -3.69063806785493, 40.569162519836311 ], [ -3.69063806785493, 40.569192520742092 ], [ -3.690618067315596, 40.569322524667157 ], [ -3.690588066506595, 40.569442528290296 ], [ -3.69053806515826, 40.569552531611507 ], [ -3.690458063000924, 40.569682535536565 ], [ -3.690378060843588, 40.569762537951995 ], [ -3.690288058416585, 40.569842540367418 ], [ -3.690208056259249, 40.569892541877053 ], [ -3.689988050326575, 40.570042546405979 ], [ -3.689848046551237, 40.570122548821402 ], [ -3.689718043045566, 40.570182550632964 ], [ -3.689528037921893, 40.57025255274646 ], [ -3.689428035225223, 40.570282553652248 ], [ -3.689378033876888, 40.570292553954175 ], [ -3.689468036303891, 40.570122548821402 ], [ -3.689508037382559, 40.570042546405979 ], [ -3.689548038461227, 40.569922542782841 ], [ -3.689568039000561, 40.569802539159703 ], [ -3.689578039270228, 40.569702536140426 ], [ -3.689568039000561, 40.569592532819215 ], [ -3.689558038730894, 40.569422527686442 ], [ -3.68953803819156, 40.569032515911246 ], [ -3.68953803819156, 40.568932512891969 ], [ -3.68953803819156, 40.568762507759189 ], [ -3.68953803819156, 40.568632503834131 ], [ -3.689508037382559, 40.568562501720635 ], [ -3.689458036034224, 40.568502499909066 ], [ -3.689398034416222, 40.568442498097497 ], [ -3.689348033067887, 40.568352495380147 ], [ -3.689288031449885, 40.568212491153155 ], [ -3.689198029022882, 40.567972483906878 ], [ -3.689118026865546, 40.567802478774105 ], [ -3.689028024438543, 40.567572471829763 ], [ -3.688968022820541, 40.567422467300837 ], [ -3.688948022281207, 40.567362465489275 ], [ -3.68893802201154, 40.567302463677706 ], [ -3.688928021741873, 40.56723246156421 ], [ -3.688928021741873, 40.567192460356495 ], [ -3.68893802201154, 40.567152459148787 ], [ -3.688948022281207, 40.567122458242999 ], [ -3.688898020932872, 40.567102457639145 ], [ -3.687917994505506, 40.564912391516913 ], [ -3.686967968887141, 40.563112337169869 ], [ -3.686657960527464, 40.562362314525274 ], [ -3.685747935987767, 40.559612231495073 ], [ -3.684927913875073, 40.558062184696233 ], [ -3.682407845918989, 40.5538020560749 ], [ -3.682147838907647, 40.552882028297525 ], [ -3.682117838098646, 40.552882028297525 ], [ -3.68213783863798, 40.552792025580175 ], [ -3.682177839716648, 40.552632020749328 ], [ -3.682207840525649, 40.552522017428117 ], [ -3.682287842682985, 40.55216200655871 ], [ -3.682297842952652, 40.552062003539433 ], [ -3.682347844300987, 40.551941999916295 ], [ -3.682507848615659, 40.551531987537246 ], [ -3.682487848076325, 40.551291980290976 ], [ -3.68243784672799, 40.551171976667838 ], [ -3.682357844570654, 40.550991971233138 ], [ -3.68223784133465, 40.55078196489265 ], [ -3.682107837828979, 40.550651960967585 ], [ -3.682017835401976, 40.550441954627097 ], [ -3.681977834323308, 40.550331951305886 ], [ -3.681947833514307, 40.550211947682754 ], [ -3.681907832435639, 40.549961940134551 ], [ -3.681867831356971, 40.549891938021055 ], [ -3.681747828120967, 40.549751933794063 ], [ -3.681617824615296, 40.549621929868998 ], [ -3.681487821109625, 40.549481925642006 ], [ -3.681447820030957, 40.549431924132371 ], [ -3.681327816794953, 40.54932192081116 ], [ -3.681147811940947, 40.549181916584168 ], [ -3.680817803041936, 40.548971910243679 ], [ -3.680617797648596, 40.548881907526329 ], [ -3.680387791446255, 40.548781904507045 ], [ -3.680317789558586, 40.548751903601264 ], [ -3.680247787670917, 40.548711902393549 ], [ -3.680187786052915, 40.548641900280053 ], [ -3.68013778470458, 40.54856189786463 ], [ -3.680077783086578, 40.548461894845353 ], [ -3.679967780120241, 40.548291889712573 ], [ -3.67983777661457, 40.548101883975946 ], [ -3.679697772839232, 40.547891877635458 ], [ -3.67963777122123, 40.547811875220034 ], [ -3.679567769333561, 40.547731872804604 ], [ -3.67943776582789, 40.547571867973758 ], [ -3.679387764479555, 40.547511866162189 ], [ -3.679307762322219, 40.547441864048693 ], [ -3.679167758546881, 40.547331860727489 ], [ -3.679067755850211, 40.547241858010139 ], [ -3.679027754771543, 40.547211857104351 ], [ -3.678987753692875, 40.547151855292782 ], [ -3.67893775234454, 40.547081853179286 ], [ -3.678797748569202, 40.546861846536871 ], [ -3.678767747760201, 40.546801844725302 ], [ -3.678727746681533, 40.546711842007952 ], [ -3.678617743715196, 40.54651183596939 ], [ -3.678607743445529, 40.546481835063609 ], [ -3.678627743984863, 40.546481835063609 ], [ -3.678747747220867, 40.545361801247672 ], [ -3.678167731580181, 40.543431742975571 ], [ -3.678187732119515, 40.543431742975571 ], [ -3.678177731849848, 40.543381741465929 ], [ -3.678157731310514, 40.543351740560141 ], [ -3.678027727804843, 40.543101733011945 ], [ -3.677977726456508, 40.542981729388806 ], [ -3.677947725647507, 40.542941728181098 ], [ -3.677817722141836, 40.542811724256033 ], [ -3.677697718905832, 40.542671720029041 ], [ -3.677627717018163, 40.542591717613618 ], [ -3.677447712164157, 40.542331709763488 ], [ -3.677257707040484, 40.542121703423 ], [ -3.677007700298809, 40.541851695270942 ], [ -3.67693769841114, 40.541771692855519 ], [ -3.676697691939132, 40.541571686816958 ], [ -3.676597689242462, 40.541491684401535 ], [ -3.676477686006458, 40.541411681986112 ], [ -3.676287680882785, 40.541311678966835 ], [ -3.676097675759112, 40.541211675947551 ], [ -3.675967672253441, 40.541121673230201 ], [ -3.67593767144444, 40.541101672626347 ], [ -3.675877669826438, 40.541041670814778 ], [ -3.675777667129768, 40.540941667795494 ], [ -3.675707665242099, 40.540881665983925 ], [ -3.675617662815096, 40.540771662662721 ], [ -3.675547660927427, 40.540681659945371 ], [ -3.675297654185752, 40.540301648472102 ], [ -3.675177650949748, 40.540131643339329 ], [ -3.675067647983411, 40.53998163881041 ], [ -3.674987645826075, 40.539881635791126 ], [ -3.674867642590071, 40.539701630356426 ], [ -3.674797640702402, 40.539591627035215 ], [ -3.6747376390844, 40.539461623110149 ], [ -3.674697638005732, 40.539381620694726 ], [ -3.674597635309062, 40.539201615260026 ], [ -3.674527633421393, 40.539091611938815 ], [ -3.674477632073058, 40.538991608919538 ], [ -3.674447631264057, 40.538901606202181 ], [ -3.674387629646055, 40.538731601069408 ], [ -3.674347628567387, 40.53861159744627 ], [ -3.67433762829772, 40.53852159472892 ], [ -3.674267626410051, 40.538421591709643 ], [ -3.674217625061716, 40.538341589294212 ], [ -3.674127622634713, 40.538221585671081 ], [ -3.674087621556045, 40.538181584463366 ], [ -3.673917616971706, 40.538061580840228 ], [ -3.673797613735702, 40.537971578122878 ], [ -3.673677610499698, 40.537901576009382 ], [ -3.67343760402769, 40.537771572084317 ], [ -3.673297600252352, 40.537691569668894 ], [ -3.673187597286015, 40.537651568461186 ], [ -3.673097594859012, 40.537631567857325 ], [ -3.672947590814007, 40.537601566951544 ], [ -3.67263758245433, 40.537541565139975 ], [ -3.672407576251989, 40.537491563630333 ], [ -3.672257572206984, 40.537451562422625 ], [ -3.672177570049648, 40.537431561818771 ], [ -3.672057566813644, 40.537371560007202 ], [ -3.671967564386641, 40.537291557591779 ], [ -3.671847561150637, 40.537181554270568 ], [ -3.6717375581843, 40.537061550647429 ], [ -3.671657556026964, 40.536951547326225 ], [ -3.671547553060627, 40.536791542495372 ], [ -3.671417549554956, 40.536641537966453 ], [ -3.671267545509951, 40.536481533135607 ], [ -3.671117541464946, 40.536301527700907 ], [ -3.671017538768276, 40.536161523473915 ], [ -3.670947536880607, 40.536051520152704 ], [ -3.670847534183937, 40.535881515019931 ], [ -3.670807533105269, 40.535811512906434 ], [ -3.670767532026601, 40.535701509585223 ], [ -3.670717530678266, 40.535591506264012 ], [ -3.670657529060264, 40.535491503244735 ], [ -3.670487524475925, 40.535291497206174 ], [ -3.670347520700587, 40.535151492979182 ], [ -3.67023751773425, 40.535021489054117 ], [ -3.670147515307247, 40.534931486336767 ], [ -3.670067513149911, 40.534861484223271 ], [ -3.66993750964424, 40.534771481505921 ], [ -3.669807506138569, 40.534691479090498 ], [ -3.66953749885756, 40.53451147365579 ], [ -3.66933749346422, 40.534381469730725 ], [ -3.669367494273221, 40.534341468523017 ], [ -3.67103753930761, 40.532061399683428 ], [ -3.672357574903654, 40.530871363754002 ], [ -3.675747666320767, 40.528381288573925 ], [ -3.676547687894127, 40.527241254154134 ], [ -3.677227706231483, 40.526991246605938 ], [ -3.675607662545429, 40.526121220338197 ], [ -3.675087648522745, 40.52558120403409 ], [ -3.672047566543977, 40.524371167500803 ], [ -3.670067513149911, 40.524721178068276 ], [ -3.667667448429831, 40.525011186824194 ], [ -3.665997403395442, 40.524481170822007 ], [ -3.665967402586441, 40.524481170822007 ], [ -3.665987403125775, 40.524261164179592 ], [ -3.665987403125775, 40.524071158442958 ], [ -3.665987403125775, 40.523991156027535 ], [ -3.665977402856108, 40.523931154215965 ], [ -3.665967402586441, 40.523891153008258 ], [ -3.665877400159438, 40.523691146969696 ], [ -3.665807398271769, 40.523571143346558 ], [ -3.6657373963841, 40.523411138515712 ], [ -3.665707395575099, 40.523341136402216 ], [ -3.665677394766098, 40.523241133382939 ], [ -3.665657394226764, 40.523141130363655 ], [ -3.665647393957097, 40.523081128552086 ], [ -3.66563739368743, 40.523041127344378 ], [ -3.665627393417763, 40.523001126136663 ], [ -3.665627393417763, 40.522961124928955 ], [ -3.665627393417763, 40.522941124325094 ], [ -3.66563739368743, 40.522911123419313 ], [ -3.665667394496431, 40.522761118890394 ], [ -3.665717395844766, 40.522561112851832 ], [ -3.665847399350437, 40.522171101076637 ], [ -3.665897400698772, 40.522021096547718 ], [ -3.66593740177744, 40.521801089905303 ], [ -3.665967402586441, 40.521641085074457 ], [ -3.665997403395442, 40.521561082659034 ], [ -3.666067405283111, 40.52140107782818 ], [ -3.666177408249448, 40.52122107239348 ], [ -3.66623740986745, 40.521121069374196 ], [ -3.666197408788782, 40.521111069072269 ], [ -3.662867318989671, 40.520031036464047 ], [ -3.663347331933687, 40.519841030727413 ], [ -3.664087351889045, 40.519571022575363 ], [ -3.665607392878429, 40.519021005969321 ], [ -3.666017403934776, 40.518851000836541 ], [ -3.666327412294453, 40.518690996005695 ], [ -3.666587419305795, 40.518540991476776 ], [ -3.667057431980144, 40.518240982418938 ], [ -3.667597446542162, 40.517850970643742 ], [ -3.667987457059175, 40.517570962189758 ], [ -3.668317465958186, 40.517340955245416 ], [ -3.668577472969528, 40.51718095041457 ], [ -3.668957483216874, 40.516960943772155 ], [ -3.669347493733887, 40.516760937733594 ], [ -3.669747504520567, 40.516590932600813 ], [ -3.670207516925249, 40.51642092746804 ], [ -3.671397549015622, 40.515950913277422 ], [ -3.67353760672436, 40.514990884292338 ], [ -3.674647636657397, 40.514500869497866 ], [ -3.674987645826075, 40.514350864968947 ], [ -3.675197651489082, 40.514270862553516 ], [ -3.675387656612755, 40.51420086044002 ], [ -3.675657663893764, 40.514120858024597 ], [ -3.677647717557497, 40.513650843833986 ], [ -3.677917724838506, 40.51358084172049 ], [ -3.679017754501876, 40.513270832360718 ], [ -3.682297842952652, 40.512500809112261 ], [ -3.682717854278666, 40.512400806092984 ], [ -3.683207867492349, 40.512260801865992 ], [ -3.683467874503691, 40.512170799148642 ], [ -3.683707880975699, 40.512060795827431 ], [ -3.683927886908373, 40.511940792204292 ], [ -3.684077890953378, 40.511830788883088 ], [ -3.684267896077051, 40.511680784354169 ], [ -3.684767909560401, 40.51127077197512 ], [ -3.685517929785426, 40.510640752953655 ], [ -3.68563793302143, 40.510570750840159 ], [ -3.685747935987767, 40.510520749330517 ], [ -3.685847938684437, 40.510490748424736 ], [ -3.68593794111144, 40.510480748122809 ], [ -3.686027943538443, 40.510470747820882 ], [ -3.68613794650478, 40.510470747820882 ], [ -3.68623794920145, 40.510480748122809 ], [ -3.686347952167787, 40.510500748726663 ], [ -3.687007969965809, 40.510660753557509 ], [ -3.688087999089845, 40.510140737857256 ], [ -3.688478009606858, 40.509950732120622 ], [ -3.688588012573195, 40.509880730007126 ], [ -3.68893802201154, 40.509670723666638 ], [ -3.688958022550874, 40.509660723364711 ], [ -3.689498037112892, 40.509290712193376 ], [ -3.689648041157897, 40.509160708268311 ], [ -3.689688042236565, 40.50913070736253 ], [ -3.689858046820904, 40.508970702531677 ], [ -3.68993804897824, 40.508890700116254 ], [ -3.690458063000924, 40.508290682000577 ], [ -3.690788071899935, 40.507920670829236 ], [ -3.691108080529279, 40.507550659657902 ], [ -3.692268111810651, 40.506160617689915 ], [ -3.692428116125323, 40.505970611953281 ], [ -3.692608120979329, 40.505760605612792 ], [ -3.693848154418037, 40.504270560625521 ], [ -3.696188217520115, 40.501510477293394 ], [ -3.697028240172143, 40.502080494503289 ], [ -3.697388249880155, 40.502360502957274 ], [ -3.697658257161164, 40.502650511713185 ], [ -3.697668257430831, 40.502670512317039 ], [ -3.698248273071517, 40.503670542509838 ], [ -3.699088295723545, 40.503410534659714 ], [ -3.699868316757571, 40.503280530734649 ], [ -3.700488333476925, 40.503250529828861 ], [ -3.70133835639862, 40.503250529828861 ], [ -3.702478387140658, 40.503300531338503 ], [ -3.704708447276399, 40.503430535263568 ], [ -3.704718447546066, 40.503430535263568 ], [ -3.706858505254804, 40.503540538584772 ], [ -3.706878505794138, 40.503540538584772 ], [ -3.709688581570565, 40.503690543113699 ], [ -3.710898614200272, 40.503760545227195 ], [ -3.711168621481281, 40.503770545529122 ], [ -3.711398627683622, 40.503750544925261 ], [ -3.711648634425297, 40.50372054401948 ], [ -3.711928641975973, 40.503650541905984 ], [ -3.712198649256982, 40.503550538886707 ], [ -3.712668661931331, 40.503300531338503 ], [ -3.713168675414681, 40.50322052892308 ], [ -3.713668688898031, 40.503270530432722 ], [ -3.713808692673369, 40.503300531338503 ], [ -3.714148701842047, 40.503390534055853 ], [ -3.714498711280392, 40.503530538282845 ], [ -3.714888721797405, 40.503670542509838 ], [ -3.715128728269413, 40.503760545227195 ], [ -3.715458737168424, 40.503870548548399 ], [ -3.717058780315144, 40.504370563644798 ], [ -3.717558793798494, 40.504550569079505 ], [ -3.718128809169513, 40.504780576023848 ], [ -3.719068834518211, 40.505170587799043 ], [ -3.719908857170239, 40.505590600480012 ], [ -3.720488872810925, 40.505900609839784 ], [ -3.720888883597605, 40.506090615576419 ], [ -3.721118889799946, 40.506180618293769 ], [ -3.721328895462953, 40.506240620105338 ], [ -3.72163890382263, 40.506310622218834 ], [ -3.721958912451974, 40.50638062433233 ], [ -3.722758934025334, 40.506540629163176 ], [ -3.723068942385011, 40.506590630672818 ], [ -3.723388951014355, 40.506620631578599 ], [ -3.724128970969713, 40.506680633390168 ], [ -3.724268974745051, 40.506690633692095 ], [ -3.724388977981055, 40.506720634597876 ], [ -3.724498980947392, 40.506760635805591 ], [ -3.724618984183396, 40.506810637315233 ], [ -3.725889018431105, 40.507550659657902 ], [ -3.725969020588441, 40.507600661167544 ], [ -3.726099024094112, 40.507700664186821 ], [ -3.726549036229127, 40.508100676263943 ], [ -3.72663903865613, 40.508160678075512 ], [ -3.7267390413528, 40.508220679887081 ], [ -3.726899045667472, 40.50828068169865 ], [ -3.727089050791145, 40.508330683208285 ], [ -3.728359085038854, 40.508580690756489 ], [ -3.730059130882244, 40.508910700720115 ], [ -3.731069158118611, 40.509110706758669 ], [ -3.731829178613303, 40.509260711287588 ], [ -3.731959182118974, 40.509290712193376 ], [ -3.732079185354978, 40.509330713401084 ], [ -3.732289191017985, 40.50940071551458 ], [ -3.732429194793323, 40.509460717326149 ], [ -3.732629200186663, 40.509580720949288 ], [ -3.736469303738791, 40.512170799148642 ], [ -3.73663930832313, 40.512270802167919 ], [ -3.736919315873806, 40.512390805791057 ], [ -3.737969344188841, 40.512770817264318 ], [ -3.739129375470213, 40.513180829643368 ], [ -3.739359381672554, 40.513310833568433 ], [ -3.739319380593886, 40.513370835380002 ], [ -3.739229378166883, 40.513530840210848 ], [ -3.739089374391545, 40.51376084715519 ], [ -3.739019372503876, 40.513880850778328 ], [ -3.738899369267872, 40.514070856514962 ], [ -3.738849367919537, 40.514150858930385 ], [ -3.738809366840869, 40.514220861043881 ], [ -3.738769365762201, 40.51428086285545 ], [ -3.738649362526197, 40.514450867988224 ], [ -3.738199350391182, 40.515060886405834 ], [ -3.737979344458508, 40.515350895161745 ], [ -3.737769338795501, 40.51563090361573 ], [ -3.737419329357156, 40.516110918108275 ], [ -3.737329326930153, 40.516240922033333 ], [ -3.737159322345814, 40.516480929279609 ], [ -3.736919315873806, 40.516810939243229 ], [ -3.736679309401798, 40.517130948904928 ], [ -3.736429302660123, 40.517480959472408 ], [ -3.736359300772454, 40.517580962491685 ], [ -3.736219296997116, 40.517770968228319 ], [ -3.736149295109447, 40.517860970945669 ], [ -3.736059292682444, 40.517990974870735 ], [ -3.735969290255441, 40.5181209787958 ], [ -3.735849287019437, 40.518300984230507 ], [ -3.735769284862101, 40.518400987249784 ], [ -3.735649281626097, 40.51856099208063 ], [ -3.735599280277762, 40.518630994194126 ], [ -3.735479277041758, 40.518800999326906 ], [ -3.735429275693423, 40.518881001742329 ], [ -3.735359273805754, 40.518981004761606 ], [ -3.735289271918085, 40.519071007478956 ], [ -3.735199269491082, 40.519201011404022 ], [ -3.735109267064079, 40.519331015329087 ], [ -3.734999264097742, 40.519481019858006 ], [ -3.734909261670739, 40.519611023783071 ], [ -3.734859260322404, 40.519681025896567 ], [ -3.734659254929064, 40.519971034652478 ], [ -3.734569252502061, 40.520101038577543 ], [ -3.734489250344725, 40.520211041898754 ], [ -3.73443924899639, 40.520271043710316 ], [ -3.734319245760386, 40.520451049145024 ], [ -3.734289244951385, 40.520491050352739 ], [ -3.734279244681718, 40.520511050956593 ], [ -3.734179241985048, 40.520651055183585 ], [ -3.734109240097379, 40.520741057900935 ], [ -3.734049238479377, 40.520821060316358 ], [ -3.733989236861375, 40.520901062731781 ], [ -3.73393923551304, 40.520981065147211 ], [ -3.733909234704039, 40.521021066354919 ], [ -3.733889234164705, 40.521041066958773 ], [ -3.73383923281637, 40.521111069072269 ], [ -3.733619226883696, 40.521431078733968 ], [ -3.733569225535361, 40.521501080847464 ], [ -3.733519224187026, 40.521571082960961 ], [ -3.733469222838691, 40.521651085376384 ], [ -3.733389220681355, 40.521771088999522 ], [ -3.73333921933302, 40.521841091113018 ], [ -3.733309218524019, 40.521891092622653 ], [ -3.733189215288015, 40.52207109805736 ], [ -3.732999210164342, 40.52233110590749 ], [ -3.732919208007006, 40.522451109530621 ], [ -3.732879206928338, 40.522501111040263 ], [ -3.732809205040669, 40.52260111405954 ], [ -3.732749203422667, 40.522681116474971 ], [ -3.732739203153, 40.522701117078824 ], [ -3.732719202613666, 40.522721117682678 ], [ -3.732699202074332, 40.522751118588467 ], [ -3.732669201265331, 40.522791119796175 ], [ -3.732649200725997, 40.522821120701963 ], [ -3.73263920045633, 40.52283112100389 ], [ -3.732629200186663, 40.522841121305817 ], [ -3.732609199647329, 40.522871122211598 ], [ -3.732509196950659, 40.522891122815459 ], [ -3.732389193714655, 40.52292112372124 ], [ -3.73233919236632, 40.522931124023167 ], [ -3.732189188321315, 40.522961124928955 ], [ -3.732049184545977, 40.522991125834736 ], [ -3.731899180500972, 40.523021126740517 ], [ -3.731849179152637, 40.523031127042451 ], [ -3.7317391761863, 40.523041127344378 ], [ -3.731529170523293, 40.523061127948232 ], [ -3.731359165938954, 40.523081128552086 ], [ -3.731179161084948, 40.523091128854013 ], [ -3.730609145713929, 40.523141130363655 ], [ -3.73033913843292, 40.523161130967509 ], [ -3.730069131151911, 40.52318113157137 ], [ -3.729999129264242, 40.52318113157137 ], [ -3.729929127376573, 40.52318113157137 ], [ -3.729629119286563, 40.523581143648485 ], [ -3.729599118477562, 40.5236211448562 ], [ -3.729399113084222, 40.523981155725608 ], [ -3.728979101758208, 40.52473117837021 ], [ -3.728879099061538, 40.524901183502983 ], [ -3.728679093668198, 40.525251194070464 ], [ -3.728579090971528, 40.525421199203237 ], [ -3.728479088274858, 40.525601204637944 ], [ -3.728379085578188, 40.525781210072651 ], [ -3.728229081533183, 40.526041217922774 ], [ -3.72803907640951, 40.526371227886401 ], [ -3.728019075870176, 40.526411229094109 ], [ -3.727919073173506, 40.526601234830743 ], [ -3.72783907101617, 40.526751239359662 ], [ -3.727779069398168, 40.526851242378946 ], [ -3.727679066701498, 40.527021247511719 ], [ -3.727089050791145, 40.527271255059922 ], [ -3.726359031105454, 40.527581264419688 ], [ -3.725509008183759, 40.527941275289095 ], [ -3.724978993891408, 40.528171282233437 ], [ -3.724508981217059, 40.528371288271998 ], [ -3.723858963688704, 40.528641296424055 ], [ -3.723248947239017, 40.528891303972259 ], [ -3.72253892809266, 40.529191313030097 ], [ -3.722108916496979, 40.529371318464797 ], [ -3.720928884676273, 40.529861333259269 ], [ -3.720508873350259, 40.529951335976627 ], [ -3.719458845035224, 40.530171342619042 ], [ -3.718668823731531, 40.530441350771099 ], [ -3.71733878786582, 40.530901364659783 ], [ -3.716108754696779, 40.53132137734076 ], [ -3.715258731775084, 40.531611386096671 ], [ -3.715108727730079, 40.531661387606313 ], [ -3.714948723415407, 40.531721389417882 ], [ -3.714768718561401, 40.531781391229451 ], [ -3.714608714246729, 40.531841393041013 ], [ -3.714408708853389, 40.531911395154509 ], [ -3.71433870696572, 40.53193139575837 ], [ -3.714178702651048, 40.531981397268005 ], [ -3.714008698066709, 40.532041399079574 ], [ -3.71383869348237, 40.532101400891143 ], [ -3.713658688628364, 40.532161402702712 ], [ -3.713468683504691, 40.532221404514281 ], [ -3.71323867730235, 40.532301406929705 ], [ -3.71313867460568, 40.532331407835485 ], [ -3.713008671100009, 40.532381409345128 ], [ -3.71283866651567, 40.532441411156697 ], [ -3.712678662200998, 40.532501412968266 ], [ -3.712518657886326, 40.532561414779835 ], [ -3.712348653301987, 40.532621416591397 ], [ -3.712178648717648, 40.532681418402966 ], [ -3.712058645481644, 40.532721419610681 ], [ -3.711998643863642, 40.532741420214535 ], [ -3.711968643054641, 40.532751420516462 ], [ -3.711898641166972, 40.53278142142225 ], [ -3.711808638739969, 40.532811422328031 ], [ -3.711698635773632, 40.532851423535746 ], [ -3.711678635234298, 40.532861423837673 ], [ -3.711658634694964, 40.532881424441527 ], [ -3.711558631998294, 40.532981427460811 ], [ -3.711478629840958, 40.5330514295743 ], [ -3.711298624986952, 40.533211434405153 ], [ -3.711208622559949, 40.533291436820576 ], [ -3.710788611233935, 40.533681448595765 ], [ -3.710288597750585, 40.534141462484456 ], [ -3.710068591817911, 40.534351468824944 ], [ -3.709908587503239, 40.53451147365579 ], [ -3.709698581840232, 40.534701479392425 ], [ -3.709378573210888, 40.535001488450263 ], [ -3.709078565120878, 40.535281496904247 ], [ -3.708688554603865, 40.535641507773654 ], [ -3.707728528715833, 40.536531534645249 ], [ -3.707548523861827, 40.536701539778022 ], [ -3.707448521165157, 40.536811543099233 ], [ -3.707318517659486, 40.536981548232006 ], [ -3.707098511726812, 40.537251556384064 ], [ -3.707028509839143, 40.537341559101414 ], [ -3.70693850741214, 40.537461562724552 ], [ -3.706828504445803, 40.537601566951544 ], [ -3.70643849392879, 40.538101582047943 ], [ -3.706218487996116, 40.538371590200001 ], [ -3.705968481254441, 40.538691599861693 ], [ -3.705808476939769, 40.538881605598327 ], [ -3.705688473703765, 40.539041610429173 ], [ -3.705518469119426, 40.539251616769661 ], [ -3.705408466153089, 40.53940162129858 ], [ -3.705608471546429, 40.539541625525572 ], [ -3.706028482872443, 40.539841634583418 ], [ -3.706218487996116, 40.53998163881041 ], [ -3.706358491771454, 40.540081641829687 ], [ -3.706468494737791, 40.54016164424511 ], [ -3.706608498513129, 40.540281647868248 ], [ -3.706718501479466, 40.540381650887525 ], [ -3.706778503097468, 40.540431652397167 ], [ -3.706818504176136, 40.540461653302948 ], [ -3.70693850741214, 40.540571656624159 ], [ -3.706988508760475, 40.540611657831874 ], [ -3.707028509839143, 40.540651659039582 ], [ -3.707088511457145, 40.540711660851152 ], [ -3.70713851280548, 40.540761662360794 ], [ -3.707248515771817, 40.540881665983925 ], [ -3.707288516850485, 40.54092166719164 ], [ -3.707628526019163, 40.541371680778397 ], [ -3.707758529524834, 40.541541685911177 ], [ -3.707848531951837, 40.541671689836242 ], [ -3.707858532221504, 40.541681690138169 ], [ -3.707888533030505, 40.541731691647804 ], [ -3.707928534109173, 40.5418016937613 ], [ -3.707978535457508, 40.541891696478658 ], [ -3.708088538423845, 40.542091702517219 ], [ -3.708198541390182, 40.542291708555773 ], [ -3.708268543277851, 40.542411712178911 ], [ -3.708318544626186, 40.542491714594334 ], [ -3.708428547592523, 40.542691720632895 ], [ -3.708498549480192, 40.542801723954106 ], [ -3.708528550289193, 40.542861725765668 ], [ -3.708588551907195, 40.542961728784952 ], [ -3.708918560806206, 40.54358174750449 ], [ -3.709048564311877, 40.543821754750759 ], [ -3.709098565660212, 40.543911757468109 ], [ -3.709168567547881, 40.544051761695101 ], [ -3.709288570783885, 40.544271768337516 ], [ -3.709298571053552, 40.544301769243305 ], [ -3.709358572671554, 40.544421772866443 ], [ -3.709478575907558, 40.544631779206931 ], [ -3.709518576986226, 40.544711781622354 ], [ -3.70963858022223, 40.544951788868623 ], [ -3.709778583997568, 40.545201796416826 ], [ -3.709848585885237, 40.545331800341884 ], [ -3.709968589121241, 40.545551806984307 ], [ -3.710128593435913, 40.545851816042145 ], [ -3.71023859640225, 40.546061822382633 ], [ -3.710268597211251, 40.546111823892275 ], [ -3.71043860179559, 40.546431833553967 ], [ -3.710568605301261, 40.546721842309879 ], [ -3.710658607728264, 40.546911848046513 ], [ -3.710688608537265, 40.547001850763863 ], [ -3.710748610155267, 40.547161855594709 ], [ -3.710788611233935, 40.547281859217847 ], [ -3.711048618245277, 40.548081883372085 ], [ -3.711178621750948, 40.548451894543426 ], [ -3.711248623638617, 40.548691901789695 ], [ -3.711348626335287, 40.548971910243679 ], [ -3.71163863415563, 40.549841936511413 ], [ -3.711968643054641, 40.550851967006146 ], [ -3.712558658964994, 40.552672021957036 ], [ -3.712898668133672, 40.55371205335755 ], [ -3.713088673257345, 40.554312071473234 ], [ -3.713298678920352, 40.554942090494698 ], [ -3.713518684853026, 40.555622111025798 ], [ -3.713588686740695, 40.555822117064359 ], [ -3.713608687280029, 40.555882118875928 ], [ -3.713908695370039, 40.556752145143662 ], [ -3.714088700224045, 40.556902149672581 ], [ -3.714588713707395, 40.557332162655484 ], [ -3.714978724224408, 40.557652172317184 ], [ -3.715208730426749, 40.557842178053818 ], [ -3.715168729348081, 40.557912180167314 ], [ -3.715018725303076, 40.55816218771551 ], [ -3.714828720179403, 40.558462196773348 ], [ -3.71463871505573, 40.558782206435048 ], [ -3.714968723954741, 40.559822237835562 ], [ -3.715078726921078, 40.560142247497254 ], [ -3.71513872853908, 40.560322252931961 ], [ -3.715228730966083, 40.560572260480157 ], [ -3.715278732314418, 40.560752265914864 ], [ -3.71533873393242, 40.560882269839929 ], [ -3.715408735820089, 40.561122277086199 ], [ -3.715428736359423, 40.561182278897768 ], [ -3.715448736898757, 40.561222280105483 ], [ -3.715528739056093, 40.561462287351752 ], [ -3.715648742292097, 40.561822298221159 ], [ -3.715718744179766, 40.562052305165501 ], [ -3.715728744449433, 40.562082306071289 ], [ -3.715798746337102, 40.562272311807916 ], [ -3.715828747146103, 40.562372314827201 ], [ -3.715908749303439, 40.562602321771543 ], [ -3.71593875011244, 40.562672323885039 ], [ -3.715978751191108, 40.562792327508177 ], [ -3.716008752000109, 40.562892330527454 ], [ -3.716068753618111, 40.563072335962161 ], [ -3.716078753887778, 40.563102336867942 ], [ -3.716178756584448, 40.563782357399049 ], [ -3.716258758741784, 40.564322373703156 ], [ -3.716268759011451, 40.564432377024367 ], [ -3.716288759550785, 40.564582381553286 ], [ -3.716298759820452, 40.564702385176425 ], [ -3.716308760090119, 40.564782387591848 ], [ -3.71633876089912, 40.564992393932336 ], [ -3.716348761168787, 40.565052395743905 ], [ -3.716358761438454, 40.565152398763182 ], [ -3.716358761438454, 40.565172399367043 ], [ -3.716288759550785, 40.565492409028735 ], [ -3.716208757393449, 40.565832419294289 ], [ -3.716098754427112, 40.566292433182973 ], [ -3.71603875280911, 40.566552441033103 ], [ -3.716058753348444, 40.566572441636957 ], [ -3.716028752539443, 40.566612442844672 ], [ -3.715928749842773, 40.566762447373591 ], [ -3.715118727999746, 40.567962483604951 ], [ -3.714878721527738, 40.568292493568578 ], [ -3.714488711010725, 40.568822509570758 ], [ -3.71403869887571, 40.569412527384515 ], [ -3.713698689707032, 40.569882541575126 ], [ -3.713288678650685, 40.570392556973452 ], [ -3.713128674336013, 40.57060256331394 ], [ -3.712728663549333, 40.571092578108413 ], [ -3.712558658964994, 40.571332585354689 ], [ -3.712528658155993, 40.571392587166258 ], [ -3.712318652492986, 40.57171259682795 ], [ -3.712228650065983, 40.571912602866512 ], [ -3.712178648717648, 40.572072607697358 ], [ -3.712068645751311, 40.572372616755203 ], [ -3.7117386368523, 40.572842630945814 ], [ -3.711598633076962, 40.573462649665352 ], [ -3.711448629031957, 40.574092668686816 ], [ -3.711318625526286, 40.574622684688997 ], [ -3.711258623908284, 40.574912693444915 ], [ -3.71113862067228, 40.575512711560592 ], [ -3.711078619054278, 40.575752718806861 ], [ -3.710988616627275, 40.57616273118591 ], [ -3.710948615548607, 40.576312735714829 ], [ -3.710918614739606, 40.576492741149536 ], [ -3.710858613121604, 40.576752748999667 ], [ -3.7107386098856, 40.577352767115343 ], [ -3.710698608806932, 40.577592774361612 ], [ -3.710628606919263, 40.577872782815597 ], [ -3.710588605840595, 40.578022787344523 ], [ -3.710568605301261, 40.578112790061873 ], [ -3.71053860449226, 40.578252794288865 ], [ -3.710488603143925, 40.578442800025499 ], [ -3.710478602874258, 40.578512802138988 ], [ -3.710248596671917, 40.578512802138988 ], [ -3.703658418961364, 40.57856280364863 ], [ -3.701588363140295, 40.578532802742849 ] ] ] } },
{ "type": "Feature", "properties": { "id_barrio": "21212", "nombre_barrio": "Aeropuerto", "nombre_distrito": "Barajas", "area_km2": 29.702, "distancia_centro_km": 14.21, "lat_c": 40.479486875157868, "lon_c": -3.5573160992849475 }, "geometry": { "type": "Polygon", "coordinates": [ [ [ -3.582246342571403, 40.467686438117703 ], [ -3.581555126327294, 40.467449448926622 ], [ -3.581185116349615, 40.467559452247833 ], [ -3.58093510960794, 40.467649454965184 ], [ -3.580665102326931, 40.467769458588322 ], [ -3.580455096663924, 40.467919463117241 ], [ -3.580315092888586, 40.468079467948087 ], [ -3.579275064843218, 40.46987952229513 ], [ -3.578045031674177, 40.470619544637799 ], [ -3.57683499904447, 40.471609574528671 ], [ -3.576374986639788, 40.471419568792037 ], [ -3.57613498016778, 40.471339566376614 ], [ -3.576014976931776, 40.471329566074687 ], [ -3.575824971808103, 40.471349566678541 ], [ -3.575544964257427, 40.471389567886256 ], [ -3.575274956976418, 40.471469570301679 ], [ -3.574624939448063, 40.471649575736386 ], [ -3.574364932436721, 40.472819611061958 ], [ -3.574254929470384, 40.473359627366072 ], [ -3.574224928661383, 40.47356963370656 ], [ -3.574214928391716, 40.473779640047049 ], [ -3.574214928391716, 40.473969645783683 ], [ -3.57423492893105, 40.474169651822237 ], [ -3.574294930549052, 40.474469660880082 ], [ -3.574364932436721, 40.474669666918636 ], [ -3.574464935133391, 40.474869672957198 ], [ -3.574584938369395, 40.475069678995759 ], [ -3.574694941335732, 40.475229683826605 ], [ -3.57503495050441, 40.475629695903727 ], [ -3.576174981246448, 40.476709728511949 ], [ -3.57783502601117, 40.47819977349922 ], [ -3.578315038955186, 40.478569784670562 ], [ -3.578505044078859, 40.478699788595627 ], [ -3.578755050820534, 40.478859793426473 ], [ -3.57913506106788, 40.479079800068888 ], [ -3.579465069966891, 40.479229804597807 ], [ -3.579795078865902, 40.479359808522872 ], [ -3.580125087764913, 40.479469811844076 ], [ -3.580545099090927, 40.479589815467214 ], [ -3.580965110416941, 40.479679818184565 ], [ -3.581445123360957, 40.479759820599995 ], [ -3.581895135495972, 40.479799821807703 ], [ -3.582885162193005, 40.479849823317345 ], [ -3.584065194013711, 40.479869823921199 ], [ -3.586205251722449, 40.479869823921199 ], [ -3.591615397612296, 40.479849823317345 ], [ -3.597225548895483, 40.479829822713491 ], [ -3.601765671324301, 40.479829822713491 ], [ -3.601785671863635, 40.481049859548705 ], [ -3.601755671054634, 40.482579905743691 ], [ -3.601705669706299, 40.484359959486873 ], [ -3.601715669975966, 40.485019979414119 ], [ -3.601725670245633, 40.485459992698949 ], [ -3.6017356705153, 40.486180014437771 ], [ -3.6017356705153, 40.486670029232236 ], [ -3.601765671324301, 40.487380050669131 ], [ -3.601805672402969, 40.487930067275165 ], [ -3.601845673481637, 40.488950098071825 ], [ -3.601855673751304, 40.48932010924316 ], [ -3.601855673751304, 40.489570116791363 ], [ -3.601855673751304, 40.489740121924136 ], [ -3.601855673751304, 40.489830124641486 ], [ -3.601855673751304, 40.48993012766077 ], [ -3.601855673751304, 40.490160134605112 ], [ -3.601855673751304, 40.490390141549454 ], [ -3.601845673481637, 40.490600147889943 ], [ -3.60183567321197, 40.490900156947781 ], [ -3.601825672942303, 40.491290168722976 ], [ -3.601825672942303, 40.491340170232618 ], [ -3.601815672672636, 40.491760182913595 ], [ -3.601775671593968, 40.492890217031459 ], [ -3.601765671324301, 40.493380231825931 ], [ -3.601765671324301, 40.493540236656777 ], [ -3.601765671324301, 40.493690241185696 ], [ -3.601765671324301, 40.494010250847388 ], [ -3.601755671054634, 40.494620269264999 ], [ -3.601765671324301, 40.494970279832479 ], [ -3.601775671593968, 40.49523028768261 ], [ -3.601785671863635, 40.495940309119497 ], [ -3.601805672402969, 40.496400323008181 ], [ -3.601825672942303, 40.496890337802654 ], [ -3.601855673751304, 40.497390352899053 ], [ -3.601875674290638, 40.497830366183891 ], [ -3.601885674560305, 40.498220377959079 ], [ -3.601895674829972, 40.498720393055478 ], [ -3.601905675099639, 40.499380412982731 ], [ -3.601905675099639, 40.500410444081311 ], [ -3.601825672942303, 40.501460475783752 ], [ -3.601805672402969, 40.501460475783752 ], [ -3.6017356705153, 40.501450475481825 ], [ -3.601695669436632, 40.501450475481825 ], [ -3.601655668357964, 40.501450475481825 ], [ -3.601625667548963, 40.501450475481825 ], [ -3.601595666739962, 40.501460475783752 ], [ -3.601575666200628, 40.501470476085679 ], [ -3.601555665661294, 40.501480476387606 ], [ -3.601525664852293, 40.501500476991467 ], [ -3.601495664043292, 40.501520477595321 ], [ -3.601385661076955, 40.501630480916525 ], [ -3.60133565972862, 40.50167048212424 ], [ -3.601295658649952, 40.501700483030021 ], [ -3.601265657840951, 40.501720483633882 ], [ -3.601245657301617, 40.501730483935809 ], [ -3.601225656762283, 40.501740484237736 ], [ -3.601205656222949, 40.501740484237736 ], [ -3.601185655683615, 40.501740484237736 ], [ -3.601165655144281, 40.501740484237736 ], [ -3.601145654604947, 40.501740484237736 ], [ -3.601125654065613, 40.501740484237736 ], [ -3.601105653526279, 40.501740484237736 ], [ -3.601075652717278, 40.501740484237736 ], [ -3.601045651908277, 40.501740484237736 ], [ -3.601015651099276, 40.501730483935809 ], [ -3.600985650290275, 40.501720483633882 ], [ -3.600955649481274, 40.501710483331955 ], [ -3.600915648402606, 40.501700483030021 ], [ -3.600875647323938, 40.501690482728094 ], [ -3.600845646514937, 40.501680482426167 ], [ -3.600815645705936, 40.50167048212424 ], [ -3.600795645166602, 40.50167048212424 ], [ -3.600765644357601, 40.50167048212424 ], [ -3.600725643278933, 40.50167048212424 ], [ -3.600695642469932, 40.50167048212424 ], [ -3.600655641391264, 40.50167048212424 ], [ -3.600625640582263, 40.50167048212424 ], [ -3.600585639503595, 40.501680482426167 ], [ -3.60053563815526, 40.501690482728094 ], [ -3.600515637615926, 40.501700483030021 ], [ -3.600285631413585, 40.501770485143517 ], [ -3.600195628986582, 40.501800486049305 ], [ -3.600175628447248, 40.501810486351232 ], [ -3.600145627638247, 40.501820486653159 ], [ -3.600125627098913, 40.501820486653159 ], [ -3.600105626559579, 40.501820486653159 ], [ -3.600085626020245, 40.501820486653159 ], [ -3.600055625211244, 40.501820486653159 ], [ -3.60003562467191, 40.501820486653159 ], [ -3.600015624132576, 40.501820486653159 ], [ -3.599995623593242, 40.501820486653159 ], [ -3.599965622784241, 40.501810486351232 ], [ -3.599945622244907, 40.501800486049305 ], [ -3.599925621705573, 40.501790485747378 ], [ -3.599725616312233, 40.501680482426167 ], [ -3.599645614154897, 40.50167048212424 ], [ -3.599565611997561, 40.501710483331955 ], [ -3.599545611458227, 40.501720483633882 ], [ -3.599525610918893, 40.501730483935809 ], [ -3.599495610109892, 40.501740484237736 ], [ -3.599465609300891, 40.501750484539663 ], [ -3.599445608761557, 40.501750484539663 ], [ -3.599425608222223, 40.501750484539663 ], [ -3.599405607682889, 40.501750484539663 ], [ -3.599395607413222, 40.501750484539663 ], [ -3.599375606873888, 40.501750484539663 ], [ -3.599355606334554, 40.501750484539663 ], [ -3.599345606064887, 40.501750484539663 ], [ -3.59933560579522, 40.501750484539663 ], [ -3.599325605525553, 40.501750484539663 ], [ -3.599315605255886, 40.501740484237736 ], [ -3.599305604986219, 40.501730483935809 ], [ -3.599275604177218, 40.501710483331955 ], [ -3.599255603637884, 40.501700483030021 ], [ -3.599245603368217, 40.501690482728094 ], [ -3.599225602828883, 40.501680482426167 ], [ -3.599145600671547, 40.501650481520386 ], [ -3.599025597435543, 40.501600480010744 ], [ -3.598945595278207, 40.501550478501102 ], [ -3.598845592581537, 40.501490476689533 ], [ -3.598795591233202, 40.501470476085679 ], [ -3.598725589345533, 40.501470476085679 ], [ -3.598655587457864, 40.501470476085679 ], [ -3.598615586379196, 40.501470476085679 ], [ -3.598595585839862, 40.501470476085679 ], [ -3.598575585300528, 40.501470476085679 ], [ -3.598565585030861, 40.501470476085679 ], [ -3.598555584761194, 40.501460475783752 ], [ -3.59843558152519, 40.501400473972183 ], [ -3.598415580985856, 40.501390473670256 ], [ -3.598395580446522, 40.501380473368329 ], [ -3.59833557882852, 40.501360472764475 ], [ -3.598305578019519, 40.501350472462541 ], [ -3.598265576940851, 40.501340472160614 ], [ -3.598215575592516, 40.501330471858687 ], [ -3.598105572626179, 40.501310471254833 ], [ -3.598015570199176, 40.501300470952906 ], [ -3.597925567772173, 40.501290470650979 ], [ -3.597825565075503, 40.501280470349045 ], [ -3.597785563996835, 40.501280470349045 ], [ -3.597725562378833, 40.501280470349045 ], [ -3.597675561030498, 40.501280470349045 ], [ -3.597645560221497, 40.501280470349045 ], [ -3.597525556985493, 40.501290470650979 ], [ -3.597485555906825, 40.501290470650979 ], [ -3.597395553479822, 40.501280470349045 ], [ -3.59723554916515, 40.501260469745191 ], [ -3.597185547816815, 40.501260469745191 ], [ -3.596955541614474, 40.501260469745191 ], [ -3.596895539996472, 40.501260469745191 ], [ -3.596845538648137, 40.501260469745191 ], [ -3.596665533794131, 40.501240469141337 ], [ -3.596625532715463, 40.501240469141337 ], [ -3.596455528131124, 40.501240469141337 ], [ -3.59623552219845, 40.501240469141337 ], [ -3.596195521119782, 40.501240469141337 ], [ -3.596155520041114, 40.501240469141337 ], [ -3.596125519232113, 40.501240469141337 ], [ -3.596105518692779, 40.501250469443264 ], [ -3.595925513838773, 40.501300470952906 ], [ -3.595815510872436, 40.501330471858687 ], [ -3.595765509524101, 40.501340472160614 ], [ -3.595715508175766, 40.501350472462541 ], [ -3.595685507366765, 40.501360472764475 ], [ -3.595655506557764, 40.501360472764475 ], [ -3.59563550601843, 40.501360472764475 ], [ -3.595585504670095, 40.501360472764475 ], [ -3.595505502512759, 40.501360472764475 ], [ -3.595405499816089, 40.501360472764475 ], [ -3.59533549792842, 40.501350472462541 ], [ -3.595245495501417, 40.501340472160614 ], [ -3.595165493344081, 40.501330471858687 ], [ -3.595115491995746, 40.50132047155676 ], [ -3.595025489568743, 40.501300470952906 ], [ -3.59493548714174, 40.501270470047118 ], [ -3.594865485254071, 40.501250469443264 ], [ -3.594815483905736, 40.50123046883941 ], [ -3.594795483366402, 40.50123046883941 ], [ -3.594785483096735, 40.50123046883941 ], [ -3.594765482557401, 40.50123046883941 ], [ -3.594755482287734, 40.50123046883941 ], [ -3.5947354817484, 40.50123046883941 ], [ -3.594705480939399, 40.50123046883941 ], [ -3.594685480400065, 40.50123046883941 ], [ -3.594615478512396, 40.501250469443264 ], [ -3.594565477164061, 40.501260469745191 ], [ -3.594515475815726, 40.501270470047118 ], [ -3.594465474467391, 40.501280470349045 ], [ -3.594425473388723, 40.501280470349045 ], [ -3.594245468534717, 40.501280470349045 ], [ -3.594225467995383, 40.501280470349045 ], [ -3.594205467456049, 40.501280470349045 ], [ -3.594185466916715, 40.501280470349045 ], [ -3.594175466647048, 40.501280470349045 ], [ -3.594165466377381, 40.501280470349045 ], [ -3.594155466107714, 40.501290470650979 ], [ -3.594145465838047, 40.501300470952906 ], [ -3.594125465298713, 40.50132047155676 ], [ -3.594105464759379, 40.501340472160614 ], [ -3.594075463950378, 40.501380473368329 ], [ -3.594065463680711, 40.501390473670256 ], [ -3.594055463411044, 40.501400473972183 ], [ -3.59403546287171, 40.50141047427411 ], [ -3.594015462332376, 40.501420474576037 ], [ -3.593975461253708, 40.501430474877971 ], [ -3.593875458557038, 40.501460475783752 ], [ -3.593805456669369, 40.501480476387606 ], [ -3.593765455590701, 40.501490476689533 ], [ -3.5937354547817, 40.501490476689533 ], [ -3.593705453972699, 40.501490476689533 ], [ -3.593655452624364, 40.501490476689533 ], [ -3.593625451815363, 40.501490476689533 ], [ -3.593485448040025, 40.501470476085679 ], [ -3.593195440219682, 40.501430474877971 ], [ -3.593155439141014, 40.501560478803029 ], [ -3.589045328307877, 40.504540568777578 ], [ -3.586755266554134, 40.505400594743385 ], [ -3.584645209654397, 40.506740635201737 ], [ -3.58283516084467, 40.508480687737205 ], [ -3.577885027359505, 40.510390745405452 ], [ -3.575814971538436, 40.510430746613167 ], [ -3.571984868255975, 40.512420806696838 ], [ -3.567224739894483, 40.512180799450569 ], [ -3.56493467814074, 40.512070796129358 ], [ -3.561694590768632, 40.511170768955843 ], [ -3.561604588341629, 40.510700754765224 ], [ -3.558324499890853, 40.51127077197512 ], [ -3.554204388788049, 40.511350774390543 ], [ -3.555074412249078, 40.508580690756489 ], [ -3.554894407395072, 40.505470596856881 ], [ -3.555164414676081, 40.503170527413438 ], [ -3.553354365866354, 40.502480506580405 ], [ -3.553504369911359, 40.502180497522566 ], [ -3.553524370450693, 40.502120495710997 ], [ -3.553544370990027, 40.502050493597501 ], [ -3.553554371259694, 40.501970491182078 ], [ -3.55353437072036, 40.501800486049305 ], [ -3.553504369911359, 40.501630480916525 ], [ -3.553464368832691, 40.501480476387606 ], [ -3.553424367754023, 40.501280470349045 ], [ -3.553384366675355, 40.501140466122052 ], [ -3.553354365866354, 40.500970460989279 ], [ -3.553324365057353, 40.500570448912157 ], [ -3.553284363978685, 40.500190437438896 ], [ -3.553264363439351, 40.500080434117685 ], [ -3.553244362900017, 40.500010432004188 ], [ -3.553214362091016, 40.499950430192627 ], [ -3.553164360742681, 40.499850427173342 ], [ -3.553104359124679, 40.499750424154065 ], [ -3.552964355349341, 40.499570418719358 ], [ -3.552874352922338, 40.499470415700081 ], [ -3.552774350225668, 40.49936041237887 ], [ -3.552694348068332, 40.499290410265374 ], [ -3.552344338629987, 40.499020402113317 ], [ -3.55193432757364, 40.498770394565121 ], [ -3.551724321910633, 40.498630390338128 ], [ -3.551024303033943, 40.498190377053298 ], [ -3.550554290359594, 40.497960370108949 ], [ -3.550164279842581, 40.497790364976176 ], [ -3.549644265819897, 40.497600359239541 ], [ -3.547854217549504, 40.497050342633507 ], [ -3.547444206493157, 40.496940339312296 ], [ -3.547154198672814, 40.496860336896873 ], [ -3.546784188695135, 40.496740333273735 ], [ -3.546424178987123, 40.496580328442889 ], [ -3.54583416307677, 40.496290319686977 ], [ -3.545474153368758, 40.496130314856124 ], [ -3.545164145009081, 40.49602031153492 ], [ -3.544574129098728, 40.495860306704074 ], [ -3.544424125053723, 40.495810305194432 ], [ -3.544254120469384, 40.49576030368479 ], [ -3.544094116154712, 40.495690301571294 ], [ -3.543984113188375, 40.495640300061659 ], [ -3.543904111031039, 40.495600298853944 ], [ -3.543584102401695, 40.495380292211529 ], [ -3.543254093502684, 40.495150285267187 ], [ -3.542924084603673, 40.494930278624764 ], [ -3.542654077322664, 40.494770273793918 ], [ -3.542414070850656, 40.494620269264999 ], [ -3.542184064648315, 40.494490265339934 ], [ -3.542044060872977, 40.494390262320657 ], [ -3.541904057097639, 40.494300259603307 ], [ -3.541794054131302, 40.49421025688595 ], [ -3.541714051973966, 40.494110253866673 ], [ -3.541654050355964, 40.494000250545461 ], [ -3.54163404981663, 40.493920248130038 ], [ -3.54163404981663, 40.493820245110761 ], [ -3.541654050355964, 40.49371024178955 ], [ -3.541714051973966, 40.493330230316289 ], [ -3.5417340525133, 40.493120223975801 ], [ -3.5417340525133, 40.492930218239167 ], [ -3.541724052243633, 40.492790214012174 ], [ -3.541684051164965, 40.49260020827554 ], [ -3.541644050086297, 40.492470204350482 ], [ -3.541594048737962, 40.492320199821563 ], [ -3.54153404711996, 40.492190195896498 ], [ -3.541394043344622, 40.49198018955601 ], [ -3.541294040647952, 40.491840185329018 ], [ -3.54123403902995, 40.491730182007807 ], [ -3.541184037681615, 40.491620178686603 ], [ -3.541164037142281, 40.491530175969245 ], [ -3.541144036602947, 40.491360170836472 ], [ -3.541144036602947, 40.491070162080561 ], [ -3.541154036872614, 40.490570146984162 ], [ -3.54113403633328, 40.490170134907039 ], [ -3.541084034984945, 40.489680120112567 ], [ -3.54103403363661, 40.489330109545087 ], [ -3.541004032827609, 40.48908010199689 ], [ -3.540974032018608, 40.488810093844833 ], [ -3.540964031748941, 40.488740091731337 ], [ -3.54093403093994, 40.488670089617841 ], [ -3.540904030130939, 40.488610087806272 ], [ -3.540864029052271, 40.488550085994703 ], [ -3.54083402824327, 40.488510084786995 ], [ -3.540794027164602, 40.48847008357928 ], [ -3.540744025816267, 40.488440082673499 ], [ -3.540694024467932, 40.488420082069638 ], [ -3.540404016647589, 40.488340079654215 ], [ -3.540074007748578, 40.488240076634938 ], [ -3.53993400397324, 40.488190075125296 ], [ -3.539794000197902, 40.4881200730118 ], [ -3.539383989141555, 40.487910066671311 ], [ -3.539313987253886, 40.487870065463596 ], [ -3.538583967568195, 40.487500054292262 ], [ -3.538103954624179, 40.48727004734792 ], [ -3.537473937635158, 40.486940037384294 ], [ -3.537323933590153, 40.486850034666944 ], [ -3.537183929814815, 40.486760031949593 ], [ -3.537063926578811, 40.486660028930309 ], [ -3.536963923882141, 40.486570026212959 ], [ -3.536913922533806, 40.48651002440139 ], [ -3.536873921455138, 40.486460022891748 ], [ -3.536863921185471, 40.486410021382113 ], [ -3.536853920915804, 40.486360019872471 ], [ -3.536843920646137, 40.486290017758975 ], [ -3.536853920915804, 40.486210015343552 ], [ -3.536863921185471, 40.486150013531983 ], [ -3.536943923342807, 40.485950007493422 ], [ -3.53703392576981, 40.485710000247153 ], [ -3.537083927118145, 40.485539995114372 ], [ -3.537163929275481, 40.485189984546892 ], [ -3.537223930893483, 40.484839973979419 ], [ -3.53723393116315, 40.484689969450493 ], [ -3.53723393116315, 40.484549965223501 ], [ -3.537213930623816, 40.484419961298443 ], [ -3.537183929814815, 40.484329958581085 ], [ -3.53713392846648, 40.484219955259881 ], [ -3.537003924960809, 40.483949947107824 ], [ -3.536753918219134, 40.483569935634563 ], [ -3.535943896376107, 40.482519903932122 ], [ -3.535793892331102, 40.482339898497415 ], [ -3.535743890982767, 40.482259896081992 ], [ -3.535513884780426, 40.481789881891373 ], [ -3.535303879117419, 40.481309867398835 ], [ -3.535043872106077, 40.480689848679297 ], [ -3.534963869948741, 40.48041984052724 ], [ -3.534813865903736, 40.479949826336622 ], [ -3.534773864825068, 40.479759820599995 ], [ -3.534773864825068, 40.479699818788426 ], [ -3.534783865094735, 40.479609816071068 ], [ -3.534823866173403, 40.479459811542149 ], [ -3.534853866982404, 40.479359808522872 ], [ -3.534863867252071, 40.47930980701323 ], [ -3.534853866982404, 40.479249805201661 ], [ -3.534823866173403, 40.479179803088165 ], [ -3.534723863476733, 40.478979797049611 ], [ -3.534703862937399, 40.478909794936115 ], [ -3.534693862667732, 40.478849793124546 ], [ -3.534673862128398, 40.478749790105262 ], [ -3.534673862128398, 40.478659787387912 ], [ -3.534683862398065, 40.478599785576343 ], [ -3.534703862937399, 40.478509782858993 ], [ -3.534723863476733, 40.478419780141643 ], [ -3.5347338637464, 40.478309776820431 ], [ -3.534723863476733, 40.478129771385724 ], [ -3.534693862667732, 40.477909764743309 ], [ -3.534663861858731, 40.477769760516317 ], [ -3.534593859971062, 40.477489752062333 ], [ -3.534573859431728, 40.477359748137275 ], [ -3.534563859162061, 40.47731974692956 ], [ -3.534513857813726, 40.476949735758225 ], [ -3.534483857004725, 40.476499722171461 ], [ -3.534423855386723, 40.475629695903727 ], [ -3.534403854847389, 40.475019677486117 ], [ -3.534353853499054, 40.474319656351163 ], [ -3.534343853229387, 40.473779640047049 ], [ -3.534293851881052, 40.473189622233292 ], [ -3.534283851611385, 40.472969615590877 ], [ -3.534243850532717, 40.472809610760031 ], [ -3.534193849184382, 40.472619605023397 ], [ -3.534113847027046, 40.472409598682908 ], [ -3.534053845409044, 40.47227959475785 ], [ -3.533943842442707, 40.472099589323143 ], [ -3.533883840824705, 40.472009586605793 ], [ -3.533803838667369, 40.471919583888443 ], [ -3.533643834352697, 40.471789579963378 ], [ -3.533483830038025, 40.471689576944094 ], [ -3.533373827071688, 40.471629575132525 ], [ -3.533183821948015, 40.471549572717102 ], [ -3.533013817363676, 40.471489570905533 ], [ -3.532803811700669, 40.471439569395898 ], [ -3.532583805767995, 40.471399568188183 ], [ -3.532363799835321, 40.471379567584329 ], [ -3.531643780419297, 40.471329566074687 ], [ -3.531103765857279, 40.471309565470833 ], [ -3.530773756958268, 40.471299565168906 ], [ -3.530373746171588, 40.47116956124384 ], [ -3.529953734845574, 40.471059557922629 ], [ -3.529523723249893, 40.470949554601425 ], [ -3.529123712463213, 40.470859551884068 ], [ -3.528783703294535, 40.470779549468645 ], [ -3.528473694934858, 40.470709547355149 ], [ -3.528083684417845, 40.470639545241653 ], [ -3.527583670934495, 40.47055954282623 ], [ -3.527293663114152, 40.470519541618522 ], [ -3.527063656911811, 40.470479540410807 ], [ -3.526893652327472, 40.470439539203099 ], [ -3.526763648821801, 40.470399537995384 ], [ -3.526583643967795, 40.470319535579961 ], [ -3.526243634799117, 40.470159530749115 ], [ -3.525963627248441, 40.469999525918261 ], [ -3.5257336210461, 40.469859521691269 ], [ -3.525523615383093, 40.469719517464277 ], [ -3.525303609450419, 40.469559512633431 ], [ -3.525143605135747, 40.469429508708366 ], [ -3.525043602439077, 40.469329505689089 ], [ -3.524993601090742, 40.46926950387752 ], [ -3.524943599742407, 40.469199501764024 ], [ -3.524913598933406, 40.469129499650528 ], [ -3.524893598394072, 40.469059497537032 ], [ -3.524873597854738, 40.468979495121609 ], [ -3.524863597585071, 40.468899492706186 ], [ -3.524863597585071, 40.468779489083047 ], [ -3.524883598124405, 40.468519481232917 ], [ -3.524923599203073, 40.468209471873152 ], [ -3.524993601090742, 40.467869461607599 ], [ -3.52503360216941, 40.467729457380607 ], [ -3.525083603517745, 40.467609453757468 ], [ -3.525153605405414, 40.467489450134337 ], [ -3.525263608371751, 40.467359446209272 ], [ -3.525413612416756, 40.467199441378426 ], [ -3.525593617270762, 40.467009435641792 ], [ -3.525873624821438, 40.466639424470458 ], [ -3.526083630484445, 40.466389416922254 ], [ -3.526303636417119, 40.466159409977912 ], [ -3.526423639653123, 40.466039406354774 ], [ -3.526583643967795, 40.465909402429709 ], [ -3.526863651518471, 40.465699396089221 ], [ -3.527123658529813, 40.465469389144879 ], [ -3.527443667159157, 40.465179380388967 ], [ -3.527643672552497, 40.464989374652333 ], [ -3.527773676058168, 40.464849370425341 ], [ -3.528023682799843, 40.464539361065576 ], [ -3.528243688732517, 40.464249352309665 ], [ -3.528503695743859, 40.463869340836396 ], [ -3.528673700328198, 40.463609332986273 ], [ -3.528813704103536, 40.463319324230362 ], [ -3.528943707609207, 40.462979313964809 ], [ -3.529053710575544, 40.462559301283832 ], [ -3.529213714890216, 40.462059286187433 ], [ -3.529323717856553, 40.461739276525734 ], [ -3.52943372082289, 40.461369265354399 ], [ -3.529503722710559, 40.461049255692707 ], [ -3.529543723789227, 40.460759246936789 ], [ -3.529553724058894, 40.460439237275097 ], [ -3.529493722440892, 40.460069226103762 ], [ -3.529393719744222, 40.459629212818925 ], [ -3.529283716777885, 40.45922920074181 ], [ -3.529163713541881, 40.458859189570468 ], [ -3.529043710305877, 40.45846917779528 ], [ -3.529013709496876, 40.458389175379857 ], [ -3.528643699519197, 40.458069165718157 ], [ -3.528143686035847, 40.457659153339108 ], [ -3.527743675249167, 40.457339143677416 ], [ -3.527553670125494, 40.45717913884657 ], [ -3.527403666080489, 40.457059135223432 ], [ -3.527163659608481, 40.456849128882943 ], [ -3.527023655833143, 40.456699124354024 ], [ -3.526923653136473, 40.456569120428959 ], [ -3.5267336480128, 40.456299112276902 ], [ -3.526643645585797, 40.456139107446056 ], [ -3.526573643698128, 40.455989102917137 ], [ -3.526503641810459, 40.45580909748243 ], [ -3.526483641271125, 40.455739095368934 ], [ -3.526473641001458, 40.455669093255437 ], [ -3.526463640731791, 40.45556909023616 ], [ -3.526463640731791, 40.455499088122664 ], [ -3.526473641001458, 40.455449086613022 ], [ -3.526493641540792, 40.455389084801453 ], [ -3.526553643158794, 40.455289081782176 ], [ -3.526623645046463, 40.455189078762899 ], [ -3.526693646934132, 40.455109076347469 ], [ -3.526743648282467, 40.455059074837834 ], [ -3.526793649630802, 40.455019073630119 ], [ -3.526883652057805, 40.45495907181855 ], [ -3.527103657990479, 40.454829067893485 ], [ -3.527203660687149, 40.45477906638385 ], [ -3.527343664462487, 40.454719064572281 ], [ -3.527483668237825, 40.454659062760712 ], [ -3.52763367228283, 40.45460906125107 ], [ -3.527793676597502, 40.454559059741435 ], [ -3.527923680103173, 40.45451905853372 ], [ -3.528073684148178, 40.454479057326004 ], [ -3.528243688732517, 40.454449056420223 ], [ -3.528453694395524, 40.454419055514443 ], [ -3.528783703294535, 40.454389054608654 ], [ -3.529103711923879, 40.454359053702873 ], [ -3.529453721362224, 40.454349053400946 ], [ -3.529823731339903, 40.454349053400946 ], [ -3.529913733766906, 40.454349053400946 ], [ -3.53003373700291, 40.454359053702873 ], [ -3.53013373969958, 40.4543690540048 ], [ -3.530253742935584, 40.454389054608654 ], [ -3.530413747250256, 40.454429055816369 ], [ -3.530493749407592, 40.454449056420223 ], [ -3.530553751025594, 40.454469057024077 ], [ -3.530853759115604, 40.454619061552997 ], [ -3.53093376127294, 40.454659062760712 ], [ -3.531023763699943, 40.454699063968427 ], [ -3.531083765317945, 40.454719064572281 ], [ -3.531163767475281, 40.454739065176135 ], [ -3.531243769632617, 40.454749065478062 ], [ -3.531353772598954, 40.454749065478062 ], [ -3.531553777992294, 40.454749065478062 ], [ -3.531793784464302, 40.454749065478062 ], [ -3.531883786891305, 40.454749065478062 ], [ -3.531973789318308, 40.454729064874208 ], [ -3.532083792284645, 40.454699063968427 ], [ -3.532173794711648, 40.454669063062639 ], [ -3.532293797947652, 40.454619061552997 ], [ -3.532413801183656, 40.454569060043362 ], [ -3.532573805498328, 40.454489057627939 ], [ -3.532673808194998, 40.454429055816369 ], [ -3.53283381250967, 40.454319052495158 ], [ -3.532963816015341, 40.454219049475881 ], [ -3.533173821678348, 40.454029043739247 ], [ -3.533563832195361, 40.453619031360198 ], [ -3.534003844060709, 40.453149017169586 ], [ -3.53423385026305, 40.452859008413668 ], [ -3.534393854577722, 40.452659002375114 ], [ -3.53453385835306, 40.452478996940407 ], [ -3.534563859162061, 40.452388994223057 ], [ -3.534583859701395, 40.452258990297992 ], [ -3.534573859431728, 40.452138986674854 ], [ -3.534553858892394, 40.452028983353649 ], [ -3.534503857544059, 40.451898979428584 ], [ -3.534453856195724, 40.451788976107373 ], [ -3.534373854038388, 40.451678972786169 ], [ -3.534183848914715, 40.451438965539893 ], [ -3.533903841364039, 40.451088954972413 ], [ -3.533553831925694, 40.450688942895297 ], [ -3.533453829229024, 40.450558938970232 ], [ -3.53333382599302, 40.450358932931671 ], [ -3.533213822757016, 40.450108925383475 ], [ -3.533083819251345, 40.449798916023703 ], [ -3.532973816285008, 40.449538908173572 ], [ -3.532793811431002, 40.449188897606092 ], [ -3.532563805228661, 40.448818886434758 ], [ -3.532323798756653, 40.448378873149927 ], [ -3.532163794441981, 40.44810886499787 ], [ -3.531973789318308, 40.447808855940032 ], [ -3.531813785003636, 40.447598849599544 ], [ -3.531553777992294, 40.447308840843633 ], [ -3.531343772329287, 40.447088834201217 ], [ -3.531683781497965, 40.44699883148386 ], [ -3.531693781767632, 40.44699883148386 ], [ -3.533093819521012, 40.446648820916387 ], [ -3.533663834892031, 40.446578818802891 ], [ -3.533963842982041, 40.44655881819903 ], [ -3.534203849454049, 40.44655881819903 ], [ -3.53443385565639, 40.446568818500957 ], [ -3.534723863476733, 40.446598819406745 ], [ -3.535043872106077, 40.446658821218314 ], [ -3.535343880196087, 40.44672882333181 ], [ -3.536473910668458, 40.447038832691575 ], [ -3.537063926578811, 40.447178836918567 ], [ -3.537643942219497, 40.447288840239779 ], [ -3.539703997770899, 40.447538847787975 ], [ -3.542744079749667, 40.447878858053528 ], [ -3.547344203796487, 40.448408874055708 ], [ -3.550964301415941, 40.448808886132831 ], [ -3.553494369641692, 40.449098894888742 ], [ -3.555654427889764, 40.449318901531157 ], [ -3.557064465912811, 40.449408904248514 ], [ -3.558344500430187, 40.44947890636201 ], [ -3.561804593734969, 40.449558908777433 ], [ -3.565044681107077, 40.449638911192856 ], [ -3.5657346997141, 40.44965891179671 ], [ -3.570604831041929, 40.449748914514061 ], [ -3.573774916526368, 40.449788915721776 ], [ -3.575174954279748, 40.449818916627557 ], [ -3.577185008482815, 40.449868918137199 ], [ -3.579925082371573, 40.449928919948768 ], [ -3.581415122551956, 40.449908919344914 ], [ -3.582315146821986, 40.449898919042987 ], [ -3.583455177564024, 40.449898919042987 ], [ -3.587485286239825, 40.449948920552622 ], [ -3.593245441568017, 40.450048923571906 ], [ -3.592365417837321, 40.450188927798898 ], [ -3.591845403814637, 40.450278930516248 ], [ -3.591155385207614, 40.45041893474324 ], [ -3.590495367409592, 40.450628941083728 ], [ -3.589995353926242, 40.450828947122289 ], [ -3.589455339364224, 40.451138956482055 ], [ -3.589045328307877, 40.451408964634112 ], [ -3.588715319408866, 40.451648971880381 ], [ -3.587975299453508, 40.452258990297992 ], [ -3.584385202643055, 40.45530908238603 ], [ -3.580175089113248, 40.458759186551191 ], [ -3.577905027898839, 40.460659243917512 ], [ -3.578795051899202, 40.461279262637049 ], [ -3.579525071584893, 40.46180927863923 ], [ -3.580555099360594, 40.462489299170336 ], [ -3.580865107720271, 40.462279292829848 ], [ -3.582505151945659, 40.4637993387229 ], [ -3.583415176485356, 40.464769368009918 ], [ -3.584545206957727, 40.465329384917887 ], [ -3.583545179991027, 40.465989404845132 ], [ -3.583145169204347, 40.466269413299116 ], [ -3.582865161653671, 40.466559422055035 ], [ -3.582495151675992, 40.467059437151434 ], [ -3.582246342571403, 40.467686438117703 ] ] ] } },
{ "type": "Feature", "properties": { "id_barrio": "08081", "nombre_barrio": "El Pardo", "nombre_distrito": "Fuencarral - El Pardo", "area_km2": 187.617, "distancia_centro_km": 17.186, "lat_c": 40.555770789171859, "lon_c": -3.7933071968557703 }, "geometry": { "type": "Polygon", "coordinates": [ [ [ -3.701588363140295, 40.578532802742849 ], [ -3.703658418961364, 40.57856280364863 ], [ -3.710248596671917, 40.578512802138988 ], [ -3.710478602874258, 40.578512802138988 ], [ -3.710488603143925, 40.578442800025499 ], [ -3.71053860449226, 40.578252794288865 ], [ -3.710568605301261, 40.578112790061873 ], [ -3.710588605840595, 40.578022787344523 ], [ -3.710628606919263, 40.577872782815597 ], [ -3.710698608806932, 40.577592774361612 ], [ -3.7107386098856, 40.577352767115343 ], [ -3.710858613121604, 40.576752748999667 ], [ -3.710918614739606, 40.576492741149536 ], [ -3.710948615548607, 40.576312735714829 ], [ -3.710988616627275, 40.57616273118591 ], [ -3.711078619054278, 40.575752718806861 ], [ -3.71113862067228, 40.575512711560592 ], [ -3.711258623908284, 40.574912693444915 ], [ -3.711318625526286, 40.574622684688997 ], [ -3.711448629031957, 40.574092668686816 ], [ -3.711598633076962, 40.573462649665352 ], [ -3.7117386368523, 40.572842630945814 ], [ -3.712068645751311, 40.572372616755203 ], [ -3.712178648717648, 40.572072607697358 ], [ -3.712228650065983, 40.571912602866512 ], [ -3.712318652492986, 40.57171259682795 ], [ -3.712528658155993, 40.571392587166258 ], [ -3.712558658964994, 40.571332585354689 ], [ -3.712728663549333, 40.571092578108413 ], [ -3.713128674336013, 40.57060256331394 ], [ -3.713288678650685, 40.570392556973452 ], [ -3.713698689707032, 40.569882541575126 ], [ -3.71403869887571, 40.569412527384515 ], [ -3.714488711010725, 40.568822509570758 ], [ -3.714878721527738, 40.568292493568578 ], [ -3.715118727999746, 40.567962483604951 ], [ -3.715928749842773, 40.566762447373591 ], [ -3.716028752539443, 40.566612442844672 ], [ -3.716058753348444, 40.566572441636957 ], [ -3.71603875280911, 40.566552441033103 ], [ -3.716098754427112, 40.566292433182973 ], [ -3.716208757393449, 40.565832419294289 ], [ -3.716288759550785, 40.565492409028735 ], [ -3.716358761438454, 40.565172399367043 ], [ -3.716358761438454, 40.565152398763182 ], [ -3.716348761168787, 40.565052395743905 ], [ -3.71633876089912, 40.564992393932336 ], [ -3.716308760090119, 40.564782387591848 ], [ -3.716298759820452, 40.564702385176425 ], [ -3.716288759550785, 40.564582381553286 ], [ -3.716268759011451, 40.564432377024367 ], [ -3.716258758741784, 40.564322373703156 ], [ -3.716178756584448, 40.563782357399049 ], [ -3.716078753887778, 40.563102336867942 ], [ -3.716068753618111, 40.563072335962161 ], [ -3.716008752000109, 40.562892330527454 ], [ -3.715978751191108, 40.562792327508177 ], [ -3.71593875011244, 40.562672323885039 ], [ -3.715908749303439, 40.562602321771543 ], [ -3.715828747146103, 40.562372314827201 ], [ -3.715798746337102, 40.562272311807916 ], [ -3.715728744449433, 40.562082306071289 ], [ -3.715718744179766, 40.562052305165501 ], [ -3.715648742292097, 40.561822298221159 ], [ -3.715528739056093, 40.561462287351752 ], [ -3.715448736898757, 40.561222280105483 ], [ -3.715428736359423, 40.561182278897768 ], [ -3.715408735820089, 40.561122277086199 ], [ -3.71533873393242, 40.560882269839929 ], [ -3.715278732314418, 40.560752265914864 ], [ -3.715228730966083, 40.560572260480157 ], [ -3.71513872853908, 40.560322252931961 ], [ -3.715078726921078, 40.560142247497254 ], [ -3.714968723954741, 40.559822237835562 ], [ -3.71463871505573, 40.558782206435048 ], [ -3.714828720179403, 40.558462196773348 ], [ -3.715018725303076, 40.55816218771551 ], [ -3.715168729348081, 40.557912180167314 ], [ -3.715208730426749, 40.557842178053818 ], [ -3.714978724224408, 40.557652172317184 ], [ -3.714588713707395, 40.557332162655484 ], [ -3.714088700224045, 40.556902149672581 ], [ -3.713908695370039, 40.556752145143662 ], [ -3.713608687280029, 40.555882118875928 ], [ -3.713588686740695, 40.555822117064359 ], [ -3.713518684853026, 40.555622111025798 ], [ -3.713298678920352, 40.554942090494698 ], [ -3.713088673257345, 40.554312071473234 ], [ -3.712898668133672, 40.55371205335755 ], [ -3.712558658964994, 40.552672021957036 ], [ -3.711968643054641, 40.550851967006146 ], [ -3.71163863415563, 40.549841936511413 ], [ -3.711348626335287, 40.548971910243679 ], [ -3.711248623638617, 40.548691901789695 ], [ -3.711178621750948, 40.548451894543426 ], [ -3.711048618245277, 40.548081883372085 ], [ -3.710788611233935, 40.547281859217847 ], [ -3.710748610155267, 40.547161855594709 ], [ -3.710688608537265, 40.547001850763863 ], [ -3.710658607728264, 40.546911848046513 ], [ -3.710568605301261, 40.546721842309879 ], [ -3.71043860179559, 40.546431833553967 ], [ -3.710268597211251, 40.546111823892275 ], [ -3.71023859640225, 40.546061822382633 ], [ -3.710128593435913, 40.545851816042145 ], [ -3.709968589121241, 40.545551806984307 ], [ -3.709848585885237, 40.545331800341884 ], [ -3.709778583997568, 40.545201796416826 ], [ -3.70963858022223, 40.544951788868623 ], [ -3.709518576986226, 40.544711781622354 ], [ -3.709478575907558, 40.544631779206931 ], [ -3.709358572671554, 40.544421772866443 ], [ -3.709298571053552, 40.544301769243305 ], [ -3.709288570783885, 40.544271768337516 ], [ -3.709168567547881, 40.544051761695101 ], [ -3.709098565660212, 40.543911757468109 ], [ -3.709048564311877, 40.543821754750759 ], [ -3.708918560806206, 40.54358174750449 ], [ -3.708588551907195, 40.542961728784952 ], [ -3.708528550289193, 40.542861725765668 ], [ -3.708498549480192, 40.542801723954106 ], [ -3.708428547592523, 40.542691720632895 ], [ -3.708318544626186, 40.542491714594334 ], [ -3.708268543277851, 40.542411712178911 ], [ -3.708198541390182, 40.542291708555773 ], [ -3.708088538423845, 40.542091702517219 ], [ -3.707978535457508, 40.541891696478658 ], [ -3.707928534109173, 40.5418016937613 ], [ -3.707888533030505, 40.541731691647804 ], [ -3.707858532221504, 40.541681690138169 ], [ -3.707848531951837, 40.541671689836242 ], [ -3.707758529524834, 40.541541685911177 ], [ -3.707628526019163, 40.541371680778397 ], [ -3.707288516850485, 40.54092166719164 ], [ -3.707248515771817, 40.540881665983925 ], [ -3.70713851280548, 40.540761662360794 ], [ -3.707088511457145, 40.540711660851152 ], [ -3.707028509839143, 40.540651659039582 ], [ -3.706988508760475, 40.540611657831874 ], [ -3.70693850741214, 40.540571656624159 ], [ -3.706818504176136, 40.540461653302948 ], [ -3.706778503097468, 40.540431652397167 ], [ -3.706718501479466, 40.540381650887525 ], [ -3.706608498513129, 40.540281647868248 ], [ -3.706468494737791, 40.54016164424511 ], [ -3.706358491771454, 40.540081641829687 ], [ -3.706218487996116, 40.53998163881041 ], [ -3.706028482872443, 40.539841634583418 ], [ -3.705608471546429, 40.539541625525572 ], [ -3.705408466153089, 40.53940162129858 ], [ -3.705518469119426, 40.539251616769661 ], [ -3.705688473703765, 40.539041610429173 ], [ -3.705808476939769, 40.538881605598327 ], [ -3.705968481254441, 40.538691599861693 ], [ -3.706218487996116, 40.538371590200001 ], [ -3.70643849392879, 40.538101582047943 ], [ -3.706828504445803, 40.537601566951544 ], [ -3.70693850741214, 40.537461562724552 ], [ -3.707028509839143, 40.537341559101414 ], [ -3.707098511726812, 40.537251556384064 ], [ -3.707318517659486, 40.536981548232006 ], [ -3.707448521165157, 40.536811543099233 ], [ -3.707548523861827, 40.536701539778022 ], [ -3.707728528715833, 40.536531534645249 ], [ -3.708688554603865, 40.535641507773654 ], [ -3.709078565120878, 40.535281496904247 ], [ -3.709378573210888, 40.535001488450263 ], [ -3.709698581840232, 40.534701479392425 ], [ -3.709908587503239, 40.53451147365579 ], [ -3.710068591817911, 40.534351468824944 ], [ -3.710288597750585, 40.534141462484456 ], [ -3.710788611233935, 40.533681448595765 ], [ -3.711208622559949, 40.533291436820576 ], [ -3.711298624986952, 40.533211434405153 ], [ -3.711478629840958, 40.5330514295743 ], [ -3.711558631998294, 40.532981427460811 ], [ -3.711658634694964, 40.532881424441527 ], [ -3.711678635234298, 40.532861423837673 ], [ -3.711698635773632, 40.532851423535746 ], [ -3.711808638739969, 40.532811422328031 ], [ -3.711898641166972, 40.53278142142225 ], [ -3.711968643054641, 40.532751420516462 ], [ -3.711998643863642, 40.532741420214535 ], [ -3.712058645481644, 40.532721419610681 ], [ -3.712178648717648, 40.532681418402966 ], [ -3.712348653301987, 40.532621416591397 ], [ -3.712518657886326, 40.532561414779835 ], [ -3.712678662200998, 40.532501412968266 ], [ -3.71283866651567, 40.532441411156697 ], [ -3.713008671100009, 40.532381409345128 ], [ -3.71313867460568, 40.532331407835485 ], [ -3.71323867730235, 40.532301406929705 ], [ -3.713468683504691, 40.532221404514281 ], [ -3.713658688628364, 40.532161402702712 ], [ -3.71383869348237, 40.532101400891143 ], [ -3.714008698066709, 40.532041399079574 ], [ -3.714178702651048, 40.531981397268005 ], [ -3.71433870696572, 40.53193139575837 ], [ -3.714408708853389, 40.531911395154509 ], [ -3.714608714246729, 40.531841393041013 ], [ -3.714768718561401, 40.531781391229451 ], [ -3.714948723415407, 40.531721389417882 ], [ -3.715108727730079, 40.531661387606313 ], [ -3.715258731775084, 40.531611386096671 ], [ -3.716108754696779, 40.53132137734076 ], [ -3.71733878786582, 40.530901364659783 ], [ -3.718668823731531, 40.530441350771099 ], [ -3.719458845035224, 40.530171342619042 ], [ -3.720508873350259, 40.529951335976627 ], [ -3.720928884676273, 40.529861333259269 ], [ -3.722108916496979, 40.529371318464797 ], [ -3.72253892809266, 40.529191313030097 ], [ -3.723248947239017, 40.528891303972259 ], [ -3.723858963688704, 40.528641296424055 ], [ -3.724508981217059, 40.528371288271998 ], [ -3.724978993891408, 40.528171282233437 ], [ -3.725509008183759, 40.527941275289095 ], [ -3.726359031105454, 40.527581264419688 ], [ -3.727089050791145, 40.527271255059922 ], [ -3.727679066701498, 40.527021247511719 ], [ -3.727779069398168, 40.526851242378946 ], [ -3.72783907101617, 40.526751239359662 ], [ -3.727919073173506, 40.526601234830743 ], [ -3.728019075870176, 40.526411229094109 ], [ -3.72803907640951, 40.526371227886401 ], [ -3.728229081533183, 40.526041217922774 ], [ -3.728379085578188, 40.525781210072651 ], [ -3.728479088274858, 40.525601204637944 ], [ -3.728579090971528, 40.525421199203237 ], [ -3.728679093668198, 40.525251194070464 ], [ -3.728879099061538, 40.524901183502983 ], [ -3.728979101758208, 40.52473117837021 ], [ -3.729399113084222, 40.523981155725608 ], [ -3.729599118477562, 40.5236211448562 ], [ -3.729629119286563, 40.523581143648485 ], [ -3.729929127376573, 40.52318113157137 ], [ -3.729999129264242, 40.52318113157137 ], [ -3.730069131151911, 40.52318113157137 ], [ -3.73033913843292, 40.523161130967509 ], [ -3.730609145713929, 40.523141130363655 ], [ -3.731179161084948, 40.523091128854013 ], [ -3.731359165938954, 40.523081128552086 ], [ -3.731529170523293, 40.523061127948232 ], [ -3.7317391761863, 40.523041127344378 ], [ -3.731849179152637, 40.523031127042451 ], [ -3.731899180500972, 40.523021126740517 ], [ -3.732049184545977, 40.522991125834736 ], [ -3.732189188321315, 40.522961124928955 ], [ -3.73233919236632, 40.522931124023167 ], [ -3.732389193714655, 40.52292112372124 ], [ -3.732509196950659, 40.522891122815459 ], [ -3.732609199647329, 40.522871122211598 ], [ -3.732629200186663, 40.522841121305817 ], [ -3.73263920045633, 40.52283112100389 ], [ -3.732649200725997, 40.522821120701963 ], [ -3.732669201265331, 40.522791119796175 ], [ -3.732699202074332, 40.522751118588467 ], [ -3.732719202613666, 40.522721117682678 ], [ -3.732739203153, 40.522701117078824 ], [ -3.732749203422667, 40.522681116474971 ], [ -3.732809205040669, 40.52260111405954 ], [ -3.732879206928338, 40.522501111040263 ], [ -3.732919208007006, 40.522451109530621 ], [ -3.732999210164342, 40.52233110590749 ], [ -3.733189215288015, 40.52207109805736 ], [ -3.733309218524019, 40.521891092622653 ], [ -3.73333921933302, 40.521841091113018 ], [ -3.733389220681355, 40.521771088999522 ], [ -3.733469222838691, 40.521651085376384 ], [ -3.733519224187026, 40.521571082960961 ], [ -3.733569225535361, 40.521501080847464 ], [ -3.733619226883696, 40.521431078733968 ], [ -3.73383923281637, 40.521111069072269 ], [ -3.733889234164705, 40.521041066958773 ], [ -3.733909234704039, 40.521021066354919 ], [ -3.73393923551304, 40.520981065147211 ], [ -3.733989236861375, 40.520901062731781 ], [ -3.734049238479377, 40.520821060316358 ], [ -3.734109240097379, 40.520741057900935 ], [ -3.734179241985048, 40.520651055183585 ], [ -3.734279244681718, 40.520511050956593 ], [ -3.734289244951385, 40.520491050352739 ], [ -3.734319245760386, 40.520451049145024 ], [ -3.73443924899639, 40.520271043710316 ], [ -3.734489250344725, 40.520211041898754 ], [ -3.734569252502061, 40.520101038577543 ], [ -3.734659254929064, 40.519971034652478 ], [ -3.734859260322404, 40.519681025896567 ], [ -3.734909261670739, 40.519611023783071 ], [ -3.734999264097742, 40.519481019858006 ], [ -3.735109267064079, 40.519331015329087 ], [ -3.735199269491082, 40.519201011404022 ], [ -3.735289271918085, 40.519071007478956 ], [ -3.735359273805754, 40.518981004761606 ], [ -3.735429275693423, 40.518881001742329 ], [ -3.735479277041758, 40.518800999326906 ], [ -3.735599280277762, 40.518630994194126 ], [ -3.735649281626097, 40.51856099208063 ], [ -3.735769284862101, 40.518400987249784 ], [ -3.735849287019437, 40.518300984230507 ], [ -3.735969290255441, 40.5181209787958 ], [ -3.736059292682444, 40.517990974870735 ], [ -3.736149295109447, 40.517860970945669 ], [ -3.736219296997116, 40.517770968228319 ], [ -3.736359300772454, 40.517580962491685 ], [ -3.736429302660123, 40.517480959472408 ], [ -3.736679309401798, 40.517130948904928 ], [ -3.736919315873806, 40.516810939243229 ], [ -3.737159322345814, 40.516480929279609 ], [ -3.737329326930153, 40.516240922033333 ], [ -3.737419329357156, 40.516110918108275 ], [ -3.737769338795501, 40.51563090361573 ], [ -3.737979344458508, 40.515350895161745 ], [ -3.738199350391182, 40.515060886405834 ], [ -3.738649362526197, 40.514450867988224 ], [ -3.738769365762201, 40.51428086285545 ], [ -3.738809366840869, 40.514220861043881 ], [ -3.738849367919537, 40.514150858930385 ], [ -3.738899369267872, 40.514070856514962 ], [ -3.739019372503876, 40.513880850778328 ], [ -3.739089374391545, 40.51376084715519 ], [ -3.739229378166883, 40.513530840210848 ], [ -3.739319380593886, 40.513370835380002 ], [ -3.739419383290556, 40.513310833568433 ], [ -3.739689390571565, 40.512870820283602 ], [ -3.740649416459597, 40.511250771371266 ], [ -3.7407394188866, 40.511100766842347 ], [ -3.740769419695601, 40.511060765634632 ], [ -3.740799420504602, 40.511000763823063 ], [ -3.74083942158327, 40.510940762011494 ], [ -3.740859422122604, 40.510900760803786 ], [ -3.740879422661938, 40.510870759897998 ], [ -3.740919423740606, 40.510800757784502 ], [ -3.740949424549607, 40.510760756576794 ], [ -3.740959424819274, 40.510750756274867 ], [ -3.740969425088941, 40.510740755972932 ], [ -3.740989425628275, 40.510700754765224 ], [ -3.741009426167609, 40.510660753557509 ], [ -3.741029426706943, 40.510620752349801 ], [ -3.741059427515944, 40.510570750840159 ], [ -3.741069427785611, 40.510550750236305 ], [ -3.741089428324945, 40.510520749330517 ], [ -3.741119429133946, 40.510470747820882 ], [ -3.741149429942947, 40.51042074631124 ], [ -3.741169430482281, 40.510380745103525 ], [ -3.741199431291282, 40.510340743895817 ], [ -3.741259432909284, 40.510240740876533 ], [ -3.741279433448618, 40.510210739970752 ], [ -3.741299433987952, 40.510170738763037 ], [ -3.74133943506662, 40.510100736649541 ], [ -3.741349435336287, 40.510090736347614 ], [ -3.741359435605954, 40.51007073574376 ], [ -3.741379436145288, 40.510040734837979 ], [ -3.741399436684622, 40.510000733630264 ], [ -3.741419437223956, 40.509970732724483 ], [ -3.741489439111625, 40.509850729101345 ], [ -3.741509439650959, 40.50981072789363 ], [ -3.741529440190293, 40.509770726685922 ], [ -3.741549440729627, 40.509730725478207 ], [ -3.741629442886963, 40.509600721553142 ], [ -3.741649443426297, 40.509560720345434 ], [ -3.741679444235298, 40.509520719137718 ], [ -3.741699444774632, 40.50948071793001 ], [ -3.741729445583633, 40.509440716722295 ], [ -3.741749446122967, 40.509410715816514 ], [ -3.741759446392634, 40.509390715212653 ], [ -3.741769446662301, 40.509370714608799 ], [ -3.741799447471302, 40.509320713099157 ], [ -3.741819448010636, 40.509290712193376 ], [ -3.74183944854997, 40.509260711287588 ], [ -3.741859449089304, 40.509230710381807 ], [ -3.741879449628638, 40.509200709476026 ], [ -3.741909450437639, 40.509160708268311 ], [ -3.741929450976973, 40.509120707060596 ], [ -3.741949451516307, 40.509090706154815 ], [ -3.741969452055641, 40.509060705249034 ], [ -3.741989452594975, 40.509020704041319 ], [ -3.74203945394331, 40.508950701927823 ], [ -3.741379436145288, 40.508750695889262 ], [ -3.741289433718285, 40.508720694983481 ], [ -3.74113942967328, 40.508680693775766 ], [ -3.74093942427994, 40.508620691964197 ], [ -3.73993939731324, 40.508320682906358 ], [ -3.739729391650233, 40.508260681094789 ], [ -3.739499385447892, 40.508190678981293 ], [ -3.739209377627549, 40.508100676263943 ], [ -3.739069373852211, 40.508060675056228 ], [ -3.738959370885874, 40.508030674150447 ], [ -3.738799366571202, 40.507990672942732 ], [ -3.738669363065531, 40.507950671735024 ], [ -3.738549359829527, 40.507910670527309 ], [ -3.738389355514855, 40.507860669017674 ], [ -3.738289352818185, 40.507830668111886 ], [ -3.738209350660849, 40.507810667508032 ], [ -3.738089347424845, 40.507780666602251 ], [ -3.737959343919174, 40.507740665394536 ], [ -3.737829340413503, 40.507700664186821 ], [ -3.737769338795501, 40.507680663582967 ], [ -3.737599334211162, 40.507630662073325 ], [ -3.737419329357156, 40.50758066056369 ], [ -3.737289325851485, 40.507540659355975 ], [ -3.73713932180648, 40.507490657846333 ], [ -3.737089320458145, 40.507480657544406 ], [ -3.736989317761475, 40.507450656638625 ], [ -3.736849313986137, 40.50741065543091 ], [ -3.736779312098468, 40.507390654827056 ], [ -3.736629308053463, 40.507350653619341 ], [ -3.736489304278125, 40.507310652411633 ], [ -3.736379301311788, 40.507280651505845 ], [ -3.736129294570113, 40.507210649392349 ], [ -3.735889288098105, 40.507140647278852 ], [ -3.735709283244099, 40.507090645769217 ], [ -3.735509277850759, 40.507040644259575 ], [ -3.73533927326642, 40.506990642749933 ], [ -3.735249270839417, 40.506960641844152 ], [ -3.735109267064079, 40.506920640636437 ], [ -3.734969263288741, 40.506880639428729 ], [ -3.734829259513403, 40.507100646071144 ], [ -3.734799258704402, 40.507150647580787 ], [ -3.734769257895401, 40.507190648788495 ], [ -3.7347392570864, 40.50723064999621 ], [ -3.734709256277399, 40.507270651203918 ], [ -3.734689255738065, 40.507310652411633 ], [ -3.734649254659397, 40.507380654525129 ], [ -3.734619253850396, 40.507430656034771 ], [ -3.734579252771728, 40.507490657846333 ], [ -3.734559252232394, 40.507530659054048 ], [ -3.734519251153726, 40.507590660865617 ], [ -3.734489250344725, 40.507640662375259 ], [ -3.734449249266057, 40.507700664186821 ], [ -3.734409248187389, 40.50776066599839 ], [ -3.734099239827712, 40.507660662979113 ], [ -3.734029237940043, 40.507640662375259 ], [ -3.733919234973706, 40.507600661167544 ], [ -3.733879233895038, 40.507590660865617 ], [ -3.733699229041032, 40.507530659054048 ], [ -3.733599226344362, 40.507500658148267 ], [ -3.733469222838691, 40.507460656940552 ], [ -3.733429221760023, 40.507450656638625 ], [ -3.733279217715018, 40.507430656034771 ], [ -3.732999210164342, 40.50732065271356 ], [ -3.732929208276673, 40.507200649090422 ], [ -3.732899207467672, 40.507150647580787 ], [ -3.732999210164342, 40.507020643655721 ], [ -3.733099212861012, 40.506410625238111 ], [ -3.732809205040669, 40.506340623124615 ], [ -3.732739203153, 40.505920610443638 ], [ -3.732739203153, 40.505900609839784 ], [ -3.732729202883333, 40.505850608330142 ], [ -3.732719202613666, 40.5058006068205 ], [ -3.732719202613666, 40.505790606518573 ], [ -3.732549198029327, 40.505340592931816 ], [ -3.732549198029327, 40.505330592629889 ], [ -3.73253919775966, 40.505290591422174 ], [ -3.732529197489993, 40.505240589912539 ], [ -3.732519197220326, 40.505210589006751 ], [ -3.732519197220326, 40.505200588704824 ], [ -3.732509196950659, 40.505160587497109 ], [ -3.732499196680992, 40.505120586289401 ], [ -3.732489196411325, 40.505080585081686 ], [ -3.732479196141658, 40.505050584175905 ], [ -3.732469195871991, 40.505020583270117 ], [ -3.732459195602324, 40.504990582364336 ], [ -3.732449195332657, 40.504950581156621 ], [ -3.73243919506299, 40.504900579646986 ], [ -3.73243919506299, 40.504890579345059 ], [ -3.732429194793323, 40.504840577835417 ], [ -3.732419194523656, 40.504790576325775 ], [ -3.732409194253989, 40.504740574816132 ], [ -3.732409194253989, 40.504710573910351 ], [ -3.732399193984322, 40.504670572702636 ], [ -3.732399193984322, 40.504640571796855 ], [ -3.732399193984322, 40.504610570891074 ], [ -3.732399193984322, 40.504580569985286 ], [ -3.732389193714655, 40.504540568777578 ], [ -3.732389193714655, 40.50451056787179 ], [ -3.732389193714655, 40.504480566966009 ], [ -3.732389193714655, 40.504450566060221 ], [ -3.732389193714655, 40.504410564852513 ], [ -3.732379193444988, 40.504370563644798 ], [ -3.732369193175321, 40.504320562135156 ], [ -3.732359192905654, 40.504270560625521 ], [ -3.732309191557319, 40.503910549756114 ], [ -3.732699202074332, 40.50348053677321 ], [ -3.733059211782344, 40.50322052892308 ], [ -3.733649227692697, 40.502790515940177 ], [ -3.733969236322041, 40.502560508995835 ], [ -3.734509250884059, 40.502170497220639 ], [ -3.734849260052737, 40.501260469745191 ], [ -3.735399274884422, 40.499790425361773 ], [ -3.735869287558771, 40.498520387016917 ], [ -3.736159295379114, 40.497750363768461 ], [ -3.736169295648781, 40.497710362560753 ], [ -3.736209296727449, 40.497610359541468 ], [ -3.736319299693786, 40.497320350785557 ], [ -3.736429302660123, 40.497080343539288 ], [ -3.736449303199457, 40.497040342331573 ], [ -3.736509304817459, 40.496910338406515 ], [ -3.736559306165794, 40.496810335387231 ], [ -3.736649308592797, 40.496630329952531 ], [ -3.736749311289467, 40.496420323612043 ], [ -3.736849313986137, 40.496230317875408 ], [ -3.736929316143473, 40.496080313346489 ], [ -3.737119321267146, 40.495720302477082 ], [ -3.737169322615481, 40.495620299457798 ], [ -3.737229324233483, 40.495490295532733 ], [ -3.737349327469487, 40.495240287984537 ], [ -3.737399328817822, 40.495130284663325 ], [ -3.737449330166157, 40.495020281342121 ], [ -3.737499331514492, 40.49491027802091 ], [ -3.737569333402161, 40.494780274095845 ], [ -3.73763933528983, 40.494630269566926 ], [ -3.737709337177499, 40.494500265641861 ], [ -3.737759338525834, 40.494400262622584 ], [ -3.737809339874169, 40.494300259603307 ], [ -3.737859341222504, 40.494190256282096 ], [ -3.737909342570839, 40.494100253564746 ], [ -3.737979344458508, 40.493950249035827 ], [ -3.737999344997842, 40.493900247526184 ], [ -3.738009345267509, 40.493890247224257 ], [ -3.738019345537176, 40.49388024692233 ], [ -3.738029345806843, 40.493870246620396 ], [ -3.738049346346177, 40.493840245714615 ], [ -3.738199350391182, 40.493550236958704 ], [ -3.738209350660849, 40.49353023635485 ], [ -3.738349354436187, 40.493240227598939 ], [ -3.738409356054189, 40.493120223975801 ], [ -3.738589360908195, 40.492760213106394 ], [ -3.7387393649532, 40.492460204048548 ], [ -3.73903937304321, 40.491850185630945 ], [ -3.739379382211888, 40.491170165099838 ], [ -3.739979398391908, 40.490550146380301 ], [ -3.740389409448255, 40.490170134907039 ], [ -3.741079428055278, 40.489520115281721 ], [ -3.74113942967328, 40.489460113470152 ], [ -3.741149429942947, 40.489460113470152 ], [ -3.741179430751948, 40.489430112564371 ], [ -3.741299433987952, 40.48932010924316 ], [ -3.741479438841958, 40.489150104110387 ], [ -3.741649443426297, 40.488990099279533 ], [ -3.741929450976973, 40.48873009142941 ], [ -3.742409463920989, 40.488500084485061 ], [ -3.742559467965994, 40.487870065463596 ], [ -3.743709498977699, 40.486130012928129 ], [ -3.744189511921715, 40.485669999039438 ], [ -3.744399517584722, 40.485469993000876 ], [ -3.745499547248092, 40.483569935634563 ], [ -3.745059535382744, 40.482839913593814 ], [ -3.745029534573743, 40.482789912084172 ], [ -3.744929531877073, 40.482659908159114 ], [ -3.744469519472391, 40.482419900912838 ], [ -3.744309515157719, 40.482339898497415 ], [ -3.743679498168698, 40.481999888231861 ], [ -3.742809474707669, 40.481549874645104 ], [ -3.741919450707306, 40.481139862266055 ], [ -3.741599442077962, 40.480989857737136 ], [ -3.7417394458533, 40.480899855019786 ], [ -3.741789447201635, 40.480869854113998 ], [ -3.741899450167972, 40.480799852000501 ], [ -3.742009453134309, 40.480729849887005 ], [ -3.742209458527649, 40.480609846263874 ], [ -3.742509466617659, 40.48041984052724 ], [ -3.742619469583996, 40.480349838413744 ], [ -3.742749473089667, 40.480269835998321 ], [ -3.74283947551667, 40.480209834186752 ], [ -3.742929477943673, 40.480149832375183 ], [ -3.743379490078688, 40.479879824223126 ], [ -3.743509493584359, 40.479799821807703 ], [ -3.743589495741695, 40.479749820298061 ], [ -3.743789501135035, 40.479619816373003 ], [ -3.743889503831705, 40.479549814259506 ], [ -3.74413951057338, 40.479389809428653 ], [ -3.74423951327005, 40.479329807617084 ], [ -3.744359516506054, 40.479249805201661 ], [ -3.744469519472391, 40.479179803088165 ], [ -3.744499520281392, 40.479159802484311 ], [ -3.74463952405673, 40.479079800068888 ], [ -3.744659524596064, 40.479069799766961 ], [ -3.744669524865731, 40.479059799465034 ], [ -3.744689525405065, 40.479049799163107 ], [ -3.744729526483733, 40.479019798257319 ], [ -3.744759527292734, 40.478999797653465 ], [ -3.745099536461412, 40.47877979101105 ], [ -3.74513953754008, 40.478759790407189 ], [ -3.745279541315418, 40.478669787689839 ], [ -3.745479546708758, 40.478549784066701 ], [ -3.745589549675095, 40.478479781953205 ], [ -3.7457395537201, 40.478389779235854 ], [ -3.74583955641677, 40.478319777122358 ], [ -3.745899558034772, 40.47827977591465 ], [ -3.746029561540443, 40.47819977349922 ], [ -3.746159565046114, 40.478119771083797 ], [ -3.746309569091119, 40.478029768366447 ], [ -3.74633956990012, 40.478009767762593 ], [ -3.746389571248455, 40.477979766856805 ], [ -3.74643957259679, 40.477949765951024 ], [ -3.746469573405791, 40.47792976534717 ], [ -3.746519574754126, 40.477899764441382 ], [ -3.746599576911462, 40.477849762931747 ], [ -3.746669578799131, 40.477799761422105 ], [ -3.746759581226134, 40.477739759610536 ], [ -3.746909585271139, 40.477859763233674 ], [ -3.746919585540806, 40.477869763535601 ], [ -3.747019588237476, 40.477939765649097 ], [ -3.747119590934146, 40.477999767460666 ], [ -3.747229593900483, 40.478059769272228 ], [ -3.747269594979151, 40.478079769876089 ], [ -3.747299595788152, 40.478099770479943 ], [ -3.747379597945488, 40.478139771687658 ], [ -3.74763960495683, 40.478239774706935 ], [ -3.747719607114166, 40.478269775612716 ], [ -3.747769608462501, 40.478289776216577 ], [ -3.747949613316507, 40.478329777424285 ], [ -3.748079616822178, 40.478359778330073 ], [ -3.748229620867183, 40.478379778933927 ], [ -3.748549629496527, 40.478409779839708 ], [ -3.749069643519211, 40.47842978044357 ], [ -3.749759662126234, 40.47842978044357 ], [ -3.751509709317959, 40.478419780141643 ], [ -3.751509709317959, 40.478459781349351 ], [ -3.753559764599694, 40.478239774706935 ], [ -3.753549764330027, 40.478209773801154 ], [ -3.75353976406036, 40.478149771989585 ], [ -3.754079778622378, 40.478099770479943 ], [ -3.754359786173054, 40.478069769574162 ], [ -3.75443978833039, 40.478059769272228 ], [ -3.754489789678725, 40.478189773197293 ], [ -3.754479789409058, 40.478309776820431 ], [ -3.754479789409058, 40.478319777122358 ], [ -3.754479789409058, 40.47851978316092 ], [ -3.754409787521389, 40.478659787387912 ], [ -3.75433978563372, 40.478859793426473 ], [ -3.754329785364053, 40.478909794936115 ], [ -3.754289784285385, 40.479089800370815 ], [ -3.754249783206717, 40.479259805503588 ], [ -3.754249783206717, 40.479379809126726 ], [ -3.754259783476384, 40.479389809428653 ], [ -3.754309784824719, 40.479409810032514 ], [ -3.754349785903387, 40.479419810334441 ], [ -3.754369786442721, 40.479419810334441 ], [ -3.754399787251722, 40.479419810334441 ], [ -3.754429788060723, 40.479419810334441 ], [ -3.754459788869724, 40.479429810636368 ], [ -3.754479789409058, 40.479439810938295 ], [ -3.754479789409058, 40.479449811240222 ], [ -3.754499789948392, 40.479469811844076 ], [ -3.754519790487726, 40.47947981214601 ], [ -3.75453979102706, 40.479489812447937 ], [ -3.754599792645062, 40.479509813051791 ], [ -3.75463979372373, 40.479519813353718 ], [ -3.754809798308069, 40.479559814561433 ], [ -3.754899800735072, 40.479599815769141 ], [ -3.754959802353074, 40.47962981667493 ], [ -3.755059805049744, 40.479669817882638 ], [ -3.755089805858745, 40.479679818184565 ], [ -3.755129806937413, 40.479689818486499 ], [ -3.755179808285748, 40.479699818788426 ], [ -3.755329812330753, 40.479689818486499 ], [ -3.755369813409421, 40.479689818486499 ], [ -3.755429815027423, 40.479709819090353 ], [ -3.755489816645425, 40.479729819694207 ], [ -3.755509817184759, 40.479729819694207 ], [ -3.75553981799376, 40.479729819694207 ], [ -3.755549818263427, 40.479729819694207 ], [ -3.755569818802761, 40.479729819694207 ], [ -3.755609819881429, 40.479729819694207 ], [ -3.755619820151096, 40.479729819694207 ], [ -3.755629820420763, 40.479729819694207 ], [ -3.755679821769098, 40.47971981939228 ], [ -3.755779824465768, 40.479709819090353 ], [ -3.755789824735435, 40.479709819090353 ], [ -3.755849826353437, 40.479699818788426 ], [ -3.755869826892771, 40.479689818486499 ], [ -3.755889827432105, 40.479679818184565 ], [ -3.755919828241106, 40.479649817278784 ], [ -3.755919828241106, 40.479619816373003 ], [ -3.755919828241106, 40.479539813957572 ], [ -3.755919828241106, 40.479529813655645 ], [ -3.755979829859108, 40.479489812447937 ], [ -3.756059832016444, 40.479469811844076 ], [ -3.756069832286111, 40.479469811844076 ], [ -3.756119833634446, 40.479469811844076 ], [ -3.756149834443447, 40.479469811844076 ], [ -3.756209836061449, 40.479489812447937 ], [ -3.75623983687045, 40.479499812749864 ], [ -3.756249837140117, 40.479509813051791 ], [ -3.756379840645788, 40.479619816373003 ], [ -3.756519844421126, 40.479739819996134 ], [ -3.756569845769461, 40.479749820298061 ], [ -3.756659848196464, 40.479749820298061 ], [ -3.756749850623467, 40.479739819996134 ], [ -3.756769851162801, 40.479739819996134 ], [ -3.75683985305047, 40.479739819996134 ], [ -3.756869853859471, 40.479739819996134 ], [ -3.75693985574714, 40.479739819996134 ], [ -3.757029858174143, 40.479759820599995 ], [ -3.757049858713477, 40.479779821203849 ], [ -3.757069859252811, 40.479789821505776 ], [ -3.757109860331479, 40.479799821807703 ], [ -3.757129860870813, 40.479799821807703 ], [ -3.757179862219148, 40.47980982210963 ], [ -3.75733986653382, 40.479789821505776 ], [ -3.757349866803487, 40.479789821505776 ], [ -3.757419868691156, 40.479769820901922 ], [ -3.757569872736161, 40.479729819694207 ], [ -3.757449869500157, 40.479319807315157 ], [ -3.757469870039491, 40.479149802182384 ], [ -3.757499870848492, 40.479059799465034 ], [ -3.757509871118159, 40.479019798257319 ], [ -3.757599873545162, 40.478879794030327 ], [ -3.757699876241832, 40.478719789199481 ], [ -3.7577398773205, 40.478639786784058 ], [ -3.757769878129501, 40.478569784670562 ], [ -3.757769878129501, 40.478549784066701 ], [ -3.757809879208169, 40.478379778933927 ], [ -3.758159888646514, 40.474659666616709 ], [ -3.758189889455515, 40.474569663899359 ], [ -3.758209889994849, 40.47450966208779 ], [ -3.758259891343184, 40.474409659068513 ], [ -3.758279891882518, 40.474379658162725 ], [ -3.758309892691519, 40.474349657256944 ], [ -3.758369894309521, 40.474279655143448 ], [ -3.758399895118522, 40.474259654539594 ], [ -3.758459896736524, 40.474219653331879 ], [ -3.758569899702861, 40.474169651822237 ], [ -3.758579899972528, 40.47415965152031 ], [ -3.758699903208532, 40.474119650312602 ], [ -3.758859907523204, 40.474099649708741 ], [ -3.758999911298542, 40.474099649708741 ], [ -3.759189916422215, 40.474119650312602 ], [ -3.759209916961549, 40.474119650312602 ], [ -3.759129914804213, 40.474079649104887 ], [ -3.758619901051196, 40.473849642160545 ], [ -3.758479897275858, 40.473769639745122 ], [ -3.758399895118522, 40.473689637329699 ], [ -3.758319892961186, 40.473549633102706 ], [ -3.758289892152185, 40.473369627667999 ], [ -3.758319892961186, 40.472589604117616 ], [ -3.758419895657856, 40.472579603815689 ], [ -3.758449896466857, 40.472579603815689 ], [ -3.75863990159053, 40.472589604117616 ], [ -3.7587399042872, 40.472629605325331 ], [ -3.758799905905202, 40.472649605929185 ], [ -3.758829906714203, 40.472659606231112 ], [ -3.758889908332205, 40.472659606231112 ], [ -3.758919909141206, 40.472659606231112 ], [ -3.75903991237721, 40.472639605627258 ], [ -3.759079913455878, 40.472629605325331 ], [ -3.759129914804213, 40.47260960472147 ], [ -3.759209916961549, 40.472579603815689 ], [ -3.759269918579551, 40.472559603211835 ], [ -3.759369921276221, 40.472509601702193 ], [ -3.759469923972891, 40.472499601400266 ], [ -3.759509925051559, 40.472479600796404 ], [ -3.759529925590893, 40.472469600494478 ], [ -3.75953992586056, 40.472459600192551 ], [ -3.75963992855723, 40.472379597777127 ], [ -3.759699930175232, 40.472349596871346 ], [ -3.759759931793234, 40.472319595965558 ], [ -3.759869934759571, 40.472299595361704 ], [ -3.759899935568572, 40.472289595059777 ], [ -3.759929936377573, 40.472289595059777 ], [ -3.759989937995575, 40.472289595059777 ], [ -3.760119941501246, 40.472309595663631 ], [ -3.76023994473725, 40.472319595965558 ], [ -3.760269945546251, 40.472319595965558 ], [ -3.760279945815918, 40.472319595965558 ], [ -3.760419949591256, 40.472339596569412 ], [ -3.760509952018259, 40.472339596569412 ], [ -3.76083996091727, 40.472319595965558 ], [ -3.761099967928612, 40.472319595965558 ], [ -3.761599981411962, 40.472309595663631 ], [ -3.762009992468309, 40.472299595361704 ], [ -3.762310000558319, 40.472289595059777 ], [ -3.762450004333657, 40.472289595059777 ], [ -3.762550007030327, 40.472309595663631 ], [ -3.762630009187663, 40.472319595965558 ], [ -3.762810014041669, 40.472359597173273 ], [ -3.763070021053011, 40.472419598984843 ], [ -3.763170023749681, 40.47242959928677 ], [ -3.763250025907017, 40.47242959928677 ], [ -3.763400029952022, 40.47242959928677 ], [ -3.763450031300357, 40.47242959928677 ], [ -3.763510032918359, 40.472449599890624 ], [ -3.763630036154363, 40.472529602306047 ], [ -3.763580034806028, 40.47339962857378 ], [ -3.763660036963364, 40.473409628875714 ], [ -3.765870096559771, 40.473929644575968 ], [ -3.765920097908106, 40.473939644877895 ], [ -3.76644011193079, 40.474059648501033 ], [ -3.766460112470124, 40.474079649104887 ], [ -3.766470112739791, 40.474079649104887 ], [ -3.766480113009458, 40.474079649104887 ], [ -3.766870123526471, 40.474109650010675 ], [ -3.767630144021163, 40.474179652124171 ], [ -3.768100156695512, 40.474219653331879 ], [ -3.768110156965179, 40.474219653331879 ], [ -3.768330162897853, 40.474239653935733 ], [ -3.768560169100194, 40.474259654539594 ], [ -3.7687401739542, 40.474269654841521 ], [ -3.768920178808206, 40.474289655445375 ], [ -3.769050182313877, 40.474299655747302 ], [ -3.76934019013422, 40.474309656049229 ], [ -3.76944019283089, 40.474319656351163 ], [ -3.769580196606228, 40.474339656955017 ], [ -3.770330216831253, 40.474399658766586 ], [ -3.770860231123604, 40.474449660276221 ], [ -3.771070236786611, 40.474469660880082 ], [ -3.771480247842958, 40.474479661182009 ], [ -3.771560250000294, 40.474479661182009 ], [ -3.771720254314966, 40.474479661182009 ], [ -3.772030262674643, 40.474479661182009 ], [ -3.772250268607317, 40.474479661182009 ], [ -3.772350271303987, 40.474479661182009 ], [ -3.772470274539991, 40.474479661182009 ], [ -3.772740281821, 40.474479661182009 ], [ -3.775680361103098, 40.474519662389717 ], [ -3.776730389418133, 40.474539662993578 ], [ -3.776780390766468, 40.474539662993578 ], [ -3.776860392923804, 40.474539662993578 ], [ -3.776990396429475, 40.474539662993578 ], [ -3.777330405598153, 40.474539662993578 ], [ -3.7777404166545, 40.474549663295505 ], [ -3.777870420160171, 40.474549663295505 ], [ -3.778120426901846, 40.474549663295505 ], [ -3.778210429328849, 40.474549663295505 ], [ -3.778390434182855, 40.474549663295505 ], [ -3.778730443351533, 40.474549663295505 ], [ -3.778830446048203, 40.474549663295505 ], [ -3.77894044901454, 40.474549663295505 ], [ -3.779100453329212, 40.474549663295505 ], [ -3.779890474632905, 40.474559663597432 ], [ -3.780250484340917, 40.474569663899359 ], [ -3.780950503217607, 40.474579664201286 ], [ -3.781930529644973, 40.474259654539594 ], [ -3.782660549330664, 40.473969645783683 ], [ -3.782850554454337, 40.473899643670187 ], [ -3.783210564162349, 40.473759639443195 ], [ -3.783990585196375, 40.47356963370656 ], [ -3.785460624837424, 40.473199622535226 ], [ -3.785850635354437, 40.473099619515942 ], [ -3.786020639938776, 40.473059618308234 ], [ -3.786730659085133, 40.472859612269673 ], [ -3.787220672298816, 40.472729608344608 ], [ -3.787430677961823, 40.472669606533039 ], [ -3.78744067823149, 40.472669606533039 ], [ -3.787520680388826, 40.472649605929185 ], [ -3.78764068362483, 40.472619605023397 ], [ -3.788090695759845, 40.472489601098339 ], [ -3.788230699535183, 40.472449599890624 ], [ -3.788480706276858, 40.4723695974752 ], [ -3.788800714906202, 40.472269594455916 ], [ -3.789280727850218, 40.47210958962507 ], [ -3.789890744299905, 40.471909583586509 ], [ -3.790930772345273, 40.471509571509394 ], [ -3.790980773693608, 40.471479570603606 ], [ -3.790990773963275, 40.471479570603606 ], [ -3.791060775850944, 40.471439569395898 ], [ -3.791480787176958, 40.471189561847694 ], [ -3.791700793109632, 40.471069558224556 ], [ -3.791880797963638, 40.470969555205279 ], [ -3.792110804165979, 40.470869552186002 ], [ -3.792150805244647, 40.470849551582141 ], [ -3.792170805783981, 40.470839551280214 ], [ -3.792250807941317, 40.470799550072506 ], [ -3.792290809019985, 40.470789549770572 ], [ -3.792330810098653, 40.470769549166718 ], [ -3.792390811716655, 40.470749548562864 ], [ -3.792430812795323, 40.470739548260937 ], [ -3.792490814413325, 40.470719547657083 ], [ -3.793310836526019, 40.470449539505026 ], [ -3.793370838144021, 40.470429538901165 ], [ -3.793390838683355, 40.470429538901165 ], [ -3.794350864571387, 40.4701195295414 ], [ -3.794450867268057, 40.470089528635619 ], [ -3.794580870773728, 40.470049527427904 ], [ -3.794990881830075, 40.469949524408626 ], [ -3.79514088587508, 40.469919523502838 ], [ -3.795270889380751, 40.469889522597057 ], [ -3.795430893695423, 40.469849521389342 ], [ -3.795510895852759, 40.469829520785488 ], [ -3.795530896392093, 40.469829520785488 ], [ -3.795630899088763, 40.469809520181634 ], [ -3.79564089935843, 40.469809520181634 ], [ -3.796110912032779, 40.469719517464277 ], [ -3.796270916347451, 40.469689516558496 ], [ -3.796820931179136, 40.469589513539212 ], [ -3.797650953561497, 40.469439509010293 ], [ -3.79834097216852, 40.469399507802585 ], [ -3.798890987000205, 40.469369506896797 ], [ -3.799160994281214, 40.469349506292943 ], [ -3.799230996168883, 40.469349506292943 ], [ -3.799360999674554, 40.469339505991016 ], [ -3.799381000213888, 40.469339505991016 ], [ -3.799401000753222, 40.469339505991016 ], [ -3.800001016933242, 40.469229502669805 ], [ -3.800131020438913, 40.469189501462097 ], [ -3.800181021787248, 40.469199501764024 ], [ -3.80104104497861, 40.469449509312227 ], [ -3.801821066012636, 40.469669515954642 ], [ -3.802091073293645, 40.469749518370065 ], [ -3.802361080574654, 40.469819520483561 ], [ -3.802631087855663, 40.469899522898984 ], [ -3.802871094327671, 40.46996952501248 ], [ -3.803071099721011, 40.47002952682405 ], [ -3.803801119406702, 40.470239533164538 ], [ -3.805061153384744, 40.470599544033945 ], [ -3.805551166598427, 40.470739548260937 ], [ -3.806061180351444, 40.470889552789856 ], [ -3.810261293611584, 40.472089589021216 ], [ -3.810731306285933, 40.472219592946281 ], [ -3.811951339185307, 40.472569603513762 ], [ -3.81234134970232, 40.472679606834966 ], [ -3.812391351050655, 40.472699607438827 ], [ -3.812491353747325, 40.472729608344608 ], [ -3.812551355365327, 40.472749608948462 ], [ -3.812591356443995, 40.472759609250389 ], [ -3.812661358331664, 40.47277960985425 ], [ -3.812771361298001, 40.472809610760031 ], [ -3.812931365612673, 40.472849611967746 ], [ -3.813101370197012, 40.472899613477381 ], [ -3.813261374511684, 40.472949614987023 ], [ -3.813531381792693, 40.473029617402446 ], [ -3.813651385028697, 40.473059618308234 ], [ -3.813751387725367, 40.473089619214015 ], [ -3.814151398512047, 40.473209622837153 ], [ -3.814461406871724, 40.473299625554503 ], [ -3.814571409838061, 40.473329626460284 ], [ -3.8147414144224, 40.473379627969926 ], [ -3.81564143869243, 40.473639635820057 ], [ -3.815881445164438, 40.473709637933553 ], [ -3.815981447861108, 40.473739638839334 ], [ -3.816151452445447, 40.473789640348976 ], [ -3.816461460805124, 40.473879643066326 ], [ -3.816811470243469, 40.47397964608561 ], [ -3.817311483726819, 40.474119650312602 ], [ -3.817481488311158, 40.474169651822237 ], [ -3.817591491277495, 40.474199652728025 ], [ -3.81764149262583, 40.474209653029952 ], [ -3.817831497749503, 40.474259654539594 ], [ -3.818291510154185, 40.474389658464652 ], [ -3.818701521210532, 40.47450966208779 ], [ -3.818871525794871, 40.474559663597432 ], [ -3.818891526334205, 40.474569663899359 ], [ -3.819151533345547, 40.474649666314782 ], [ -3.819231535502883, 40.474669666918636 ], [ -3.819311537660219, 40.474689667522497 ], [ -3.819691547907565, 40.474799670843701 ], [ -3.820081558424578, 40.474909674164913 ], [ -3.820191561390915, 40.474939675070694 ], [ -3.82054157082926, 40.475039678089978 ], [ -3.82084157891927, 40.475129680807328 ], [ -3.821221589166616, 40.475239684128539 ], [ -3.821711602380299, 40.475379688355531 ], [ -3.821901607503972, 40.475439690167093 ], [ -3.822471622874991, 40.475599694997946 ], [ -3.822661627998664, 40.475659696809508 ], [ -3.822921635010006, 40.475729698923004 ], [ -3.823291644987685, 40.475839702244215 ], [ -3.823351646605687, 40.475859702848069 ], [ -3.823471649841691, 40.475889703753857 ], [ -3.823791658471035, 40.475979706471207 ], [ -3.824531678426393, 40.476189712811696 ], [ -3.824651681662397, 40.476219713717477 ], [ -3.825151695145747, 40.476359717944469 ], [ -3.82564170835943, 40.476499722171461 ], [ -3.826091720494445, 40.476629726096526 ], [ -3.826471730741791, 40.476739729417737 ], [ -3.826561733168794, 40.476769730323518 ], [ -3.826671736135131, 40.476799731229306 ], [ -3.827081747191478, 40.476919734852437 ], [ -3.827481757978158, 40.477029738173648 ], [ -3.827711764180499, 40.477089739985217 ], [ -3.827791766337835, 40.477109740589071 ], [ -3.828171776585181, 40.477209743608348 ], [ -3.82844178386619, 40.477289746023779 ], [ -3.828451784135857, 40.477289746023779 ], [ -3.828491785214525, 40.477299746325706 ], [ -3.828671790068531, 40.477349747835341 ], [ -3.828701790877532, 40.477359748137275 ], [ -3.828831794383203, 40.477399749344983 ], [ -3.829211804630549, 40.477509752666194 ], [ -3.82924180543955, 40.477519752968121 ], [ -3.82954181352956, 40.477599755383544 ], [ -3.829751819192567, 40.477659757195113 ], [ -3.829931824046573, 40.477709758704755 ], [ -3.830221831866916, 40.477789761120178 ], [ -3.83054184049626, 40.477879763837528 ], [ -3.830651843462597, 40.477909764743309 ], [ -3.83084184858627, 40.477959766252951 ], [ -3.831211858563949, 40.478069769574162 ], [ -3.831681871238298, 40.47819977349922 ], [ -3.831791874204635, 40.478229774405008 ], [ -3.832181884721648, 40.478349778028146 ], [ -3.832621896586996, 40.478469781651278 ], [ -3.832671897935331, 40.478479781953205 ], [ -3.832681898204998, 40.478479781953205 ], [ -3.832711899013999, 40.478489782255139 ], [ -3.833031907643343, 40.478569784670562 ], [ -3.833321915463686, 40.478649787085985 ], [ -3.833551921666027, 40.478719789199481 ], [ -3.834071935688711, 40.4788697937284 ], [ -3.834161938115714, 40.478899794634181 ], [ -3.834611950250729, 40.479029798559246 ], [ -3.834831956183403, 40.479089800370815 ], [ -3.835131964273413, 40.479179803088165 ], [ -3.835681979105098, 40.479339807919018 ], [ -3.836592003644795, 40.479599815769141 ], [ -3.836462000139124, 40.479679818184565 ], [ -3.836371997712121, 40.480179833280971 ], [ -3.836301995824452, 40.480639847169655 ], [ -3.836281995285118, 40.48067984837737 ], [ -3.836301995824452, 40.480719849585078 ], [ -3.83634199690312, 40.480759850792793 ], [ -3.836492000948125, 40.480939856227494 ], [ -3.836492000948125, 40.480949856529421 ], [ -3.836361997442454, 40.481079860454486 ], [ -3.836281995285118, 40.481159862869909 ], [ -3.836161992049114, 40.481279866493047 ], [ -3.836151991779447, 40.481289866794974 ], [ -3.836151991779447, 40.481369869210397 ], [ -3.83614199150978, 40.481409870418112 ], [ -3.836131991240113, 40.481449871625827 ], [ -3.836071989622111, 40.4817998821933 ], [ -3.836011988004109, 40.48187988460873 ], [ -3.835831983150103, 40.482149892760781 ], [ -3.835691979374765, 40.482229895176211 ], [ -3.835471973442091, 40.482349898799342 ], [ -3.835311969127419, 40.482439901516699 ], [ -3.835121964003746, 40.482539904535976 ], [ -3.834921958610406, 40.482649907857187 ], [ -3.834911958340739, 40.482659908159114 ], [ -3.83484195645307, 40.482799912386106 ], [ -3.834601949981062, 40.48322992536901 ], [ -3.834411944857389, 40.483569935634563 ], [ -3.834261940812384, 40.483829943484686 ], [ -3.83424194027305, 40.483859944390474 ], [ -3.834071935688711, 40.484149953146385 ], [ -3.83404193487971, 40.484219955259881 ], [ -3.83384192948637, 40.484729970658208 ], [ -3.833781927868368, 40.484889975489054 ], [ -3.833721926250366, 40.485049980319907 ], [ -3.833671924902031, 40.485169983943038 ], [ -3.833631923823363, 40.485269986962322 ], [ -3.833611923284029, 40.485329988773884 ], [ -3.833451918969357, 40.485599996925941 ], [ -3.833271914115351, 40.485900005983787 ], [ -3.833151910879347, 40.486090011720414 ], [ -3.833181911688348, 40.486280017457048 ], [ -3.833121910070346, 40.486840034365017 ], [ -3.833081908991678, 40.487240046442139 ], [ -3.83304190791301, 40.487670059425042 ], [ -3.833021907373676, 40.487890066067457 ], [ -3.833021907373676, 40.487950067879027 ], [ -3.833261913845684, 40.489780123131851 ], [ -3.833281914385018, 40.489950128264624 ], [ -3.833361916542354, 40.490190135510893 ], [ -3.833431918430023, 40.490380141247527 ], [ -3.833491920048025, 40.490560146682235 ], [ -3.833581922475028, 40.490830154834285 ], [ -3.833631923823363, 40.490990159665138 ], [ -3.833681925171698, 40.49113016389213 ], [ -3.833751927059367, 40.49131016932683 ], [ -3.833871930295371, 40.491620178686603 ], [ -3.83404193487971, 40.492060191971433 ], [ -3.834051935149377, 40.492110193481075 ], [ -3.834121937037046, 40.492770213408321 ], [ -3.834231940003383, 40.493750242997265 ], [ -3.834281941351718, 40.494180255980169 ], [ -3.834381944048388, 40.494320260207161 ], [ -3.834561948902394, 40.494540266849576 ], [ -3.834811955644069, 40.494760273491991 ], [ -3.835071962655411, 40.494990280436333 ], [ -3.83554197532976, 40.495400292815383 ], [ -3.835791982071435, 40.495700301873221 ], [ -3.836251994476117, 40.496230317875408 ], [ -3.836712006880799, 40.496760333877589 ], [ -3.837052016049477, 40.497160345954711 ], [ -3.837352024139487, 40.497520356824118 ], [ -3.837562029802494, 40.497770364372322 ], [ -3.838482054611858, 40.498710392753551 ], [ -3.839122071870546, 40.49936041237887 ], [ -3.839272075915551, 40.499510416907789 ], [ -3.839102071331212, 40.500280440156246 ], [ -3.839012068904209, 40.500700452837222 ], [ -3.838512055420859, 40.502950520771023 ], [ -3.838352051106187, 40.503190528017292 ], [ -3.838132045173513, 40.503520537980918 ], [ -3.837852037622837, 40.503930550359968 ], [ -3.8377420346565, 40.504100555492741 ], [ -3.837602030881162, 40.504370563644798 ], [ -3.837512028454159, 40.504560569381432 ], [ -3.837422026027156, 40.504800576627702 ], [ -3.83724202117315, 40.505310592026035 ], [ -3.836982014161808, 40.506020613462923 ], [ -3.838472054342191, 40.506410625238111 ], [ -3.83894206701654, 40.506530628861249 ], [ -3.839062070252544, 40.50656062976703 ], [ -3.840102098297912, 40.506830637919087 ], [ -3.842092151961645, 40.507350653619341 ], [ -3.844972229625741, 40.508090675962016 ], [ -3.84904233938021, 40.509150707966384 ], [ -3.849592354211895, 40.508940701625896 ], [ -3.849612354751229, 40.508950701927823 ], [ -3.852112422167979, 40.509710724874353 ], [ -3.852422430527656, 40.509910730912914 ], [ -3.852462431606324, 40.510060735441833 ], [ -3.852812441044669, 40.510610752047874 ], [ -3.85314244994368, 40.51101076412499 ], [ -3.853392456685355, 40.511320773484762 ], [ -3.853572461539361, 40.511580781334885 ], [ -3.853782467202368, 40.511930791902365 ], [ -3.853902470438372, 40.512130797940927 ], [ -3.85324245264035, 40.514670874630639 ], [ -3.852112422167979, 40.515610903011869 ], [ -3.851762412729634, 40.516870941054798 ], [ -3.851622408954296, 40.517050946489505 ], [ -3.851432403830623, 40.51727095313192 ], [ -3.851422403560956, 40.517300954037701 ], [ -3.851172396819281, 40.517780968530246 ], [ -3.851622408954296, 40.518410987551711 ], [ -3.853212451831349, 40.519651024990786 ], [ -3.853552461000027, 40.520281044012251 ], [ -3.853802467741702, 40.520701056693227 ], [ -3.854102475831712, 40.521201071789626 ], [ -3.854152477180047, 40.521281074205049 ], [ -3.854262480146384, 40.521481080243611 ], [ -3.854272480416051, 40.521491080545537 ], [ -3.854272480416051, 40.521501080847464 ], [ -3.854272480416051, 40.521511081149391 ], [ -3.854262480146384, 40.521701086886026 ], [ -3.854262480146384, 40.522701117078824 ], [ -3.854202478528382, 40.522871122211598 ], [ -3.854102475831712, 40.523151130665582 ], [ -3.853992472865375, 40.523481140629208 ], [ -3.853722465584366, 40.524221162971877 ], [ -3.853682464505698, 40.524281164783446 ], [ -3.853652463696697, 40.524401168406584 ], [ -3.853592462078695, 40.524541172633576 ], [ -3.854352482573387, 40.525331196485887 ], [ -3.85454248769706, 40.525521202222521 ], [ -3.854652490663397, 40.525641205845659 ], [ -3.854932498214073, 40.525751209166863 ], [ -3.856012527338109, 40.527051248417507 ], [ -3.856592542978795, 40.52740125898498 ], [ -3.85684254972047, 40.527551263513907 ], [ -3.857122557271146, 40.52772126864668 ], [ -3.857332562934153, 40.527841272269818 ], [ -3.857602570215162, 40.528001277100664 ], [ -3.857622570754496, 40.528131281025729 ], [ -3.857652571563497, 40.528281285554648 ], [ -3.857692572642165, 40.528441290385494 ], [ -3.857722573451166, 40.52851129249899 ], [ -3.857792575338835, 40.528651296725982 ], [ -3.857872577496171, 40.528801301254902 ], [ -3.857962579923174, 40.528971306387682 ], [ -3.858032581810843, 40.529091310010813 ], [ -3.858122584237846, 40.52927131544552 ], [ -3.858132584507513, 40.529321316955162 ], [ -3.858162585316514, 40.52945132088022 ], [ -3.858192586125515, 40.529621326013 ], [ -3.858212586664849, 40.529751329938065 ], [ -3.85824258747385, 40.529891334165058 ], [ -3.858072582889511, 40.530131341411327 ], [ -3.858012581271509, 40.530231344430611 ], [ -3.858132584507513, 40.530301346544107 ], [ -3.858352590440187, 40.530431350469165 ], [ -3.858472593676191, 40.530501352582661 ], [ -3.858572596372861, 40.530601355601945 ], [ -3.858752601226867, 40.530771360734718 ], [ -3.858932606080873, 40.530931365565564 ], [ -3.859032608777543, 40.531021368282921 ], [ -3.859102610665212, 40.531081370094491 ], [ -3.85934261713722, 40.531301376736906 ], [ -3.859422619294556, 40.531381379152329 ], [ -3.859492621182225, 40.531501382775467 ], [ -3.85964262522723, 40.531741390021736 ], [ -3.85984263062057, 40.532061399683428 ], [ -3.860292642755585, 40.532721419610681 ], [ -3.860492648148925, 40.533001428064665 ], [ -3.860802656508602, 40.533161432895511 ], [ -3.860972661092941, 40.533251435612861 ], [ -3.861232668104283, 40.533431441047568 ], [ -3.861292669722285, 40.533501443161065 ], [ -3.861492675115625, 40.533691448897699 ], [ -3.861572677272961, 40.533771451313122 ], [ -3.86164267916063, 40.533841453426618 ], [ -3.861822684014636, 40.534021458861318 ], [ -3.862022689407976, 40.534211464597952 ], [ -3.862192693992315, 40.53433146822109 ], [ -3.862332697767653, 40.53442147093844 ], [ -3.862602705048662, 40.534591476071213 ], [ -3.862872712329671, 40.534771481505921 ], [ -3.862882712599338, 40.534821483015563 ], [ -3.86294271421734, 40.53501148875219 ], [ -3.862992715565675, 40.535191494186897 ], [ -3.863182720689348, 40.535811512906434 ], [ -3.863322724464686, 40.536301527700907 ], [ -3.863392726352355, 40.536541534947176 ], [ -3.863512729588359, 40.536951547326225 ], [ -3.863702734712032, 40.53758156634769 ], [ -3.863722735251366, 40.537651568461186 ], [ -3.863732735521033, 40.537741571178536 ], [ -3.863732735521033, 40.537861574801674 ], [ -3.863722735251366, 40.538231585973008 ], [ -3.863702734712032, 40.538831604088685 ], [ -3.863712734981699, 40.539241616467734 ], [ -3.863722735251366, 40.539351619788945 ], [ -3.863832738217703, 40.539461623110149 ], [ -3.863902740105372, 40.539531625223646 ], [ -3.86394274118404, 40.539571626431361 ], [ -3.864012743071709, 40.53963162824293 ], [ -3.864062744420044, 40.539681629752565 ], [ -3.864112745768379, 40.539731631262207 ], [ -3.864152746847047, 40.539841634583418 ], [ -3.864172747386381, 40.539891636093053 ], [ -3.864202748195382, 40.53998163881041 ], [ -3.864232749004383, 40.540081641829687 ], [ -3.864262749813384, 40.540191645150898 ], [ -3.864302750892052, 40.54033164937789 ], [ -3.864352752240387, 40.540471653604882 ], [ -3.864402753588722, 40.540611657831874 ], [ -3.864452754937057, 40.540771662662721 ], [ -3.864492756015725, 40.540871665681998 ], [ -3.864552757633727, 40.541051671116705 ], [ -3.864612759251729, 40.541221676249478 ], [ -3.864682761139398, 40.541431682589966 ], [ -3.864712761948399, 40.54153168560925 ], [ -3.864792764105735, 40.541761692553592 ], [ -3.864852765723737, 40.541941697988293 ], [ -3.864982769229408, 40.542111703121073 ], [ -3.86534277893742, 40.542501714896261 ], [ -3.865382780016088, 40.542781723350245 ], [ -3.865392780285755, 40.542891726671456 ], [ -3.865392780285755, 40.542931727879164 ], [ -3.865422781094756, 40.543081732408091 ], [ -3.865452781903757, 40.543271738144718 ], [ -3.865472782443091, 40.543401742069783 ], [ -3.865502783252092, 40.543521745692921 ], [ -3.865562784870094, 40.543591747806417 ], [ -3.865632786757763, 40.543681750523767 ], [ -3.8657427897241, 40.543821754750759 ], [ -3.865952795387107, 40.544101763204743 ], [ -3.866062798353444, 40.544241767431735 ], [ -3.866202802128782, 40.544421772866443 ], [ -3.866262803746784, 40.544501775281866 ], [ -3.866502810218792, 40.544801784339704 ], [ -3.866622813454796, 40.54496178917055 ], [ -3.866702815612132, 40.545061792189834 ], [ -3.866722816151466, 40.545081792793688 ], [ -3.866812818578469, 40.545191796114892 ], [ -3.866852819657137, 40.545231797322607 ], [ -3.866902821005472, 40.545291799134176 ], [ -3.867062825320144, 40.545491805172738 ], [ -3.867162828016814, 40.545611808795869 ], [ -3.867202829095482, 40.545651810003584 ], [ -3.86734283287082, 40.545781813928649 ], [ -3.867512837455159, 40.545921818155641 ], [ -3.867662841500164, 40.546051822080706 ], [ -3.867782844736168, 40.546151825099983 ], [ -3.867962849590174, 40.546301829628902 ], [ -3.868202856062182, 40.54651183596939 ], [ -3.868412861725189, 40.546691841404098 ], [ -3.868572866039861, 40.546821845329163 ], [ -3.868812872511869, 40.547031851669651 ], [ -3.869012877905209, 40.547231857708205 ], [ -3.869152881680547, 40.547371861935197 ], [ -3.869312885995219, 40.54753186676605 ], [ -3.869212883298549, 40.547741873106538 ], [ -3.869072879523211, 40.548061882768231 ], [ -3.86894287601754, 40.548321890618361 ], [ -3.869022878174876, 40.548461894845353 ], [ -3.869152881680547, 40.548691901789695 ], [ -3.869392888152555, 40.549101914168745 ], [ -3.869612894085229, 40.549511926547794 ], [ -3.869792898939235, 40.549821935907559 ], [ -3.869912902175239, 40.550031942248047 ], [ -3.870032905411243, 40.550251948890462 ], [ -3.870152908647247, 40.550441954627097 ], [ -3.870282912152918, 40.550641960665658 ], [ -3.87034291377092, 40.550741963684935 ], [ -3.870412915658589, 40.550861967308073 ], [ -3.870492917815925, 40.550991971233138 ], [ -3.870552919433927, 40.551091974252415 ], [ -3.870652922130597, 40.551271979687122 ], [ -3.870732924287933, 40.551341981800618 ], [ -3.870892928602605, 40.551471985725676 ], [ -3.871052932917277, 40.551601989650742 ], [ -3.871232937771283, 40.551741993877734 ], [ -3.871492944782625, 40.551952000218222 ], [ -3.871752951793967, 40.552172006860637 ], [ -3.87204295961431, 40.55242201440884 ], [ -3.872112961501979, 40.552562018635832 ], [ -3.872292966355985, 40.552882028297525 ], [ -3.872502972018992, 40.553262039770793 ], [ -3.872672976603331, 40.553562048828631 ], [ -3.872722977951666, 40.5538020560749 ], [ -3.872812980378669, 40.55421206845395 ], [ -3.872882982266338, 40.554532078115649 ], [ -3.87294298388434, 40.554842087475414 ], [ -3.872892982536005, 40.555052093815902 ], [ -3.872832980918003, 40.555342102571814 ], [ -3.872832980918003, 40.555372103477602 ], [ -3.872832980918003, 40.555382103779529 ], [ -3.872832980918003, 40.555392104081456 ], [ -3.872872981996671, 40.555472106496879 ], [ -3.872932983614673, 40.555632111327725 ], [ -3.872952984154007, 40.555682112837367 ], [ -3.872992985232675, 40.555772115554717 ], [ -3.873052986850677, 40.555912119781709 ], [ -3.873062987120344, 40.555972121593278 ], [ -3.873072987390011, 40.556002122499066 ], [ -3.873092987929345, 40.556102125518343 ], [ -3.873102988199012, 40.556132126424124 ], [ -3.873182990356348, 40.556302131556905 ], [ -3.873232991704683, 40.556412134878109 ], [ -3.873312993862019, 40.556592140312816 ], [ -3.873362995210354, 40.556692143332093 ], [ -3.873452997637357, 40.556882149068727 ], [ -3.873512999255359, 40.557042153899573 ], [ -3.873563000603694, 40.557182158126565 ], [ -3.873613001952029, 40.557332162655484 ], [ -3.873653003030697, 40.557442165976695 ], [ -3.873723004918366, 40.557652172317184 ], [ -3.8737430054577, 40.557712174128753 ], [ -3.873883009233038, 40.557822177449957 ], [ -3.873913010042039, 40.557872178959599 ], [ -3.87394301085104, 40.557892179563453 ], [ -3.874193017592715, 40.557972181978883 ], [ -3.87434302163772, 40.558022183488518 ], [ -3.875033040244743, 40.55825219043286 ], [ -3.875123042671746, 40.558442196169494 ], [ -3.875223045368416, 40.558652202509982 ], [ -3.87534304860442, 40.558942211265894 ], [ -3.875453051570757, 40.558962211869755 ], [ -3.876083068559778, 40.559092215794813 ], [ -3.876373076380121, 40.559152217606382 ], [ -3.876583082043128, 40.559192218814097 ], [ -3.877053094717477, 40.559302222135301 ], [ -3.877203098762482, 40.559352223644943 ], [ -3.877473106043491, 40.559442226362293 ], [ -3.877703112245832, 40.559522228777716 ], [ -3.878483133279858, 40.559662233004708 ], [ -3.878853143257537, 40.559732235118204 ], [ -3.879283154853218, 40.559732235118204 ], [ -3.879633164291563, 40.559742235420138 ], [ -3.880093176696245, 40.559752235722065 ], [ -3.880503187752592, 40.559762236023992 ], [ -3.881233207438283, 40.559782236627846 ], [ -3.881993227932975, 40.559792236929773 ], [ -3.882153232247647, 40.559862239043269 ], [ -3.882283235753318, 40.559912240552912 ], [ -3.88244324006799, 40.559972242364481 ], [ -3.882593244112995, 40.56003224417605 ], [ -3.882853251124337, 40.560132247195327 ], [ -3.883133258675013, 40.560242250516538 ], [ -3.883483268113358, 40.560372254441603 ], [ -3.883703274046032, 40.560462257158953 ], [ -3.883953280787707, 40.56056226017823 ], [ -3.884113285102379, 40.560622261989799 ], [ -3.884213287799049, 40.560692264103295 ], [ -3.884303290226052, 40.560742265612937 ], [ -3.88444329400139, 40.560832268330287 ], [ -3.88454329669806, 40.560892270141856 ], [ -3.884723301552066, 40.56100227346306 ], [ -3.884893306136405, 40.561192279199695 ], [ -3.884873305597071, 40.561492288257533 ], [ -3.88484330478807, 40.561912300938509 ], [ -3.884793303439735, 40.561992303353932 ], [ -3.884603298316062, 40.562262311505989 ], [ -3.884503295619392, 40.562402315732982 ], [ -3.884373292113721, 40.562582321167689 ], [ -3.884253288877717, 40.562732325696608 ], [ -3.884193287259715, 40.562812328112031 ], [ -3.884093284563045, 40.562952332339023 ], [ -3.884053283484377, 40.563002333848665 ], [ -3.884023282675376, 40.563042335056373 ], [ -3.883923279978706, 40.563172338981438 ], [ -3.883813277012369, 40.563322343510357 ], [ -3.883793276473035, 40.563452347435422 ], [ -3.883773275933701, 40.563652353473984 ], [ -3.883763275664034, 40.563752356493261 ], [ -3.883753275394367, 40.563862359814472 ], [ -3.883733274855033, 40.564012364343391 ], [ -3.883823277282036, 40.564102367060741 ], [ -3.883983281596708, 40.564262371891594 ], [ -3.884103284832712, 40.564372375212798 ], [ -3.88414328591138, 40.564402376118586 ], [ -3.884233288338383, 40.564482378534009 ], [ -3.884363291844054, 40.564582381553286 ], [ -3.884583297776728, 40.564762386987994 ], [ -3.884793303439735, 40.56492239181884 ], [ -3.884983308563408, 40.565072396347759 ], [ -3.885163313417414, 40.565212400574751 ], [ -3.885323317732086, 40.565342404499816 ], [ -3.88564332636143, 40.565592412048012 ], [ -3.885783330136768, 40.565692415067296 ], [ -3.88584333175477, 40.565742416576938 ], [ -3.885903333372772, 40.565782417784646 ], [ -3.885973335260441, 40.565832419294289 ], [ -3.886003336069442, 40.565852419898143 ], [ -3.886053337417777, 40.565882420803931 ], [ -3.88634334523812, 40.566062426238631 ], [ -3.886463348474124, 40.566132428352127 ], [ -3.88664335332813, 40.566242431673338 ], [ -3.886703354946132, 40.566282432881046 ], [ -3.886813357912469, 40.566412436806111 ], [ -3.886983362496808, 40.566622443146599 ], [ -3.887103365732812, 40.566922452204437 ], [ -3.887193368159815, 40.567132458544926 ], [ -3.887273370317151, 40.567312463979633 ], [ -3.887453375171157, 40.567702475754821 ], [ -3.887483375980158, 40.56776247756639 ], [ -3.887593378946495, 40.568012485114593 ], [ -3.887693381643165, 40.568232491757009 ], [ -3.887793384339835, 40.568442498097497 ], [ -3.887813384879169, 40.568652504437985 ], [ -3.887833385418503, 40.568802508966904 ], [ -3.887923387845506, 40.569162519836311 ], [ -3.888003390002842, 40.569282523459449 ], [ -3.888133393508513, 40.569482529498011 ], [ -3.888233396205183, 40.569672535234638 ], [ -3.888373399980521, 40.569962543990549 ], [ -3.888553404834527, 40.57033255516189 ], [ -3.888653407531197, 40.570552561804305 ], [ -3.8887434099582, 40.570762568144794 ], [ -3.888853412924537, 40.57101257569299 ], [ -3.888773410767201, 40.571242582637339 ], [ -3.88854340456486, 40.571892602262658 ], [ -3.888433401598523, 40.572102608603146 ], [ -3.888333398901853, 40.572302614641707 ], [ -3.888293397823185, 40.57238261705713 ], [ -3.888103392699512, 40.572512620982195 ], [ -3.88794338838484, 40.572632624605326 ], [ -3.887753383261167, 40.572762628530391 ], [ -3.887583378676828, 40.572882632153529 ], [ -3.887383373283488, 40.573022636380522 ], [ -3.887113366002479, 40.573212642117149 ], [ -3.886963361957474, 40.573312645136433 ], [ -3.886723355485466, 40.573482650269206 ], [ -3.886523350092126, 40.573622654496198 ], [ -3.886313344429119, 40.573772659025117 ], [ -3.886053337417777, 40.573962664761751 ], [ -3.885913333642439, 40.574062667781028 ], [ -3.885733328788433, 40.574192671706093 ], [ -3.885623325822096, 40.574272674121517 ], [ -3.885563324204094, 40.574392677744655 ], [ -3.885533323395093, 40.574452679556224 ], [ -3.885453321237757, 40.574602684085143 ], [ -3.885373319080421, 40.574762688915989 ], [ -3.885203314496082, 40.575102699181542 ], [ -3.885153313147747, 40.575212702502753 ], [ -3.885073310990411, 40.575422708843242 ], [ -3.884923306945406, 40.57581272061843 ], [ -3.884753302361067, 40.57625273390326 ], [ -3.884623298855396, 40.57660274447074 ], [ -3.884503295619392, 40.576932754434367 ], [ -3.884423293462056, 40.577122760171001 ], [ -3.884313290495719, 40.577422769228839 ], [ -3.884233288338383, 40.5776227752674 ], [ -3.884203287529382, 40.57771277798475 ], [ -3.88414328591138, 40.577882783117531 ], [ -3.884003282136042, 40.578252794288865 ], [ -3.883813277012369, 40.578742809083337 ], [ -3.883723274585366, 40.578992816631533 ], [ -3.883613271619029, 40.579262824783591 ], [ -3.883623271888696, 40.579562833841429 ], [ -3.883623271888696, 40.579692837766494 ], [ -3.883633272158363, 40.579892843805055 ], [ -3.88364327242803, 40.58011285044747 ], [ -3.883653272697697, 40.580272855278317 ], [ -3.883663272967364, 40.580412859505309 ], [ -3.883663272967364, 40.580482861618805 ], [ -3.883853278091037, 40.580752869770862 ], [ -3.884013282405709, 40.581172882451838 ], [ -3.884033282945043, 40.581262885169188 ], [ -3.88404328321471, 40.581352887886545 ], [ -3.884063283754044, 40.581452890905823 ], [ -3.883983281596708, 40.581582894830888 ], [ -3.883963281057374, 40.581612895736669 ], [ -3.883873278630371, 40.581762900265595 ], [ -3.883803276742702, 40.581892904190653 ], [ -3.883713274315699, 40.582052909021506 ], [ -3.883593271079695, 40.582262915361994 ], [ -3.883483268113358, 40.582452921098621 ], [ -3.883373265147021, 40.582632926533329 ], [ -3.883333264068353, 40.582692928344898 ], [ -3.883383265416688, 40.582822932269963 ], [ -3.883433266765023, 40.582942935893094 ], [ -3.883503268652692, 40.583092940422013 ], [ -3.883623271888696, 40.583372948875997 ], [ -3.883703274046032, 40.583542954008777 ], [ -3.883693273776365, 40.5836229564242 ], [ -3.883683273506698, 40.5838029618589 ], [ -3.883663272967364, 40.584072970010958 ], [ -3.88364327242803, 40.584352978464942 ], [ -3.883633272158363, 40.584552984503503 ], [ -3.883623271888696, 40.584772991145918 ], [ -3.883613271619029, 40.584962996882552 ], [ -3.883593271079695, 40.585253005638464 ], [ -3.883593271079695, 40.585333008053887 ], [ -3.883583270810028, 40.585423010771237 ], [ -3.883383265416688, 40.58541301046931 ], [ -3.883073257057011, 40.585573015300163 ], [ -3.882713247348999, 40.585753020734863 ], [ -3.882353237640987, 40.58593302616957 ], [ -3.881993227932975, 40.58611303160427 ], [ -3.881763221730634, 40.586233035227409 ], [ -3.881503214719292, 40.586363039152474 ], [ -3.881323209865286, 40.586453041869824 ], [ -3.881113204202279, 40.586563045191035 ], [ -3.88084319692127, 40.586693049116093 ], [ -3.88054318883126, 40.586843053645019 ], [ -3.88024318074125, 40.586993058173938 ], [ -3.879983173729908, 40.587143062702857 ], [ -3.879913171842239, 40.587183063910565 ], [ -3.879723166718566, 40.587293067231776 ], [ -3.879593163212895, 40.587363069345272 ], [ -3.879353156740887, 40.587503073572265 ], [ -3.879163151617214, 40.587613076893469 ], [ -3.879083149459878, 40.587653078101184 ], [ -3.878953145954207, 40.587733080516607 ], [ -3.878833142718203, 40.587803082630103 ], [ -3.878513134088859, 40.587993088366737 ], [ -3.878213125998849, 40.588173093801437 ], [ -3.878033121144843, 40.588243095914933 ], [ -3.877813115212169, 40.58833309863229 ], [ -3.877523107391826, 40.588443101953494 ], [ -3.877113096335479, 40.58860310678434 ], [ -3.8767430863578, 40.588743111011333 ], [ -3.876583082043128, 40.588883115238325 ], [ -3.876323075031786, 40.589103121880747 ], [ -3.876003066402442, 40.589383130334724 ], [ -3.876053067750777, 40.589633137882927 ], [ -3.876083068559778, 40.589763141807992 ], [ -3.876073068290111, 40.589933146940766 ], [ -3.876063068020444, 40.590083151469685 ], [ -3.875793060739435, 40.590283157508246 ], [ -3.875593055346095, 40.590373160225603 ], [ -3.875473052110091, 40.590423161735238 ], [ -3.875183044289748, 40.590543165358376 ], [ -3.874893036469405, 40.59065316867958 ], [ -3.874733032154733, 40.590723170793076 ], [ -3.874483025413058, 40.590863175020068 ], [ -3.874323021098386, 40.590963178039352 ], [ -3.874173017053381, 40.591053180756703 ], [ -3.873963011390374, 40.591173184379841 ], [ -3.873793006806035, 40.591263187097191 ], [ -3.873472998176691, 40.591293188002979 ], [ -3.873212991165349, 40.591313188606833 ], [ -3.872872981996671, 40.591333189210687 ], [ -3.872732978221333, 40.591353189814541 ], [ -3.872592974445995, 40.591373190418402 ], [ -3.87234296770432, 40.59141319162611 ], [ -3.871732951254633, 40.591493194041533 ], [ -3.871592947479295, 40.591523194947321 ], [ -3.871372941546621, 40.591573196456963 ], [ -3.871082933726278, 40.591633198268525 ], [ -3.870852927523937, 40.591683199778167 ], [ -3.870652922130597, 40.591723200985882 ], [ -3.869952903253907, 40.591873205514801 ], [ -3.869622894354896, 40.591943207628297 ], [ -3.869392888152555, 40.591993209137932 ], [ -3.869112880601879, 40.592053210949501 ], [ -3.868802872242202, 40.59211321276107 ], [ -3.868532864961193, 40.592163214270713 ], [ -3.86824285714085, 40.592183214874566 ], [ -3.867952849320507, 40.592213215780355 ], [ -3.867702842578832, 40.592233216384209 ], [ -3.867482836646158, 40.592253216988063 ], [ -3.867252830443817, 40.592273217591917 ], [ -3.867172828286481, 40.592243216686136 ], [ -3.866762817230134, 40.592073211553362 ], [ -3.866412807791789, 40.592013209741793 ], [ -3.866122799971446, 40.591953207930224 ], [ -3.865832792151103, 40.591893206118655 ], [ -3.865732789454433, 40.591783202797444 ], [ -3.865672787836431, 40.591723200985882 ], [ -3.86554278433076, 40.591593197060817 ], [ -3.865412780825089, 40.591463193135752 ], [ -3.86534277893742, 40.591383190720329 ], [ -3.865252776510417, 40.591243186493337 ], [ -3.865062771386744, 40.590943177435499 ], [ -3.864902767072072, 40.590693169887295 ], [ -3.864782763836068, 40.590513164452588 ], [ -3.864452754937057, 40.590293157810173 ], [ -3.864132746307713, 40.590083151469685 ], [ -3.863812737678369, 40.589873145129197 ], [ -3.863482728779358, 40.589653138486781 ], [ -3.863412726891689, 40.589603136977146 ], [ -3.863062717453344, 40.589513134259789 ], [ -3.862652706396997, 40.589403130938585 ], [ -3.862252695610317, 40.589293127617374 ], [ -3.861792683205635, 40.589163123692309 ], [ -3.861182666755948, 40.588993118559536 ], [ -3.860952660553607, 40.588873114936398 ], [ -3.860662652733264, 40.588723110407479 ], [ -3.860422646261256, 40.58860310678434 ], [ -3.859982634395908, 40.588373099839998 ], [ -3.859802629541902, 40.588283097122648 ], [ -3.859632624957563, 40.58825309621686 ], [ -3.859162612283214, 40.58816309349951 ], [ -3.858692599608865, 40.58807309078216 ], [ -3.858372590979521, 40.588013088970591 ], [ -3.858132584507513, 40.588023089272518 ], [ -3.857902578305172, 40.588033089574445 ], [ -3.857582569675828, 40.588063090480233 ], [ -3.857002554035142, 40.588123092291802 ], [ -3.856062528686444, 40.588223095311079 ], [ -3.855862523293104, 40.588243095914933 ], [ -3.855272507382751, 40.588323098330356 ], [ -3.854832495517403, 40.588103091687941 ], [ -3.854702492011732, 40.588123092291802 ], [ -3.85464249039373, 40.588153093197583 ], [ -3.854412484191389, 40.588303097726502 ], [ -3.854092475562045, 40.588533104670844 ], [ -3.854022473674376, 40.588573105878559 ], [ -3.853932471247373, 40.588643107992056 ], [ -3.853552461000027, 40.588943117049894 ], [ -3.853302454258352, 40.589023119465317 ], [ -3.852812441044669, 40.58918312429617 ], [ -3.852762439696334, 40.589203124900024 ], [ -3.852602435381662, 40.589283127315447 ], [ -3.85244243106699, 40.58936312973087 ], [ -3.85224242567365, 40.589463132750154 ], [ -3.851982418662308, 40.589593136675212 ], [ -3.851512405987959, 40.589833143921489 ], [ -3.85124239870695, 40.589973148148481 ], [ -3.851022392774276, 40.590073151167758 ], [ -3.850792386571935, 40.590193154790896 ], [ -3.850362374976254, 40.590403161131384 ], [ -3.850292373088585, 40.590443162339099 ], [ -3.850072367155911, 40.590553165660303 ], [ -3.849202343694882, 40.590863175020068 ], [ -3.848592327245195, 40.59106318105863 ], [ -3.848082313492178, 40.59106318105863 ], [ -3.847932309447173, 40.591083181662491 ], [ -3.84744229623349, 40.591153183775987 ], [ -3.84724229084015, 40.591183184681768 ], [ -3.846552272233127, 40.591293188002979 ], [ -3.846112260367779, 40.591363190116475 ], [ -3.845482243378758, 40.591463193135752 ], [ -3.845072232322411, 40.591693200080094 ], [ -3.844462215872724, 40.592033210345647 ], [ -3.844092205895045, 40.592163214270713 ], [ -3.843482189445358, 40.592383220913128 ], [ -3.84324218297335, 40.592473223630478 ], [ -3.842912174074339, 40.592533225442047 ], [ -3.842592165444995, 40.592593227253616 ], [ -3.842272156815651, 40.592643228763258 ], [ -3.841522136590626, 40.592773232688323 ], [ -3.841232128770283, 40.592713230876754 ], [ -3.840382105848588, 40.592513224838193 ], [ -3.83954208319656, 40.59220321547842 ], [ -3.838302049757852, 40.591743201589736 ], [ -3.837522028723826, 40.591453192833825 ], [ -3.836632004723463, 40.591643198570459 ], [ -3.836512001487459, 40.59167319947624 ], [ -3.835961986655774, 40.591903206420582 ], [ -3.835621977487096, 40.592043210647574 ], [ -3.835271968048751, 40.592193215176493 ], [ -3.835221966700416, 40.592213215780355 ], [ -3.834561948902394, 40.592663229367112 ], [ -3.834211939464049, 40.592893236311454 ], [ -3.833651924362697, 40.593273247784722 ], [ -3.833211912497349, 40.593573256842561 ], [ -3.833151910879347, 40.593603257748342 ], [ -3.833091909261345, 40.593623258352203 ], [ -3.833051908182677, 40.59363325865413 ], [ -3.832561894968994, 40.593753262277261 ], [ -3.832371889845321, 40.593803263786903 ], [ -3.832071881755311, 40.593873265900399 ], [ -3.831751873125967, 40.593953268315822 ], [ -3.831291860721285, 40.594003269825464 ], [ -3.830721845350266, 40.594063271637033 ], [ -3.829991825664575, 40.594133273750529 ], [ -3.829891822967905, 40.59416327465631 ], [ -3.829381809214888, 40.594293278581375 ], [ -3.828781793034868, 40.594453283412221 ], [ -3.828461784405524, 40.594543286129579 ], [ -3.827891769034505, 40.594693290658498 ], [ -3.827371755011821, 40.594783293375848 ], [ -3.827201750427482, 40.594793293677775 ], [ -3.826961743955474, 40.594803293979702 ], [ -3.826221724000116, 40.59483329488549 ], [ -3.824771684898401, 40.594693290658498 ], [ -3.823821659280036, 40.59460328794114 ], [ -3.822571625571661, 40.594483284318009 ], [ -3.821991609930975, 40.594633288846929 ], [ -3.821501596717292, 40.594753292470067 ], [ -3.820921581076606, 40.594903296998986 ], [ -3.820111559233579, 40.595103303037547 ], [ -3.818711521480199, 40.595113303339474 ], [ -3.817211481030149, 40.595113303339474 ], [ -3.815961447321774, 40.595103303037547 ], [ -3.814261401478384, 40.595513315416589 ], [ -3.813751387725367, 40.596233337155411 ], [ -3.812451352668657, 40.596943358592299 ], [ -3.812351349971987, 40.59700336040386 ], [ -3.811171318151281, 40.597463374292552 ], [ -3.807771226464501, 40.5990534222991 ], [ -3.806961204621474, 40.599433433772369 ], [ -3.80614118250878, 40.599823445547557 ], [ -3.805981178194108, 40.599893447661053 ], [ -3.80584117441877, 40.599963449774549 ], [ -3.80614118250878, 40.600433463965167 ], [ -3.806761199228134, 40.601383492648324 ], [ -3.80754122026216, 40.602603529483545 ], [ -3.808561247768194, 40.604153576282386 ], [ -3.808691251273865, 40.604363582622874 ], [ -3.808951258285207, 40.604733593794208 ], [ -3.809061261251544, 40.604903598926981 ], [ -3.809201265026882, 40.605113605267469 ], [ -3.809231265835883, 40.605203607984826 ], [ -3.809351269071887, 40.605473616136877 ], [ -3.809501273116892, 40.605773625194722 ], [ -3.809501273116892, 40.605783625496649 ], [ -3.809521273656226, 40.605843627308218 ], [ -3.809521273656226, 40.605883628515926 ], [ -3.809521273656226, 40.605903629119787 ], [ -3.809521273656226, 40.605923629723641 ], [ -3.809521273656226, 40.605973631233283 ], [ -3.809571275004561, 40.605943630327495 ], [ -3.809621276352896, 40.605903629119787 ], [ -3.809681277970898, 40.606023632742918 ], [ -3.809591275543895, 40.606113635460275 ], [ -3.80964127689223, 40.606193637875698 ], [ -3.809861282824904, 40.60657364934896 ], [ -3.809881283364238, 40.606603650254741 ], [ -3.809921284442906, 40.60666365206631 ], [ -3.80994128498224, 40.606703653274025 ], [ -3.809961285521574, 40.606733654179806 ], [ -3.809981286060908, 40.606763655085594 ], [ -3.810031287409243, 40.606813656595229 ], [ -3.810051287948577, 40.606843657501017 ], [ -3.810071288487911, 40.606863658104871 ], [ -3.810101289296912, 40.606893659010659 ], [ -3.810131290105913, 40.606913659614513 ], [ -3.810151290645247, 40.60692365991644 ], [ -3.810191291723915, 40.606943660520294 ], [ -3.810301294690252, 40.607003662331863 ], [ -3.810351296038587, 40.607033663237651 ], [ -3.810391297117255, 40.607053663841505 ], [ -3.810481299544258, 40.607103665351147 ], [ -3.81054130116226, 40.607133666256928 ], [ -3.810601302780262, 40.607163667162709 ], [ -3.810661304398264, 40.60718366776657 ], [ -3.810711305746599, 40.607203668370424 ], [ -3.810771307364601, 40.607223668974278 ], [ -3.810871310061271, 40.607253669880066 ], [ -3.810961312488274, 40.60727367048392 ], [ -3.811111316533279, 40.607293671087774 ], [ -3.811181318420948, 40.607313671691628 ], [ -3.811281321117618, 40.60736367320127 ], [ -3.811581329207628, 40.607543678635977 ], [ -3.812121343769646, 40.60786368829767 ], [ -3.812331349432653, 40.607983691920808 ], [ -3.812611356983329, 40.608263700374792 ], [ -3.81264135779233, 40.60838370399793 ], [ -3.812581356174328, 40.608413704903711 ], [ -3.812431352129323, 40.608463706413353 ], [ -3.812281348084318, 40.608533708526849 ], [ -3.812221346466316, 40.608583710036484 ], [ -3.812171345117981, 40.608603710640345 ], [ -3.812111343499979, 40.608623711244199 ], [ -3.811921338376306, 40.608693713357695 ], [ -3.811831335949303, 40.608723714263476 ], [ -3.811771334331301, 40.608743714867337 ], [ -3.811731333252633, 40.608753715169264 ], [ -3.811621330286296, 40.60882371728276 ], [ -3.811461325971624, 40.608803716678906 ], [ -3.811381323814288, 40.608793716376972 ], [ -3.811281321117618, 40.608813716980833 ], [ -3.811201318960282, 40.60891372000011 ], [ -3.811131317072613, 40.608993722415534 ], [ -3.811021314106276, 40.609113726038672 ], [ -3.810891310600605, 40.609263730567591 ], [ -3.810781307634268, 40.609393734492656 ], [ -3.810651304128597, 40.609493737511933 ], [ -3.810631303589263, 40.609493737511933 ], [ -3.810551301431927, 40.609513738115794 ], [ -3.810331295499253, 40.609533738719648 ], [ -3.810201291993582, 40.609543739021575 ], [ -3.810121289836246, 40.609553739323502 ], [ -3.810081288757578, 40.609573739927363 ], [ -3.810011286869909, 40.609573739927363 ], [ -3.809981286060908, 40.609573739927363 ], [ -3.809921284442906, 40.609563739625429 ], [ -3.809791280937235, 40.609533738719648 ], [ -3.809781280667568, 40.609593740531217 ], [ -3.809771280397901, 40.609613741135071 ], [ -3.809681277970898, 40.609743745060136 ], [ -3.809631276622563, 40.609813747173632 ], [ -3.809571275004561, 40.609903749890982 ], [ -3.809521273656226, 40.60993375079677 ], [ -3.80944127149889, 40.609963751702551 ], [ -3.809251266375217, 40.609963751702551 ], [ -3.809221265566216, 40.609783746267844 ], [ -3.809181264487548, 40.609593740531217 ], [ -3.809101262330212, 40.609493737511933 ], [ -3.809011259903209, 40.609403734794583 ], [ -3.80894125801554, 40.609393734492656 ], [ -3.808851255588537, 40.609383734190729 ], [ -3.808581248307528, 40.609343732983014 ], [ -3.808491245880525, 40.609333732681087 ], [ -3.808251239408517, 40.609293731473379 ], [ -3.808061234284844, 40.609263730567591 ], [ -3.80794123104884, 40.609273730869518 ], [ -3.807821227812836, 40.609283731171445 ], [ -3.807611222149829, 40.609293731473379 ], [ -3.807221211632816, 40.609303731775306 ], [ -3.807101208396812, 40.609343732983014 ], [ -3.806801200306802, 40.609453736304225 ], [ -3.806781199767468, 40.609463736606152 ], [ -3.80654119329546, 40.609523738417721 ], [ -3.80634118790212, 40.609553739323502 ], [ -3.80604117981211, 40.609603740833144 ], [ -3.806031179542443, 40.609603740833144 ], [ -3.805911176306439, 40.609383734190729 ], [ -3.805901176036772, 40.609373733888802 ], [ -3.805901176036772, 40.609363733586875 ], [ -3.805901176036772, 40.609353733284941 ], [ -3.805991178463775, 40.609223729359883 ], [ -3.806021179272776, 40.609183728152168 ], [ -3.806251185475117, 40.608843717886614 ], [ -3.806281186284118, 40.608743714867337 ], [ -3.806101181430112, 40.608493707319134 ], [ -3.806091181160445, 40.608133696449727 ], [ -3.805961177654774, 40.608013692826589 ], [ -3.805771172531101, 40.607943690713093 ], [ -3.805711170913099, 40.607913689807312 ], [ -3.805581167407428, 40.607833687391889 ], [ -3.805421163092756, 40.607733684372604 ], [ -3.804811146643069, 40.607343672597416 ], [ -3.804731144485733, 40.607293671087774 ], [ -3.804691143407065, 40.607283670785847 ], [ -3.803821119946036, 40.607003662331863 ], [ -3.803181102687348, 40.606793655991375 ], [ -3.802891094867005, 40.606693652972098 ], [ -3.802031071675643, 40.606403644216186 ], [ -3.801551058731627, 40.606443645423894 ], [ -3.800381027180588, 40.605993631837137 ], [ -3.800171021517581, 40.604933599832769 ], [ -3.800171021517581, 40.604923599530842 ], [ -3.800481029877258, 40.604393583528655 ], [ -3.800871040394271, 40.603723563299482 ], [ -3.800981043360608, 40.603533557562848 ], [ -3.801291051720285, 40.602983540956807 ], [ -3.801421055225956, 40.602763534314391 ], [ -3.801671061967631, 40.602343521633415 ], [ -3.80194106924864, 40.601853506838943 ], [ -3.802111073832979, 40.601563498083031 ], [ -3.802281078417318, 40.601243488421339 ], [ -3.802401081653322, 40.60101348147699 ], [ -3.802481083810658, 40.600853476646144 ], [ -3.802791092170335, 40.600273459134321 ], [ -3.802811092709669, 40.600223457624679 ], [ -3.802861094058004, 40.600143455209256 ], [ -3.802991097563675, 40.599883447359126 ], [ -3.803071099721011, 40.599733442830207 ], [ -3.803201103226682, 40.599483435282011 ], [ -3.803381108080688, 40.59913342471453 ], [ -3.803411108889689, 40.599063422601034 ], [ -3.80324110430535, 40.598953419279823 ], [ -3.802881094597338, 40.598953419279823 ], [ -3.802481083810658, 40.59896341958175 ], [ -3.801001043899942, 40.59896341958175 ], [ -3.800421028259256, 40.598843415958619 ], [ -3.799801011539902, 40.598693411429693 ], [ -3.799661007764564, 40.598663410523912 ], [ -3.799010990236209, 40.598563407504635 ], [ -3.798520977022526, 40.598813415052831 ], [ -3.798390973516855, 40.598883417166327 ], [ -3.797760956527834, 40.599323430451157 ], [ -3.797550950864827, 40.599483435282011 ], [ -3.797130939538813, 40.599773444037922 ], [ -3.796630926055463, 40.599953449472622 ], [ -3.795920906909106, 40.599973450076483 ], [ -3.795620898819096, 40.599973450076483 ], [ -3.795200887493082, 40.59998345037841 ], [ -3.79444086699839, 40.599893447661053 ], [ -3.794020855672376, 40.599843446151418 ], [ -3.792810823042669, 40.599533436791646 ], [ -3.792170805783981, 40.599393432564653 ], [ -3.791880797963638, 40.599343431055019 ], [ -3.791050775581277, 40.59922342743188 ], [ -3.7907407672216, 40.599183426224165 ], [ -3.790200752659582, 40.599103423808742 ], [ -3.789800741872902, 40.5990534222991 ], [ -3.78894071868154, 40.599163425620311 ], [ -3.787970692523841, 40.599623439509003 ], [ -3.787130669871813, 40.600013451284191 ], [ -3.786210645062449, 40.600443464267094 ], [ -3.78554062699476, 40.600463464870948 ], [ -3.784910610005739, 40.600543467286379 ], [ -3.784350594904387, 40.601143485402055 ], [ -3.783880582230038, 40.601483495667608 ], [ -3.783370568477021, 40.601833506235089 ], [ -3.782690550139665, 40.601783504725447 ], [ -3.782150535577647, 40.60153349717725 ], [ -3.781520518588626, 40.600883477551925 ], [ -3.780900501869272, 40.600993480873136 ], [ -3.780370487576921, 40.601093483892413 ], [ -3.779670468700231, 40.601243488421339 ], [ -3.778820445778536, 40.601823505933162 ], [ -3.778150427710847, 40.601813505631235 ], [ -3.777060398317144, 40.601433494157966 ], [ -3.776420381058456, 40.601253488723266 ], [ -3.775660360563764, 40.601033482080851 ], [ -3.775320351395086, 40.600943479363494 ], [ -3.775280350316418, 40.600933479061567 ], [ -3.774910340338739, 40.60083347604229 ], [ -3.774600331979062, 40.600743473324933 ], [ -3.774200321192382, 40.600643470305656 ], [ -3.773680307169698, 40.600543467286379 ], [ -3.773130292338013, 40.600433463965167 ], [ -3.772670279933331, 40.600343461247817 ], [ -3.772360271573654, 40.600283459436248 ], [ -3.771790256202635, 40.600213457322752 ], [ -3.771290242719285, 40.600153455511183 ], [ -3.770890231932605, 40.600103454001541 ], [ -3.770490221145925, 40.600053452491906 ], [ -3.770210213595249, 40.600023451586118 ], [ -3.769850203887237, 40.599973450076483 ], [ -3.769350190403887, 40.599913448264914 ], [ -3.76894017934754, 40.599863446755272 ], [ -3.768060155616844, 40.599763443735995 ], [ -3.767520141054826, 40.599553437395507 ], [ -3.767200132425482, 40.59940343286658 ], [ -3.766180104919448, 40.598893417468254 ], [ -3.765870096559771, 40.598743412939335 ], [ -3.765230079301083, 40.598533406598847 ], [ -3.76514007687408, 40.598503405693066 ], [ -3.764110049098379, 40.598423403277643 ], [ -3.76384004181737, 40.598353401164147 ], [ -3.763480032109358, 40.598253398144863 ], [ -3.763020019704676, 40.598123394219797 ], [ -3.762119995434646, 40.597873386671601 ], [ -3.762069994086311, 40.59785338606774 ], [ -3.761459977636624, 40.597613378821471 ], [ -3.760789959568935, 40.597353370971341 ], [ -3.760579953905928, 40.597303369461706 ], [ -3.76013994204058, 40.597203366442422 ], [ -3.759759931793234, 40.597113363725072 ], [ -3.759369921276221, 40.596893357082656 ], [ -3.759159915613214, 40.596773353459518 ], [ -3.758959910219874, 40.596633349232526 ], [ -3.758909908871539, 40.596593348024818 ], [ -3.758749904556867, 40.59647334440168 ], [ -3.758389894848855, 40.596203336249623 ], [ -3.758379894579188, 40.596203336249623 ], [ -3.758369894309521, 40.596203336249623 ], [ -3.757759877859834, 40.596163335041915 ], [ -3.757589873275495, 40.596163335041915 ], [ -3.757289865185485, 40.596173335343842 ], [ -3.757019857904476, 40.596073332324558 ], [ -3.75423978293705, 40.595103303037547 ], [ -3.753559764599694, 40.594863295791271 ], [ -3.752869745992671, 40.594873296093198 ], [ -3.752209728194649, 40.59451328522379 ], [ -3.752129726037313, 40.594463283714148 ], [ -3.752109725497979, 40.594443283110294 ], [ -3.75043968046359, 40.592883236009527 ], [ -3.750059670216244, 40.592533225442047 ], [ -3.749169646215881, 40.592803233594104 ], [ -3.745719553180766, 40.592293218195778 ], [ -3.745709552911099, 40.592293218195778 ], [ -3.745299541854752, 40.591983208836005 ], [ -3.744279514348718, 40.59167319947624 ], [ -3.74363949709003, 40.591503194343467 ], [ -3.742169457448981, 40.591123182870199 ], [ -3.740729418616933, 40.590743171396937 ], [ -3.739599388144562, 40.589403130938585 ], [ -3.739079374121878, 40.58816309349951 ], [ -3.738889368998205, 40.587913085951314 ], [ -3.738469357672191, 40.5870530599855 ], [ -3.738079347155178, 40.586583045794889 ], [ -3.737649335559497, 40.586383039756328 ], [ -3.737179322885148, 40.586183033717766 ], [ -3.736469303738791, 40.586013028584993 ], [ -3.735749284322767, 40.585823022848359 ], [ -3.73543927596309, 40.585793021942578 ], [ -3.73523927056975, 40.585773021338717 ], [ -3.735079266255078, 40.585743020432936 ], [ -3.734899261401072, 40.585713019527148 ], [ -3.734479250075058, 40.585633017111725 ], [ -3.734379247378388, 40.585613016507871 ], [ -3.734259244142384, 40.585593015904017 ], [ -3.734169241715381, 40.585573015300163 ], [ -3.733899234434372, 40.585493012884733 ], [ -3.733619226883696, 40.585463011978952 ], [ -3.733479223108358, 40.585443011375098 ], [ -3.733079212321678, 40.585383009563529 ], [ -3.732699202074332, 40.585433011073171 ], [ -3.732219189130316, 40.585503013186667 ], [ -3.730959155152274, 40.585353008657741 ], [ -3.730559144365594, 40.585303007148106 ], [ -3.730379139511588, 40.585283006544245 ], [ -3.73013913303958, 40.585253005638464 ], [ -3.72993912764624, 40.585223004732683 ], [ -3.729729121983233, 40.585203004128822 ], [ -3.729069104185211, 40.584972997184479 ], [ -3.728109078297179, 40.584642987220853 ], [ -3.727679066701498, 40.584512983295795 ], [ -3.727209054027149, 40.584372979068803 ], [ -3.726589037307795, 40.584192973634096 ], [ -3.726379031644788, 40.584132971822527 ], [ -3.725929019509773, 40.584002967897462 ], [ -3.724968993621741, 40.583732959745404 ], [ -3.724618984183396, 40.583632956726127 ], [ -3.723508954250359, 40.583312947064428 ], [ -3.723358950205354, 40.58327294585672 ], [ -3.721908911103639, 40.582862933477671 ], [ -3.721348896002287, 40.582702928646825 ], [ -3.720578875237928, 40.582322917173556 ], [ -3.71933884179922, 40.582232914456206 ], [ -3.718578821304528, 40.582502922608263 ], [ -3.718208811326849, 40.582632926533329 ], [ -3.717168783281481, 40.583002937704663 ], [ -3.716398762517122, 40.582942935893094 ], [ -3.715958750651774, 40.582902934685386 ], [ -3.714458710201724, 40.582762930458394 ], [ -3.713628687819363, 40.583112941025874 ], [ -3.712918668673006, 40.583402949781785 ], [ -3.711568632267961, 40.58318294313937 ], [ -3.711408627953289, 40.583152942233582 ], [ -3.711278624447618, 40.583162942535509 ], [ -3.711128620402613, 40.58318294313937 ], [ -3.710948615548607, 40.583202943743224 ], [ -3.710768610694601, 40.583222944347078 ], [ -3.708518550019526, 40.5836229564242 ], [ -3.707818531142836, 40.58386296367047 ], [ -3.707568524401161, 40.583252945252866 ], [ -3.705798476670102, 40.583112941025874 ], [ -3.705328463995753, 40.583082940120086 ], [ -3.705328463995753, 40.583642957028054 ], [ -3.705328463995753, 40.583892964576258 ], [ -3.705318463726086, 40.584792991749772 ], [ -3.705128458602413, 40.584882994467129 ], [ -3.704948453748407, 40.584952996580625 ], [ -3.704718447546066, 40.585052999599903 ], [ -3.70463844538873, 40.585113001411472 ], [ -3.70433843729872, 40.585333008053887 ], [ -3.704108431096379, 40.585493012884733 ], [ -3.703648418691697, 40.585823022848359 ], [ -3.70323840763535, 40.58611303160427 ], [ -3.702888398197005, 40.586373039454401 ], [ -3.702428385792323, 40.586703049418027 ], [ -3.702168378780981, 40.586893055154654 ], [ -3.701978373657308, 40.587013058777792 ], [ -3.701898371499972, 40.587063060287434 ], [ -3.701808369072969, 40.587113061797069 ], [ -3.701718366645966, 40.587163063306711 ], [ -3.701508360982959, 40.587273066627922 ], [ -3.70133835639862, 40.587363069345272 ], [ -3.701058348847944, 40.587503073572265 ], [ -3.700728339948933, 40.587673078705038 ], [ -3.700358329971254, 40.587853084139745 ], [ -3.700288328083585, 40.587903085649387 ], [ -3.699768314060901, 40.588173093801437 ], [ -3.699378303543888, 40.588373099839998 ], [ -3.698958292217874, 40.588593106482413 ], [ -3.698688284936865, 40.588733110709406 ], [ -3.698278273880518, 40.588943117049894 ], [ -3.69783826201517, 40.589163123692309 ], [ -3.697428250958823, 40.589373130032797 ], [ -3.69703824044181, 40.589573136071358 ], [ -3.69683823504847, 40.589683139392569 ], [ -3.696678230733798, 40.589763141807992 ], [ -3.696408223452789, 40.589913146336912 ], [ -3.696268219677451, 40.590003149054262 ], [ -3.69623821886845, 40.590043150261977 ], [ -3.696158216711114, 40.590153153583181 ], [ -3.696028213205443, 40.590363159923669 ], [ -3.695928210508773, 40.590543165358376 ], [ -3.695698204306432, 40.590943177435499 ], [ -3.695528199722093, 40.591243186493337 ], [ -3.695348194868087, 40.591563196155029 ], [ -3.695188190553415, 40.591843204609013 ], [ -3.695018185969076, 40.592133213364924 ], [ -3.694878182193738, 40.592393221215055 ], [ -3.694758178957734, 40.592603227555543 ], [ -3.694628175452063, 40.592833234499885 ], [ -3.694518172485726, 40.593023240236519 ], [ -3.694368168440721, 40.593293248388576 ], [ -3.69423816493505, 40.593523255332919 ], [ -3.694128161968713, 40.593713261069553 ], [ -3.693988158193375, 40.593953268315822 ], [ -3.69283812718167, 40.595963329003354 ], [ -3.692788125833335, 40.596053331720704 ], [ -3.692028105338643, 40.597383371877129 ], [ -3.691958103450974, 40.597503375500267 ], [ -3.691918102372306, 40.597593378217617 ], [ -3.69183810021497, 40.59776338335039 ], [ -3.691808099405969, 40.597833385463886 ], [ -3.691728097248633, 40.598073392710162 ], [ -3.69163809482163, 40.598323400258359 ], [ -3.690748070821267, 40.600943479363494 ], [ -3.69063806785493, 40.60127348932712 ], [ -3.690618067315596, 40.601333491138689 ], [ -3.690588066506595, 40.601403493252185 ], [ -3.690518064618926, 40.601553497781104 ], [ -3.690418061922256, 40.60171350261195 ], [ -3.690318059225586, 40.601883507744731 ], [ -3.69023805706825, 40.602023511971723 ], [ -3.689478036573558, 40.603313550920433 ], [ -3.689218029562216, 40.603753564205263 ], [ -3.688978023090208, 40.604163576584313 ], [ -3.688788017966535, 40.604483586246005 ], [ -3.688358006370854, 40.605203607984826 ], [ -3.688288004483185, 40.605323611607957 ], [ -3.68823800313485, 40.60540361402338 ], [ -3.688128000168513, 40.605583619458088 ], [ -3.687987996393175, 40.605843627308218 ], [ -3.687827992078503, 40.606133636064129 ], [ -3.687697988572832, 40.606373643310398 ], [ -3.687527983988493, 40.606683652670171 ], [ -3.68733797886482, 40.606913659614513 ], [ -3.687167974280481, 40.607043663539578 ], [ -3.686967968887141, 40.607203668370424 ], [ -3.686397953516122, 40.607653681957181 ], [ -3.685997942729442, 40.607963691316954 ], [ -3.685497929246092, 40.608353703092142 ], [ -3.685247922504417, 40.60856370943263 ], [ -3.685007916032409, 40.608763715471191 ], [ -3.684697907672732, 40.608923720302037 ], [ -3.684527903088393, 40.608993722415534 ], [ -3.684007889065709, 40.609203728756022 ], [ -3.68363787908803, 40.609343732983014 ], [ -3.683247868571017, 40.609493737511933 ], [ -3.682607851312329, 40.609743745060136 ], [ -3.682357844570654, 40.609843748079413 ], [ -3.682317843491986, 40.609863748683274 ], [ -3.682157839177314, 40.609923750494836 ], [ -3.681817830008636, 40.610063754721828 ], [ -3.68123781436795, 40.610293761666178 ], [ -3.680957806817274, 40.610403764987382 ], [ -3.680567796300261, 40.610563769818235 ], [ -3.680207786592249, 40.610713774347154 ], [ -3.679957779850574, 40.610813777366431 ], [ -3.679727773648233, 40.610903780083781 ], [ -3.679597770142562, 40.610953781593423 ], [ -3.679407765018889, 40.611093785820415 ], [ -3.679257760973884, 40.611193788839692 ], [ -3.679157758277214, 40.611263790953188 ], [ -3.679077756119878, 40.611363793972473 ], [ -3.678917751805206, 40.611553799709107 ], [ -3.678727746681533, 40.611773806351522 ], [ -3.678557742097194, 40.611963812088149 ], [ -3.678327735894853, 40.612233820240206 ], [ -3.678107729962179, 40.612483827788409 ], [ -3.677727719714833, 40.612933841375167 ], [ -3.677247706770817, 40.613483857981208 ], [ -3.676777694096468, 40.61403387458725 ], [ -3.676627690051463, 40.61421388002195 ], [ -3.676447685197457, 40.614433886664365 ], [ -3.676257680073784, 40.614643893004853 ], [ -3.67623767953445, 40.614673893910641 ], [ -3.676217678995116, 40.614743896024137 ], [ -3.676187678186115, 40.614783897231845 ], [ -3.676107676028779, 40.614883900251129 ], [ -3.675867669556771, 40.615153908403187 ], [ -3.675777667129768, 40.615173909007041 ], [ -3.675547660927427, 40.615423916555237 ], [ -3.675287653916085, 40.615703925009221 ], [ -3.675267653376751, 40.615723925613082 ], [ -3.675257653107084, 40.615733925915009 ], [ -3.675247652837417, 40.615743926216936 ], [ -3.675247652837417, 40.615753926518863 ], [ -3.675247652837417, 40.61576392682079 ], [ -3.675257653107084, 40.615793927726578 ], [ -3.675257653107084, 40.615803928028505 ], [ -3.675257653107084, 40.615813928330432 ], [ -3.674927644208073, 40.61617393919984 ], [ -3.674717638545066, 40.616393945842255 ], [ -3.674597635309062, 40.616483948559605 ], [ -3.67453763369106, 40.616513949465393 ], [ -3.674467631803391, 40.616543950371174 ], [ -3.674297627219052, 40.61661395248467 ], [ -3.67363760942103, 40.616853959730946 ], [ -3.673517606185026, 40.616903961240581 ], [ -3.673067594050011, 40.617023964863719 ], [ -3.672157569510314, 40.617273972411923 ], [ -3.67183756088097, 40.617363975129273 ], [ -3.671527552521293, 40.617443977544696 ], [ -3.671427549824623, 40.617473978450477 ], [ -3.671327547127953, 40.617503979356265 ], [ -3.671207543891949, 40.617533980262046 ], [ -3.671157542543614, 40.617553980865907 ], [ -3.671087540655945, 40.617583981771688 ], [ -3.670877534992938, 40.617683984790965 ], [ -3.668527471621193, 40.618814018908829 ], [ -3.666787424699135, 40.619654044270781 ], [ -3.666667421463131, 40.619814049101635 ], [ -3.666597419575462, 40.619904051818985 ], [ -3.666507417148459, 40.620134058763327 ], [ -3.666567418766461, 40.620504069934661 ], [ -3.666607419845129, 40.62073407687901 ], [ -3.666717422811466, 40.621334094994687 ], [ -3.666767424159801, 40.621634104052525 ], [ -3.666807425238469, 40.621884111600728 ], [ -3.666827425777803, 40.621994114921932 ], [ -3.666897427665472, 40.622404127300982 ], [ -3.66693742874414, 40.62261413364147 ], [ -3.667007430631809, 40.622834140283885 ], [ -3.667027431171143, 40.622894142095454 ], [ -3.667077432519478, 40.622994145114738 ], [ -3.667327439261153, 40.623524161116919 ], [ -3.667387440879155, 40.623654165041984 ], [ -3.667667448429831, 40.624244182855733 ], [ -3.668197462722182, 40.625384217275524 ], [ -3.668357467036854, 40.625724227541077 ], [ -3.668487470542525, 40.626004235995062 ], [ -3.668487470542525, 40.626234242939411 ], [ -3.668487470542525, 40.627114269509072 ], [ -3.668527471621193, 40.627454279774625 ], [ -3.668517471351526, 40.627544282491975 ], [ -3.668397468115522, 40.628414308759709 ], [ -3.668347466767187, 40.628744318723335 ], [ -3.668317465958186, 40.628994326271538 ], [ -3.667987457059175, 40.629704347708426 ], [ -3.667967456519841, 40.629764349519995 ], [ -3.667527444654493, 40.630724378505079 ], [ -3.667367440339821, 40.631084389374486 ], [ -3.667277437912818, 40.631264394809193 ], [ -3.667197435755482, 40.631404399036185 ], [ -3.6657373963841, 40.633864473310474 ], [ -3.665467389103091, 40.634274485689517 ], [ -3.664427361057723, 40.635614526147869 ], [ -3.664287357282385, 40.635804531884503 ], [ -3.664077351619378, 40.636044539130779 ], [ -3.663257329506684, 40.636974567210082 ], [ -3.663087324922345, 40.637164572946709 ], [ -3.663017323034676, 40.637244575362132 ], [ -3.662817317641336, 40.637474582306481 ], [ -3.66243730739399, 40.637904595289385 ], [ -3.662387306045655, 40.637964597100954 ], [ -3.66233730469732, 40.638044599516377 ], [ -3.662287303348985, 40.6381246019318 ], [ -3.66223730200065, 40.638224604951077 ], [ -3.662207301191649, 40.638304607366507 ], [ -3.662167300112981, 40.638424610989638 ], [ -3.66213729930398, 40.638514613706988 ], [ -3.661987295258975, 40.638984627897607 ], [ -3.661977294989308, 40.639004628501461 ], [ -3.661887292562305, 40.639304637559306 ], [ -3.661797290135302, 40.63941464088051 ], [ -3.6617372885173, 40.639494643295933 ], [ -3.661677286899298, 40.639574645711363 ], [ -3.661667286629631, 40.63958464601329 ], [ -3.66133727773062, 40.639844653863413 ], [ -3.661087270988945, 40.640044659901974 ], [ -3.660777262629268, 40.640294667450178 ], [ -3.66043725346059, 40.640564675602235 ], [ -3.660247248336917, 40.640714680131154 ], [ -3.6597372345839, 40.641124692510196 ], [ -3.659387225145555, 40.641394700662254 ], [ -3.659307222988219, 40.641454702473823 ], [ -3.659227220830883, 40.641524704587319 ], [ -3.659017215167876, 40.641704710022026 ], [ -3.658477200605858, 40.642134723004929 ], [ -3.658017188201176, 40.642304728137702 ], [ -3.657657178493164, 40.642434732062767 ], [ -3.657377170942488, 40.642544735383979 ], [ -3.65703716177381, 40.642674739309037 ], [ -3.6567371536838, 40.642784742630248 ], [ -3.656447145863457, 40.642894745951459 ], [ -3.656187138852115, 40.642994748970736 ], [ -3.656127137234113, 40.643024749876517 ], [ -3.65593713211044, 40.643314758632428 ], [ -3.655877130492438, 40.643324758934362 ], [ -3.655857129953104, 40.643324758934362 ], [ -3.655687125368765, 40.643354759840143 ], [ -3.655407117818089, 40.643304758330501 ], [ -3.654927104874073, 40.643214755613151 ], [ -3.653627069817363, 40.642974748366882 ], [ -3.652787047165335, 40.642824743837963 ], [ -3.652597042041662, 40.642794742932175 ], [ -3.652197031254982, 40.642734741120606 ], [ -3.651917023704306, 40.642654738705183 ], [ -3.651517012917626, 40.642514734478191 ], [ -3.651307007254619, 40.642444732364694 ], [ -3.650916996737606, 40.642304728137702 ], [ -3.650266979209251, 40.642064720891433 ], [ -3.649596961141562, 40.641824713645157 ], [ -3.649106947927879, 40.641624707606603 ], [ -3.648846940916537, 40.641514704285392 ], [ -3.6487369379502, 40.641474703077677 ], [ -3.648706937141199, 40.641454702473823 ], [ -3.648626934983863, 40.641394700662254 ], [ -3.648516932017526, 40.641314698246831 ], [ -3.648466930669191, 40.64128469734105 ], [ -3.648346927433187, 40.641204694925626 ], [ -3.648326926893853, 40.641194694623692 ], [ -3.648206923657849, 40.641094691604415 ], [ -3.647866914489171, 40.64078468224465 ], [ -3.647596907208162, 40.640554675300301 ], [ -3.647206896691149, 40.640194664430894 ], [ -3.647076893185478, 40.640074660807763 ], [ -3.647006891297809, 40.640014658996193 ], [ -3.646966890219141, 40.639984658090405 ], [ -3.646906888601139, 40.639944656882697 ], [ -3.64683688671347, 40.639894655373055 ], [ -3.645906861634439, 40.639204634540022 ], [ -3.645206842757749, 40.638684618839768 ], [ -3.645006837364409, 40.638534614310849 ], [ -3.644846833049737, 40.638424610989638 ], [ -3.644456822532724, 40.638174603441442 ], [ -3.642426767790323, 40.6381246019318 ], [ -3.641996756194642, 40.638194604045296 ], [ -3.64133673839662, 40.638304607366507 ], [ -3.640856725452604, 40.63838460978193 ], [ -3.640406713317589, 40.638464612197353 ], [ -3.640146706306247, 40.638504613405061 ], [ -3.640086704688245, 40.638514613706988 ], [ -3.639986701991575, 40.638514613706988 ], [ -3.639926700373573, 40.638514613706988 ], [ -3.638806670170869, 40.63847461249928 ], [ -3.63853666288986, 40.638314607668434 ], [ -3.638376658575188, 40.63821460464915 ], [ -3.637796642934502, 40.637874594383597 ], [ -3.637686639968165, 40.637804592270101 ], [ -3.637626638350163, 40.637764591062393 ], [ -3.637576637001828, 40.637714589552751 ], [ -3.637556636462494, 40.63768458864697 ], [ -3.637266628642151, 40.637344578381416 ], [ -3.637026622170143, 40.637074570229359 ], [ -3.636896618664472, 40.63692456570044 ], [ -3.63683661704647, 40.636854563586944 ], [ -3.636706613540799, 40.63683456298309 ], [ -3.636606610844129, 40.636494552717537 ], [ -3.636556609495794, 40.636284546377048 ], [ -3.636466607068791, 40.635994537621137 ], [ -3.636376604641788, 40.635674527959438 ], [ -3.636326603293453, 40.635514523128592 ], [ -3.636226600596783, 40.635194513466892 ], [ -3.636186599518115, 40.63513451165533 ], [ -3.635976593855108, 40.634884504107127 ], [ -3.635906591967439, 40.634794501389777 ], [ -3.635776588461768, 40.634654497162785 ], [ -3.63553658198976, 40.63443449052037 ], [ -3.635276574978418, 40.634194483274094 ], [ -3.635116570663746, 40.634044478745174 ], [ -3.635026568236743, 40.633954476027824 ], [ -3.634886564461405, 40.633824472102759 ], [ -3.634686559068065, 40.633624466064198 ], [ -3.634606556910729, 40.633544463648775 ], [ -3.634576556101728, 40.633514462742994 ], [ -3.634566555832061, 40.633494462139133 ], [ -3.634546555292727, 40.633464461233352 ], [ -3.634446552596057, 40.633284455798645 ], [ -3.633886537494705, 40.632344427417415 ], [ -3.633276521045018, 40.631314396318828 ], [ -3.633076515651678, 40.630984386355209 ], [ -3.632926511606673, 40.630734378807006 ], [ -3.632776507561668, 40.630594374580014 ], [ -3.632376496774988, 40.630224363408679 ], [ -3.631996486527642, 40.629884353143126 ], [ -3.631906484100639, 40.629804350727703 ], [ -3.63163647681963, 40.629564343481434 ], [ -3.631106462527279, 40.629084328988888 ], [ -3.630696451470932, 40.628764319327189 ], [ -3.63013643636958, 40.628334306344286 ], [ -3.629886429627905, 40.627794290040178 ], [ -3.629696424504232, 40.627404278264983 ], [ -3.629666423695231, 40.627074268301357 ], [ -3.629646423155897, 40.626854261658941 ], [ -3.629856428818904, 40.62647425018568 ], [ -3.630046433942577, 40.626134239920127 ], [ -3.630206438257249, 40.625854231466143 ], [ -3.630046433942577, 40.625474219992881 ], [ -3.629606422077229, 40.624374186780798 ], [ -3.629396416414222, 40.623834170476691 ], [ -3.628846401582537, 40.622384126697128 ], [ -3.628956404548874, 40.622064117035428 ], [ -3.629156409942214, 40.621514100429394 ], [ -3.629486418841225, 40.620614073255872 ], [ -3.629386416144555, 40.620464068726953 ], [ -3.629056407245544, 40.620004054838262 ], [ -3.628776399694868, 40.619614043063073 ], [ -3.628656396458864, 40.61945403823222 ], [ -3.62863639591953, 40.618944022833894 ], [ -3.628606395110529, 40.618404006529786 ], [ -3.628606395110529, 40.618194000189298 ], [ -3.628606395110529, 40.618183999887364 ], [ -3.628606395110529, 40.61816399928351 ], [ -3.628546393492527, 40.61807399656616 ], [ -3.628376388908188, 40.61781398871603 ], [ -3.628296386750852, 40.617693985092899 ], [ -3.628246385402517, 40.617673984489038 ], [ -3.62783637434617, 40.617453977846623 ], [ -3.627416363020156, 40.61722397090228 ], [ -3.626946350345807, 40.61696396305215 ], [ -3.626816346840136, 40.616943962448296 ], [ -3.62613632850278, 40.616853959730946 ], [ -3.62593632310944, 40.616823958825158 ], [ -3.62583632041277, 40.616813958523231 ], [ -3.625816319873436, 40.616813958523231 ], [ -3.625166302345081, 40.616723955805881 ], [ -3.624806292637069, 40.616673954296239 ], [ -3.624166275378381, 40.616583951578889 ], [ -3.624026271603043, 40.616563950975035 ], [ -3.623926268906373, 40.616543950371174 ], [ -3.623906268367039, 40.616533950069247 ], [ -3.623686262434365, 40.61643394704997 ], [ -3.623596260007362, 40.616393945842255 ], [ -3.62353625838936, 40.616363944936474 ], [ -3.623186248951015, 40.616203940105621 ], [ -3.622606233310329, 40.615943932255497 ], [ -3.622016217399976, 40.61523391081861 ], [ -3.621786211197635, 40.614963902666553 ], [ -3.621746210118967, 40.614903900854983 ], [ -3.621486203107625, 40.614393885456657 ], [ -3.621406200950289, 40.614253881229665 ], [ -3.621376200141288, 40.614183879116169 ], [ -3.621276197444618, 40.613993873379535 ], [ -3.620626179916263, 40.612803837450102 ], [ -3.620566178298261, 40.612693834128898 ], [ -3.620496176410592, 40.612593831109614 ], [ -3.620326171826253, 40.612403825372986 ], [ -3.620226169129583, 40.612303822353702 ], [ -3.620156167241914, 40.612213819636352 ], [ -3.62003616400591, 40.612093816013214 ], [ -3.619886159960905, 40.611933811182368 ], [ -3.619726155646233, 40.611883809672726 ], [ -3.619266143241551, 40.61172380484188 ], [ -3.61863612625253, 40.611503798199465 ], [ -3.618296117083852, 40.611383794576327 ], [ -3.618026109802843, 40.611293791858976 ], [ -3.618006109263509, 40.611043784310773 ], [ -3.617966108184841, 40.610793776762577 ], [ -3.61783610467917, 40.610203758948821 ], [ -3.617856105218504, 40.61017375804304 ], [ -3.617986108724175, 40.609903749890982 ], [ -3.618176113847848, 40.609483737210006 ], [ -3.618416120319856, 40.608993722415534 ], [ -3.617326090926153, 40.607643681655254 ], [ -3.616816077173136, 40.607003662331863 ], [ -3.617176086881148, 40.60607363425256 ], [ -3.617126085532813, 40.605193607682892 ], [ -3.616886079060805, 40.604663591680712 ], [ -3.616466067734791, 40.603903568734182 ], [ -3.616416066386456, 40.603803565714905 ], [ -3.616116058296446, 40.603093544278018 ], [ -3.616506068813459, 40.602113514689073 ], [ -3.616386065577455, 40.601563498083031 ], [ -3.615326036992753, 40.600753473626867 ], [ -3.614296009217052, 40.600623469701802 ], [ -3.612975973621008, 40.599943449170695 ], [ -3.611655938024964, 40.599503435885865 ], [ -3.610605909709929, 40.598803414750904 ], [ -3.608775860360868, 40.598493405391139 ], [ -3.608245846068517, 40.597943388785097 ], [ -3.608175844180848, 40.597873386671601 ], [ -3.608095842023512, 40.597783383954244 ], [ -3.60803584040551, 40.597713381840748 ], [ -3.607945837978507, 40.597623379123398 ], [ -3.607745832585167, 40.597463374292552 ], [ -3.607715831776166, 40.597443373688698 ], [ -3.607605828809829, 40.597363371273275 ], [ -3.607185817483815, 40.597043361611576 ], [ -3.607115815596146, 40.596993360101933 ], [ -3.607005812629809, 40.59691335768651 ], [ -3.606955811281474, 40.596873356478802 ], [ -3.606865808854471, 40.596853355874941 ], [ -3.606365795371121, 40.596743352553737 ], [ -3.605405769483089, 40.596533346213249 ], [ -3.605365768404421, 40.596523345911322 ], [ -3.60523576489875, 40.596493345005534 ], [ -3.605225764629083, 40.59647334440168 ], [ -3.605195763820082, 40.596433343193965 ], [ -3.605145762471747, 40.596363341080469 ], [ -3.605095761123412, 40.596293338966973 ], [ -3.605045759775077, 40.596223336853477 ], [ -3.605015758966076, 40.596183335645769 ], [ -3.604755751954734, 40.595823324776362 ], [ -3.604855754651404, 40.595203306056824 ], [ -3.604855754651404, 40.595153304547182 ], [ -3.604855754651404, 40.595073302131759 ], [ -3.604855754651404, 40.595043301225978 ], [ -3.604855754651404, 40.594993299716336 ], [ -3.604855754651404, 40.594953298508621 ], [ -3.604855754651404, 40.594893296697059 ], [ -3.604825753842403, 40.594583287337286 ], [ -3.604825753842403, 40.594543286129579 ], [ -3.604825753842403, 40.594483284318009 ], [ -3.604815753572736, 40.594383281298725 ], [ -3.604815753572736, 40.59433327978909 ], [ -3.604815753572736, 40.594323279487156 ], [ -3.604785752763735, 40.594293278581375 ], [ -3.604645748988397, 40.594143274052456 ], [ -3.604625748449063, 40.594123273448602 ], [ -3.604485744673725, 40.59398326922161 ], [ -3.604355741168054, 40.593853265296545 ], [ -3.604315740089386, 40.593803263786903 ], [ -3.604245738201717, 40.59372326137148 ], [ -3.604205737123049, 40.593683260163765 ], [ -3.604155735774714, 40.59363325865413 ], [ -3.604125734965713, 40.593603257748342 ], [ -3.604105734426379, 40.593593257446415 ], [ -3.604045732808377, 40.593543255936773 ], [ -3.603985731190375, 40.593503254729065 ], [ -3.603905729033039, 40.593433252615569 ], [ -3.603855727684704, 40.593393251407853 ], [ -3.603795726066702, 40.593343249898219 ], [ -3.603665722561031, 40.593243246878934 ], [ -3.603575720134028, 40.593183245067365 ], [ -3.603455716898024, 40.593073241746161 ], [ -3.603425716089023, 40.5930532411423 ], [ -3.603355714201354, 40.593013239934592 ], [ -3.603145708538347, 40.592933237519169 ], [ -3.602825699909003, 40.592803233594104 ], [ -3.60203567860531, 40.592473223630478 ], [ -3.601955676447974, 40.592443222724697 ], [ -3.601895674829972, 40.592413221818909 ], [ -3.601855673751304, 40.592223216082282 ], [ -3.601825672942303, 40.59211321276107 ], [ -3.601855673751304, 40.591893206118655 ], [ -3.601865674020971, 40.591813203703232 ], [ -3.601885674560305, 40.59167319947624 ], [ -3.601905675099639, 40.591493194041533 ], [ -3.601925675638973, 40.591353189814541 ], [ -3.60193567590864, 40.591273187399118 ], [ -3.601965676717641, 40.591013179548995 ], [ -3.602015678065976, 40.590863175020068 ], [ -3.602115680762646, 40.590583166566084 ], [ -3.602155681841314, 40.590463162942953 ], [ -3.602195682919982, 40.590353159621742 ], [ -3.602275685077318, 40.590143153281254 ], [ -3.602595693706662, 40.589663138788708 ], [ -3.602795699100002, 40.589373130032797 ], [ -3.60303570557201, 40.58901311916339 ], [ -3.603415715819356, 40.588763111615194 ], [ -3.60343571635869, 40.588753111313267 ], [ -3.603455716898024, 40.588733110709406 ], [ -3.603855727684704, 40.588573105878559 ], [ -3.603915729302706, 40.588553105274706 ], [ -3.604125734965713, 40.588463102557348 ], [ -3.604275739010718, 40.588403100745786 ], [ -3.604295739550052, 40.588393100443852 ], [ -3.604405742516389, 40.588303097726502 ], [ -3.604455743864724, 40.588263096518794 ], [ -3.604495744943392, 40.588233095613006 ], [ -3.604725751145733, 40.588053090178306 ], [ -3.604805753303069, 40.58798308806481 ], [ -3.604865754921071, 40.587933086555168 ], [ -3.604945757078407, 40.587863084441672 ], [ -3.604975757887408, 40.587833083535891 ], [ -3.605055760044744, 40.587763081422395 ], [ -3.605065760314411, 40.587753081120461 ], [ -3.605125761932413, 40.587623077195403 ], [ -3.605165763011081, 40.587533074478046 ], [ -3.605265765707751, 40.587323068137557 ], [ -3.605415769752756, 40.587033059381646 ], [ -3.605465771101091, 40.586943056664296 ], [ -3.6057357783821, 40.586393040058255 ], [ -3.605925783505773, 40.58602302888692 ], [ -3.606045786741777, 40.585793021942578 ], [ -3.606105788359779, 40.585663018017513 ], [ -3.606195790786782, 40.585493012884733 ], [ -3.60623579186545, 40.58541301046931 ], [ -3.606245792135117, 40.585383009563529 ], [ -3.606275792944118, 40.585333008053887 ], [ -3.606415796719456, 40.585153002619187 ], [ -3.606445797528457, 40.585113001411472 ], [ -3.606465798067791, 40.585093000807618 ], [ -3.606495798876792, 40.585073000203757 ], [ -3.608465852001191, 40.583892964576258 ], [ -3.608495852810192, 40.583882964274331 ], [ -3.60853585388886, 40.583882964274331 ], [ -3.608575854967528, 40.583882964274331 ], [ -3.60883586197887, 40.583912965180112 ], [ -3.608975865754208, 40.583722959443477 ], [ -3.609095868990212, 40.583542954008777 ], [ -3.609415877619556, 40.583402949781785 ], [ -3.609645883821897, 40.583252945252866 ], [ -3.609715885709566, 40.583252945252866 ], [ -3.609755886788234, 40.58318294313937 ], [ -3.609815888406236, 40.583152942233582 ], [ -3.609895890563572, 40.583112941025874 ], [ -3.610875916990938, 40.58251292291019 ], [ -3.611965946384641, 40.581892904190653 ], [ -3.613125977666013, 40.581542893623173 ], [ -3.613405985216689, 40.581452890905823 ], [ -3.614396011913722, 40.581152881847984 ], [ -3.614996028093742, 40.580972876413277 ], [ -3.616416066386456, 40.580482861618805 ], [ -3.618256116005184, 40.57900281693346 ], [ -3.618716128409866, 40.578622805460199 ], [ -3.619226142162883, 40.578222793383077 ], [ -3.619726155646233, 40.577822781305962 ], [ -3.620566178298261, 40.577162761378709 ], [ -3.62143620175929, 40.576472740545682 ], [ -3.621546204725627, 40.576362737224471 ], [ -3.621746210118967, 40.576172731487837 ], [ -3.622276224411318, 40.575672716391438 ], [ -3.622706236006999, 40.575362707031672 ], [ -3.623046245175677, 40.575122699785396 ], [ -3.623526258119693, 40.574772689217923 ], [ -3.623656261625364, 40.574672686198639 ], [ -3.623856267018704, 40.57452268166972 ], [ -3.623976270254708, 40.57443267895237 ], [ -3.624276278344718, 40.574212672309955 ], [ -3.625026298569743, 40.573622654496198 ], [ -3.625046299109077, 40.573602653892344 ], [ -3.625086300187745, 40.573602653892344 ], [ -3.626326333626453, 40.573512651174994 ], [ -3.628026379469843, 40.573592653590417 ], [ -3.628766399425201, 40.573752658421263 ], [ -3.629116408863546, 40.57393266385597 ], [ -3.629816427740236, 40.574292674725378 ], [ -3.630256439605584, 40.574452679556224 ], [ -3.630616449313596, 40.574582683481289 ], [ -3.631166464145281, 40.574862691935273 ], [ -3.631486472774625, 40.574772689217923 ], [ -3.631876483291638, 40.574672686198639 ], [ -3.632496500010992, 40.574502681065866 ], [ -3.632696505404332, 40.574502681065866 ], [ -3.632956512415674, 40.574492680763939 ], [ -3.633406524550689, 40.574472680160078 ], [ -3.633596529674362, 40.574462679858151 ], [ -3.633796535067702, 40.574462679858151 ], [ -3.634066542348711, 40.574462679858151 ], [ -3.634226546663383, 40.574462679858151 ], [ -3.634706559607399, 40.574462679858151 ], [ -3.635176572281748, 40.574512681367793 ], [ -3.635416578753756, 40.574542682273574 ], [ -3.636416605720456, 40.574632684990931 ], [ -3.636866617855471, 40.574702687104427 ], [ -3.637246628102817, 40.574752688614062 ], [ -3.638506662080859, 40.574922693746842 ], [ -3.639776696328568, 40.575102699181542 ], [ -3.640676720598598, 40.575442709447096 ], [ -3.64113673300328, 40.575622714881803 ], [ -3.641606745677629, 40.575802720316503 ], [ -3.642196761587982, 40.576132730280129 ], [ -3.642326765093653, 40.576212732695552 ], [ -3.642686774801665, 40.576412738734113 ], [ -3.643816805274036, 40.576652745980383 ], [ -3.644746830353067, 40.576842751717017 ], [ -3.644826832510403, 40.576862752320871 ], [ -3.644946835746407, 40.576862752320871 ], [ -3.645526851387093, 40.576882752924725 ], [ -3.646016864600776, 40.576902753528586 ], [ -3.646526878353793, 40.57692275413244 ], [ -3.647066892915811, 40.576942754736294 ], [ -3.647586906938495, 40.576962755340155 ], [ -3.647896915298172, 40.576992756245936 ], [ -3.648216923927516, 40.577032757453651 ], [ -3.648706937141199, 40.577082758963286 ], [ -3.649506958714559, 40.577172761680643 ], [ -3.649626961950563, 40.57718276198257 ], [ -3.649896969231572, 40.57727276469992 ], [ -3.650326980827253, 40.577412768926912 ], [ -3.650356981636254, 40.577422769228839 ], [ -3.650566987299261, 40.5776227752674 ], [ -3.650826994310603, 40.57786278251367 ], [ -3.650956997816274, 40.577972785834881 ], [ -3.650986998625275, 40.578012787042589 ], [ -3.651026999703943, 40.578082789156085 ], [ -3.651167003479281, 40.578332796704288 ], [ -3.651267006175951, 40.578502801837061 ], [ -3.651407009951289, 40.578742809083337 ], [ -3.651507012647959, 40.578922814518037 ], [ -3.651667016962631, 40.579202822972022 ], [ -3.651827021277303, 40.579472831124079 ], [ -3.651897023164972, 40.579592834747217 ], [ -3.651977025322308, 40.579722838672282 ], [ -3.652067027749311, 40.579902844106982 ], [ -3.652187030985315, 40.58011285044747 ], [ -3.652277033412318, 40.58026285497639 ], [ -3.652397036648322, 40.580452860713024 ], [ -3.652507039614659, 40.580642866449658 ], [ -3.652577041502328, 40.580762870072789 ], [ -3.652647043389997, 40.580882873695927 ], [ -3.652767046626001, 40.581082879734488 ], [ -3.652827048244003, 40.581252884867261 ], [ -3.652917050671006, 40.581492892113538 ], [ -3.652977052289008, 40.581662897246311 ], [ -3.653097055525012, 40.58198290690801 ], [ -3.653217058761016, 40.582302916569702 ], [ -3.653247059570017, 40.582402919588986 ], [ -3.653307061188019, 40.582562924419832 ], [ -3.65333706199702, 40.582632926533329 ], [ -3.653417064154356, 40.582862933477671 ], [ -3.653467065502691, 40.583002937704663 ], [ -3.653667070896031, 40.583542954008777 ], [ -3.653707071974699, 40.583652957329981 ], [ -3.653757073323034, 40.583792961556973 ], [ -3.65393707817704, 40.584262975747592 ], [ -3.654007080064709, 40.584452981484226 ], [ -3.654077081952378, 40.584632986918926 ], [ -3.654167084379381, 40.584862993863268 ], [ -3.654207085458049, 40.584972997184479 ], [ -3.654267087076051, 40.585173003223041 ], [ -3.654317088424386, 40.585333008053887 ], [ -3.654347089233387, 40.585433011073171 ], [ -3.654377090042388, 40.585533014092448 ], [ -3.654427091390723, 40.585693018923294 ], [ -3.654457092199724, 40.585783021640644 ], [ -3.654477092739058, 40.585863024056074 ], [ -3.654497093278392, 40.585943026471497 ], [ -3.654547094626727, 40.586093031000416 ], [ -3.654607096244729, 40.58620303432162 ], [ -3.654697098671732, 40.586373039454401 ], [ -3.654747100020067, 40.586473042473678 ], [ -3.654847102716737, 40.586683048814166 ], [ -3.654957105683074, 40.586903055456581 ], [ -3.655017107301076, 40.587043059683573 ], [ -3.655067108649411, 40.587153063004784 ], [ -3.65513711053708, 40.587293067231776 ], [ -3.655227112964083, 40.587493073270338 ], [ -3.655317115391086, 40.587683079006965 ], [ -3.655497120245092, 40.587903085649387 ], [ -3.65563712402043, 40.588083091084087 ], [ -3.655827129144103, 40.588323098330356 ], [ -3.656007133998109, 40.588573105878559 ], [ -3.656127137234113, 40.588733110709406 ], [ -3.65623714020045, 40.588873114936398 ], [ -3.656327142627453, 40.588993118559536 ], [ -3.657167165279481, 40.589433131844366 ], [ -3.657517174717826, 40.589613137279073 ], [ -3.657647178223497, 40.589683139392569 ], [ -3.657757181189834, 40.589753141506066 ], [ -3.657967186852841, 40.589883145431131 ], [ -3.658307196021519, 40.590083151469685 ], [ -3.658577203302528, 40.590243156300538 ], [ -3.658827210044203, 40.590393160829457 ], [ -3.658997214628542, 40.590493163848734 ], [ -3.659397225415222, 40.590803173208506 ], [ -3.659707233774899, 40.591053180756703 ], [ -3.660127245100913, 40.591443192531898 ], [ -3.660357251303254, 40.591653198872386 ], [ -3.660887265595605, 40.591793203099378 ], [ -3.661087270988945, 40.591843204609013 ], [ -3.661417279887956, 40.59193320732637 ], [ -3.661807290404969, 40.592033210345647 ], [ -3.662167300112981, 40.59211321276107 ], [ -3.662387306045655, 40.592163214270713 ], [ -3.663777343529368, 40.592303218497705 ], [ -3.663927347574373, 40.592303218497705 ], [ -3.664187354585715, 40.592303218497705 ], [ -3.664547364293727, 40.592293218195778 ], [ -3.664827371844403, 40.592303218497705 ], [ -3.665067378316411, 40.592303218497705 ], [ -3.665167381013081, 40.592303218497705 ], [ -3.665297384518752, 40.592293218195778 ], [ -3.665387386945755, 40.592283217893851 ], [ -3.665487389642425, 40.592273217591917 ], [ -3.665647393957097, 40.592253216988063 ], [ -3.665887400429105, 40.592233216384209 ], [ -3.66613740717078, 40.592213215780355 ], [ -3.666657421193464, 40.592163214270713 ], [ -3.666857426586804, 40.592143213666859 ], [ -3.666947429013807, 40.592133213364924 ], [ -3.66703743144081, 40.592123213062997 ], [ -3.667227436564483, 40.592103212459143 ], [ -3.667447442497157, 40.592003209439866 ], [ -3.66793745571084, 40.591783202797444 ], [ -3.668927482407873, 40.59132318890876 ], [ -3.669097486992212, 40.591243186493337 ], [ -3.674167623713381, 40.588853114332544 ], [ -3.674177623983048, 40.588853114332544 ], [ -3.674207624792049, 40.58883311372869 ], [ -3.674567634500061, 40.58866310859591 ], [ -3.675307654455419, 40.588303097726502 ], [ -3.676027673871443, 40.587943086857095 ], [ -3.676357682770454, 40.587773081724322 ], [ -3.676887697062805, 40.587503073572265 ], [ -3.677277707579818, 40.587303067533703 ], [ -3.677647717557497, 40.587123062098996 ], [ -3.67813773077118, 40.5868730545508 ], [ -3.678347736434187, 40.586763051229589 ], [ -3.678597743175862, 40.586643047606458 ], [ -3.67883774964787, 40.586533044285247 ], [ -3.679307762322219, 40.586313037642832 ], [ -3.679817776075236, 40.586073030396562 ], [ -3.680257787940584, 40.585863024056074 ], [ -3.680907805468939, 40.585563014998229 ], [ -3.681367817873621, 40.585343008355814 ], [ -3.682207840525649, 40.584942996278699 ], [ -3.682227841064983, 40.584922995674837 ], [ -3.682347844300987, 40.584852993561341 ], [ -3.682687853469665, 40.584642987220853 ], [ -3.682987861559675, 40.584462981786153 ], [ -3.683207867492349, 40.584322977559161 ], [ -3.683427873425023, 40.584182973332169 ], [ -3.68363787908803, 40.584052969407104 ], [ -3.68393788717804, 40.58386296367047 ], [ -3.684177893650048, 40.58371295914155 ], [ -3.684287896616385, 40.583642957028054 ], [ -3.684907913335739, 40.583352948272143 ], [ -3.685867939223771, 40.582902934685386 ], [ -3.687257976707484, 40.582572924721759 ], [ -3.687457982100824, 40.582582925023686 ], [ -3.687617986415496, 40.582582925023686 ], [ -3.68783799234817, 40.582582925023686 ], [ -3.688288004483185, 40.582592925325613 ], [ -3.688458009067524, 40.58260292562754 ], [ -3.688598012842862, 40.58260292562754 ], [ -3.688608013112529, 40.58260292562754 ], [ -3.688798018236202, 40.582472921702482 ], [ -3.689308031989219, 40.582132911436929 ], [ -3.689748043854567, 40.581762900265595 ], [ -3.690588066506595, 40.581042878526773 ], [ -3.690698069472932, 40.58096287611135 ], [ -3.691168082147281, 40.580752869770862 ], [ -3.691728097248633, 40.580502862222666 ], [ -3.691848100484637, 40.580452860713024 ], [ -3.692418115855656, 40.580292855882178 ], [ -3.693398142283022, 40.58002284773012 ], [ -3.693508145249359, 40.580002847126266 ], [ -3.693788152800035, 40.579952845616624 ], [ -3.694418169789056, 40.579842842295413 ], [ -3.694928183542073, 40.579772840181917 ], [ -3.695718204845766, 40.579662836860713 ], [ -3.69583820808177, 40.579642836256859 ], [ -3.696378222643788, 40.579492831727933 ], [ -3.696918237205806, 40.579332826897087 ], [ -3.697428250958823, 40.579192822670095 ], [ -3.698058267947844, 40.579012817235395 ], [ -3.698778287363868, 40.578812811196833 ], [ -3.699428304892223, 40.578632805762126 ], [ -3.700398331049922, 40.578632805762126 ], [ -3.701028348038943, 40.578632805762126 ], [ -3.701568362600961, 40.578632805762126 ], [ -3.701588363140295, 40.578632805762126 ], [ -3.701588363140295, 40.578572803950557 ], [ -3.701588363140295, 40.578532802742849 ] ] ] } }
]
}
