{
	"type" : "Topology",
	"arcs" : [
		[
			[ 19599, 3378 ],
			[ -42, -6 ],
			[ -72, -15 ],
			[ -39, 2 ],
			[ -44, 2 ],
			[ -86, 9 ],
			[ -53, 8 ],
			[ -49, 14 ],
			[ -36, 13 ],
			[ -39, 17 ],
			[ -33, 17 ],
			[ -45, 28 ],
			[ -69, 53 ],
			[ -166, 130 ],
			[ -185, 143 ],
			[ -0, 0 ],
			[ -59, 46 ],
			[ -174, 139 ],
			[ -26, 21 ],
			[ -28, 21 ],
			[ -35, 26 ],
			[ -22, 21 ],
			[ -34, 37 ],
			[ -40, 67 ],
			[ -17, 44 ],
			[ -17, 69 ],
			[ 0, 62 ],
			[ 7, 50 ],
			[ 16, 86 ],
			[ 23, 81 ],
			[ 11, 47 ],
			[ 43, 167 ],
			[ 91, 385 ]
		],
		[
			[ 18381, 5161 ],
			[ -122, 14 ],
			[ -73, 6 ],
			[ -0, 0 ],
			[ -89, 6 ],
			[ -11, 0 ],
			[ -167, 8 ],
			[ -439, 34 ],
			[ -683, 43 ]
		],
		[
			[ 16797, 5272 ],
			[ -0, 0 ],
			[ -0, -0 ],
			[ -18, -146 ],
			[ -61, -439 ],
			[ -63, -460 ],
			[ -109, -879 ],
			[ -49, -366 ],
			[ -43, -314 ],
			[ -51, -376 ],
			[ 126, -143 ],
			[ 98, -77 ],
			[ 252, -198 ],
			[ 572, -275 ],
			[ 154, -243 ],
			[ 37, -213 ],
			[ 246, -9 ],
			[ 204, -39 ],
			[ 492, -89 ],
			[ 350, 23 ],
			[ 346, -13 ],
			[ 314, -211 ],
			[ 2, -6 ],
			[ 13, 6 ],
			[ 12, 9 ],
			[ 20, 16 ],
			[ 21, 13 ],
			[ 3, 0 ]
		],
		[
			[ 19666, 843 ],
			[ -0, 9 ],
			[ 1, 0 ],
			[ -4, 128 ],
			[ 5, 130 ],
			[ -2, 94 ],
			[ -4, 171 ],
			[ -10, 331 ],
			[ -5, 174 ],
			[ -2, 72 ],
			[ -3, 114 ]
		],
		[
			[ 19641, 2067 ],
			[ -4, 134 ],
			[ -6, 207 ],
			[ -0, 14 ],
			[ -0, 4 ],
			[ -9, 326 ],
			[ -7, 229 ],
			[ -10, 231 ],
			[ -2, 93 ],
			[ -2, 72 ]
		],
		[
			[ 19641, 2067 ],
			[ 62, 7 ],
			[ 44, 7 ],
			[ 37, 8 ],
			[ 43, 10 ],
			[ 36, 10 ],
			[ 36, 12 ],
			[ 48, 15 ],
			[ 50, 19 ],
			[ 38, 17 ],
			[ 47, 23 ],
			[ 44, 24 ],
			[ 37, 23 ],
			[ 39, 27 ],
			[ 42, 31 ],
			[ 33, 29 ],
			[ 46, 43 ],
			[ 39, 43 ],
			[ 37, 49 ],
			[ 21, 30 ],
			[ 23, 40 ],
			[ 23, 47 ],
			[ 14, 35 ],
			[ 9, 25 ],
			[ 9, 28 ],
			[ 5, 22 ],
			[ 8, 35 ],
			[ 6, 37 ],
			[ 4, 58 ],
			[ 0, 0 ],
			[ 0, 122 ],
			[ -1, 113 ],
			[ -1, 11 ],
			[ -0, 81 ],
			[ -1, 77 ],
			[ -1, 71 ],
			[ -0, 109 ],
			[ -0, 109 ],
			[ -0, 167 ],
			[ 0, 134 ]
		],
		[
			[ 20517, 3815 ],
			[ -22, 2 ],
			[ -9, -24 ],
			[ -8, -18 ],
			[ -9, -18 ],
			[ -7, -11 ],
			[ -9, -15 ],
			[ -3, -5 ],
			[ -4, -6 ],
			[ -17, -21 ],
			[ -5, -5 ],
			[ -5, -6 ],
			[ -7, -8 ],
			[ -25, -24 ],
			[ -21, -18 ],
			[ -26, -20 ],
			[ -16, -11 ],
			[ -21, -13 ],
			[ -17, -10 ],
			[ -17, -10 ],
			[ -39, -19 ],
			[ -46, -21 ],
			[ -11, -5 ],
			[ -78, -28 ],
			[ -232, -61 ],
			[ -214, -54 ],
			[ -50, -7 ]
		],
		[
			[ 23144, 1686 ],
			[ -0, 0 ],
			[ -1, 36 ],
			[ -9, 55 ],
			[ -15, 72 ],
			[ -21, 48 ],
			[ -33, 56 ],
			[ -8, 26 ],
			[ -3, 28 ],
			[ -11, 36 ],
			[ -7, 31 ],
			[ -5, 58 ],
			[ -21, 44 ],
			[ -34, 38 ],
			[ -74, 68 ],
			[ -60, 53 ],
			[ -42, 55 ],
			[ -36, 53 ],
			[ -14, 56 ],
			[ 2, 55 ],
			[ -10, 26 ],
			[ -16, 23 ],
			[ -31, 28 ],
			[ -20, 18 ],
			[ -18, 12 ],
			[ -28, 18 ],
			[ -18, 13 ],
			[ -12, 20 ],
			[ -6, 30 ],
			[ -1, 40 ],
			[ -0, 69 ],
			[ -6, 25 ],
			[ -19, 52 ],
			[ -27, 54 ],
			[ -11, 23 ],
			[ -17, 23 ],
			[ -18, 25 ],
			[ -1, 2 ],
			[ -9, 21 ],
			[ -11, 36 ],
			[ -12, 28 ],
			[ -24, 28 ],
			[ -36, 22 ],
			[ -30, 13 ],
			[ -26, 5 ],
			[ -108, 17 ],
			[ -79, 20 ],
			[ -60, 15 ],
			[ -55, 13 ],
			[ -41, 13 ],
			[ -20, 12 ],
			[ -11, 9 ],
			[ -12, 10 ],
			[ -7, 13 ],
			[ -0, 14 ],
			[ 7, 15 ],
			[ 13, 15 ],
			[ 12, 38 ],
			[ 11, 60 ],
			[ 1, 36 ],
			[ -2, 27 ],
			[ -8, 29 ],
			[ -31, 92 ],
			[ -16, 35 ],
			[ -15, 21 ],
			[ -22, 14 ],
			[ -20, 11 ],
			[ -39, 14 ],
			[ -76, 18 ],
			[ -76, 26 ],
			[ -45, 18 ],
			[ -20, 10 ],
			[ -20, 13 ],
			[ -13, 12 ],
			[ -7, 6 ],
			[ -3, 5 ],
			[ -11, 24 ],
			[ -17, 46 ],
			[ -19, 51 ],
			[ -6, 26 ],
			[ -5, 34 ],
			[ -4, 30 ],
			[ -9, 24 ],
			[ -30, 29 ],
			[ -9, 3 ],
			[ -37, 14 ],
			[ -43, 13 ],
			[ -0, 0 ],
			[ -7, 1 ],
			[ -38, 5 ],
			[ -21, 6 ],
			[ -23, 7 ],
			[ -24, 18 ],
			[ -16, 22 ],
			[ -18, 38 ],
			[ -15, 36 ],
			[ -16, 53 ],
			[ -26, 88 ],
			[ -12, 46 ],
			[ -19, 29 ],
			[ -2, 3 ],
			[ -25, 27 ],
			[ -12, 7 ],
			[ -27, 15 ],
			[ -36, 14 ],
			[ -36, 14 ],
			[ -41, 20 ],
			[ -16, 11 ],
			[ -24, 19 ],
			[ -40, 39 ],
			[ -69, 73 ],
			[ -27, 21 ]
		],
		[
			[ 20801, 4768 ],
			[ -40, -42 ],
			[ -45, -52 ],
			[ -27, -31 ],
			[ -30, -32 ],
			[ -24, -28 ],
			[ -21, -27 ],
			[ -20, -28 ],
			[ -19, -32 ],
			[ -11, -20 ],
			[ -13, -27 ],
			[ -13, -33 ],
			[ -11, -37 ],
			[ -8, -34 ],
			[ -5, -35 ],
			[ -3, -32 ],
			[ 20, -26 ],
			[ 1, -70 ],
			[ 1, -13 ],
			[ 4, -13 ],
			[ 1, -87 ],
			[ 1, -126 ],
			[ -10, -17 ],
			[ -12, -109 ]
		],
		[
			[ 19666, 843 ],
			[ 16, 2 ],
			[ 26, 10 ],
			[ 61, 32 ],
			[ 27, 9 ],
			[ 114, 34 ],
			[ 108, 29 ],
			[ 96, 26 ],
			[ 33, 3 ],
			[ 56, -1 ],
			[ 34, 6 ],
			[ 36, 4 ],
			[ 51, 7 ],
			[ 50, 10 ],
			[ 17, 6 ],
			[ 15, 9 ],
			[ 22, 10 ],
			[ 27, 15 ],
			[ 18, 14 ],
			[ 38, 29 ],
			[ 28, 17 ],
			[ 23, 12 ],
			[ 14, 6 ],
			[ 23, 6 ],
			[ 26, 5 ],
			[ 29, 9 ],
			[ 33, 17 ],
			[ 29, 20 ],
			[ 21, 17 ],
			[ 34, 25 ],
			[ 22, 15 ],
			[ 9, 9 ],
			[ 4, 14 ],
			[ 8, 19 ],
			[ 8, 24 ],
			[ 9, 19 ],
			[ 16, 26 ],
			[ 28, 23 ],
			[ 30, 20 ],
			[ 44, 17 ],
			[ 28, 11 ],
			[ 30, -0 ],
			[ 36, 4 ],
			[ 30, 8 ],
			[ 26, 2 ],
			[ 27, -2 ],
			[ 59, -4 ],
			[ 27, -7 ],
			[ 56, -16 ],
			[ 39, -9 ],
			[ 50, 0 ],
			[ 53, -2 ],
			[ 60, 1 ],
			[ 66, -15 ],
			[ 77, -23 ],
			[ 70, -16 ],
			[ 71, -22 ],
			[ 29, -7 ],
			[ 70, -24 ],
			[ 30, -3 ],
			[ 29, 3 ],
			[ 21, 2 ],
			[ 13, 3 ],
			[ 15, 5 ],
			[ 19, 6 ],
			[ 17, 8 ],
			[ 16, 8 ],
			[ 11, 6 ],
			[ 24, 14 ],
			[ 14, 8 ],
			[ 7, 4 ],
			[ 16, 12 ],
			[ 11, 9 ],
			[ 9, 6 ],
			[ 9, 4 ],
			[ 13, 6 ],
			[ 22, 11 ],
			[ 13, 8 ],
			[ 6, 4 ],
			[ 4, 3 ],
			[ 4, 3 ],
			[ 10, 13 ],
			[ 7, 10 ],
			[ 5, 6 ],
			[ 10, 15 ],
			[ 5, 12 ],
			[ 2, 6 ],
			[ 3, 6 ],
			[ 3, 5 ],
			[ 3, 5 ],
			[ 2, 3 ],
			[ 1, 2 ],
			[ 6, 5 ],
			[ 20, 13 ],
			[ 25, 18 ],
			[ 18, 12 ],
			[ 26, 15 ],
			[ 17, 9 ],
			[ 11, 8 ],
			[ 15, 10 ],
			[ 11, 9 ],
			[ 12, 11 ],
			[ 15, 16 ],
			[ -10, 6 ],
			[ 91, 41 ],
			[ 30, 17 ],
			[ 5, -6 ],
			[ 4, -4 ],
			[ 8, -1 ],
			[ 12, 0 ],
			[ 12, 1 ],
			[ 13, -2 ],
			[ 12, -2 ],
			[ 14, -8 ],
			[ 13, -8 ],
			[ 15, -12 ],
			[ 4, -4 ],
			[ 6, -3 ],
			[ 10, -0 ],
			[ 6, -2 ],
			[ 4, -4 ],
			[ 12, -3 ],
			[ 5, -2 ],
			[ 8, -7 ],
			[ 23, -17 ],
			[ 15, -11 ],
			[ 14, -9 ],
			[ 10, -7 ],
			[ 9, -9 ],
			[ 11, -5 ],
			[ 14, -5 ],
			[ 12, -3 ],
			[ 12, 0 ],
			[ 15, -1 ],
			[ 15, 1 ],
			[ 17, 3 ],
			[ 20, 1 ],
			[ 45, 1 ],
			[ -2, 11 ],
			[ 240, 106 ]
		],
		[
			[ 20801, 4768 ],
			[ -37, 17 ],
			[ -15, 17 ],
			[ -4, 10 ],
			[ -1, 3 ],
			[ -40, 108 ]
		],
		[
			[ 20703, 4923 ],
			[ -122, 43 ],
			[ -226, 81 ],
			[ -184, 66 ],
			[ -179, 59 ],
			[ -42, 12 ],
			[ -60, 15 ],
			[ -57, 11 ],
			[ -63, 10 ],
			[ -40, 5 ],
			[ -58, 7 ],
			[ -102, 8 ],
			[ -63, 5 ],
			[ -13, 1 ]
		],
		[
			[ 19495, 5246 ],
			[ 38, -280 ],
			[ 11, -85 ],
			[ 10, -84 ],
			[ 10, -105 ],
			[ 8, -117 ],
			[ 7, -126 ],
			[ 4, -149 ],
			[ 4, -118 ],
			[ 3, -111 ],
			[ 1, -56 ],
			[ -1, -53 ],
			[ -2, -75 ],
			[ -1, -136 ],
			[ 11, -374 ]
		],
		[
			[ 19495, 5246 ],
			[ -152, -1 ],
			[ -70, -2 ],
			[ -37, -2 ],
			[ -16, -1 ],
			[ -14, -1 ],
			[ -23, -2 ],
			[ -31, -2 ],
			[ -71, -9 ],
			[ -59, -9 ],
			[ -37, -7 ],
			[ -22, -4 ],
			[ -71, -16 ],
			[ -65, -14 ],
			[ -9, -2 ],
			[ -28, -5 ],
			[ -5, -1 ],
			[ -53, -8 ],
			[ -45, -5 ],
			[ -51, -4 ],
			[ -62, -2 ],
			[ -42, 1 ],
			[ -36, 2 ],
			[ -0, 0 ],
			[ -7, 0 ],
			[ -20, 2 ],
			[ -22, 2 ],
			[ -40, 4 ]
		],
		[
			[ 18406, 5159 ],
			[ -24, 3 ]
		],
		[
			[ 28825, 6465 ],
			[ -31, -15 ],
			[ -23, -10 ],
			[ -14, -6 ],
			[ -17, -5 ],
			[ -11, -3 ],
			[ -13, -2 ],
			[ -13, -1 ],
			[ -37, -2 ],
			[ -15, -2 ],
			[ -14, -2 ],
			[ -21, -5 ],
			[ -29, -9 ],
			[ -40, -16 ],
			[ -45, 18 ],
			[ -186, 73 ],
			[ -210, 83 ],
			[ -149, 58 ],
			[ -66, 26 ],
			[ -62, 23 ],
			[ -43, 13 ],
			[ -44, 11 ],
			[ -34, 6 ],
			[ -29, 5 ],
			[ -54, 6 ],
			[ -97, 8 ],
			[ -1, 0 ]
		],
		[
			[ 27529, 6718 ],
			[ -10, -29 ],
			[ -12, -31 ],
			[ -33, -83 ],
			[ -82, -213 ],
			[ -14, -36 ],
			[ -13, -33 ],
			[ -21, -54 ],
			[ -8, -22 ],
			[ -5, -18 ],
			[ -6, -28 ],
			[ -2, -24 ],
			[ 0, -23 ],
			[ 1, -16 ],
			[ 6, -32 ],
			[ 10, -31 ],
			[ 17, -34 ],
			[ 11, -16 ],
			[ -87, -39 ],
			[ 68, -95 ],
			[ -172, -77 ],
			[ -48, -16 ],
			[ -138, -25 ],
			[ -190, -28 ],
			[ -65, -10 ],
			[ -223, -39 ],
			[ 2, 25 ],
			[ -7, 11 ],
			[ -30, 60 ],
			[ -19, 39 ],
			[ -29, 60 ],
			[ -37, 78 ],
			[ -11, 21 ],
			[ -4, 6 ],
			[ -2, 2 ],
			[ -4, 5 ],
			[ -4, 4 ],
			[ -17, 14 ],
			[ -9, 8 ],
			[ -18, 16 ],
			[ -6, 5 ],
			[ 95, 79 ],
			[ -174, 123 ],
			[ -0, 0 ],
			[ 71, 58 ],
			[ 80, 65 ],
			[ 30, 29 ],
			[ 5, 11 ],
			[ -11, 5 ],
			[ -25, 8 ],
			[ -20, 10 ],
			[ -45, 39 ],
			[ -53, 45 ],
			[ -38, 36 ],
			[ -22, -4 ],
			[ -29, -2 ],
			[ -19, -1 ],
			[ -57, -4 ],
			[ -30, -2 ],
			[ -15, -0 ],
			[ -6, -0 ],
			[ -43, -2 ],
			[ -33, -1 ],
			[ -27, -1 ],
			[ -28, -1 ],
			[ -9, -0 ],
			[ -21, -5 ],
			[ -29, -21 ],
			[ -27, -21 ],
			[ -63, -44 ],
			[ -19, -13 ],
			[ -18, -12 ],
			[ -19, -13 ],
			[ -21, -14 ],
			[ -23, -15 ],
			[ -24, -13 ],
			[ -14, -7 ],
			[ -0, -59 ],
			[ 1, -86 ],
			[ 1, -88 ],
			[ 0, -24 ],
			[ 1, -112 ],
			[ 1, -63 ],
			[ 1, -81 ],
			[ 84, -41 ],
			[ 221, -109 ],
			[ 367, -181 ],
			[ 25, -14 ],
			[ 296, -145 ],
			[ 312, -153 ],
			[ 408, -203 ],
			[ 292, -145 ],
			[ 343, 354 ],
			[ 293, -144 ],
			[ 192, -94 ],
			[ 32, -16 ],
			[ 37, -28 ],
			[ 21, -23 ],
			[ 25, -33 ],
			[ 26, -33 ],
			[ 32, -34 ],
			[ 44, -46 ],
			[ 44, -36 ],
			[ 46, -37 ],
			[ 40, -26 ],
			[ 51, -29 ],
			[ 48, -26 ],
			[ 53, -24 ],
			[ 50, -21 ],
			[ 58, -20 ],
			[ 55, -14 ],
			[ 270, -72 ],
			[ 272, -69 ],
			[ 1, -0 ],
			[ -28, -34 ],
			[ -11, -18 ],
			[ -4, -14 ],
			[ -2, -17 ],
			[ 3, -16 ],
			[ 4, -12 ],
			[ 5, -9 ],
			[ 6, -7 ],
			[ 10, -10 ]
		],
		[
			[ 29666, 4220 ],
			[ 9, -8 ]
		],
		[
			[ 29675, 4212 ],
			[ 14, -8 ],
			[ 15, -6 ],
			[ 20, -6 ]
		],
		[
			[ 29725, 4191 ],
			[ 105, -27 ]
		],
		[
			[ 29830, 4164 ],
			[ 99, -26 ],
			[ 32, -10 ],
			[ 10, -5 ],
			[ 8, -4 ],
			[ 31, -18 ],
			[ 36, -23 ],
			[ 14, -8 ],
			[ 9, -4 ],
			[ 7, -4 ],
			[ 13, -4 ],
			[ 26, -6 ],
			[ 86, -14 ],
			[ 127, -22 ],
			[ 196, -20 ],
			[ 21, 62 ],
			[ 12, 32 ]
		],
		[
			[ 30556, 4090 ],
			[ 26, 61 ]
		],
		[
			[ 30582, 4150 ],
			[ 26, 69 ],
			[ 21, 57 ],
			[ 17, 49 ],
			[ 19, 60 ],
			[ 17, 48 ],
			[ 22, 61 ],
			[ 5, 16 ],
			[ 11, 32 ],
			[ 8, 24 ],
			[ 12, 31 ],
			[ 11, 28 ],
			[ 4, 15 ],
			[ 10, 20 ],
			[ 10, 20 ],
			[ 10, 32 ],
			[ 7, 10 ],
			[ 13, 18 ],
			[ 12, 20 ],
			[ 5, 10 ],
			[ 3, 11 ],
			[ 6, 22 ],
			[ 4, 9 ],
			[ 6, 13 ],
			[ 13, 13 ],
			[ 10, 14 ],
			[ 8, 16 ],
			[ 3, 6 ],
			[ 4, 4 ],
			[ 15, 14 ],
			[ 14, 16 ],
			[ 4, 7 ],
			[ 2, 5 ],
			[ 1, 6 ],
			[ 1, 6 ],
			[ 1, 7 ],
			[ 0, 4 ],
			[ 0, 4 ],
			[ 0, 5 ],
			[ 0, 6 ],
			[ 0, 7 ],
			[ 1, 6 ],
			[ 1, 3 ],
			[ 1, 4 ],
			[ 7, 9 ],
			[ 4, 4 ],
			[ -7, 6 ],
			[ -21, 16 ],
			[ -27, 21 ],
			[ -16, 13 ],
			[ -10, 11 ],
			[ -7, 9 ],
			[ -3, 9 ],
			[ -1, 8 ],
			[ 1, 7 ],
			[ 1, 2 ],
			[ 3, 3 ],
			[ 2, 1 ],
			[ 27, 11 ],
			[ 74, 27 ],
			[ 60, 23 ],
			[ 23, 9 ],
			[ 14, 9 ],
			[ 25, 19 ],
			[ 26, 20 ],
			[ 35, 27 ],
			[ 30, 23 ],
			[ 28, 19 ],
			[ 29, 25 ],
			[ 53, 59 ]
		],
		[
			[ 31273, 5367 ],
			[ -52, 35 ],
			[ -26, 16 ],
			[ -40, 22 ],
			[ -27, 13 ],
			[ -27, 11 ],
			[ -32, 12 ],
			[ -28, 9 ],
			[ -37, 9 ],
			[ -37, 7 ],
			[ -36, 5 ],
			[ -46, 3 ],
			[ -149, 6 ],
			[ -92, 3 ],
			[ -81, 4 ],
			[ -48, 5 ],
			[ -52, 10 ],
			[ -57, 15 ],
			[ -36, 14 ],
			[ -34, 14 ],
			[ -35, 17 ],
			[ -178, 94 ],
			[ -167, 84 ],
			[ -136, 63 ],
			[ -150, 72 ],
			[ -341, 164 ],
			[ -176, 85 ],
			[ -98, 49 ],
			[ -26, 16 ],
			[ -16, 10 ],
			[ -19, 13 ],
			[ -22, 16 ],
			[ -28, 24 ],
			[ -26, 28 ],
			[ -23, 29 ],
			[ -20, 30 ],
			[ -49, 89 ]
		],
		[
			[ 15252, 6179 ],
			[ -26, 0 ],
			[ -10, 0 ],
			[ -53, -2 ],
			[ -23, -1 ],
			[ -75, -3 ],
			[ -8, -0 ],
			[ -34, -1 ],
			[ -46, -1 ],
			[ -46, -4 ],
			[ -83, -11 ],
			[ -13, -3 ],
			[ -14, -3 ],
			[ -55, -13 ],
			[ -15, -3 ],
			[ -60, -12 ],
			[ -62, -15 ],
			[ -71, -17 ],
			[ -55, -12 ],
			[ -40, 2 ],
			[ -25, 2 ],
			[ -13, 1 ],
			[ -8, 1 ],
			[ -18, 1 ],
			[ -62, 1 ],
			[ -106, -5 ],
			[ -12, 2 ],
			[ -24, 4 ],
			[ -14, 6 ],
			[ -58, 25 ],
			[ -51, 14 ],
			[ -67, 18 ],
			[ -8, 3 ],
			[ -19, 9 ],
			[ -26, 16 ],
			[ -8, 5 ],
			[ -12, 7 ],
			[ -0, 0 ],
			[ -1, 1 ],
			[ -10, 14 ],
			[ -2, 3 ],
			[ -59, -2 ],
			[ 1, 2 ],
			[ 5, 12 ],
			[ 3, 8 ],
			[ 1, 4 ],
			[ 5, 16 ],
			[ 3, 15 ],
			[ 0, 2 ],
			[ -7, 11 ],
			[ -8, 10 ],
			[ -44, 58 ],
			[ -2, 33 ]
		],
		[
			[ 13817, 6376 ],
			[ -126, 53 ],
			[ -121, 52 ],
			[ 6, 10 ],
			[ -20, 4 ],
			[ -10, 2 ],
			[ -3, 1 ],
			[ -33, 12 ],
			[ -40, 20 ],
			[ -59, 29 ],
			[ -9, 5 ],
			[ -20, 13 ],
			[ -36, 26 ],
			[ -2, 2 ],
			[ -42, 43 ],
			[ -0, 0 ]
		],
		[
			[ 13301, 6649 ],
			[ -82, -56 ],
			[ -47, -52 ],
			[ -18, -30 ],
			[ -16, -27 ],
			[ -17, -37 ],
			[ -6, -23 ],
			[ -5, -17 ],
			[ -5, -22 ],
			[ -2, -9 ],
			[ 5, -29 ],
			[ -101, -31 ],
			[ -113, -35 ],
			[ -183, -45 ],
			[ -40, -181 ]
		],
		[
			[ 12671, 6056 ],
			[ -34, -176 ],
			[ -36, -184 ],
			[ 3, -24 ],
			[ 75, -130 ],
			[ 35, -59 ],
			[ -188, -112 ],
			[ -304, -168 ],
			[ -224, -204 ],
			[ -156, -143 ],
			[ -22, -7 ]
		],
		[
			[ 11822, 4848 ],
			[ -88, -72 ],
			[ 48, 4 ],
			[ 490, -110 ],
			[ 473, -83 ],
			[ 381, -68 ],
			[ 328, 72 ],
			[ 1, 0 ],
			[ 405, 97 ],
			[ 369, 82 ],
			[ 329, 69 ],
			[ 483, 108 ],
			[ 443, 100 ],
			[ 357, 79 ],
			[ 344, 120 ],
			[ 365, 83 ],
			[ 257, 18 ]
		],
		[
			[ 16807, 5348 ],
			[ 0, 0 ],
			[ 0, 0 ]
		],
		[
			[ 16807, 5348 ],
			[ 17, 89 ],
			[ 28, 143 ],
			[ 24, 282 ],
			[ 43, 312 ]
		],
		[
			[ 16919, 6174 ],
			[ -295, -20 ],
			[ -372, -26 ],
			[ -120, -7 ],
			[ -125, -8 ],
			[ -50, 5 ],
			[ -61, 6 ],
			[ -145, 14 ],
			[ -23, 2 ],
			[ -29, 3 ],
			[ -197, 19 ],
			[ -0, 0 ],
			[ -74, 5 ],
			[ -20, 1 ],
			[ -92, 8 ],
			[ -25, 2 ],
			[ -4, 0 ],
			[ -4, 0 ],
			[ -14, 0 ],
			[ -19, 0 ]
		],
		[
			[ 27529, 6718 ],
			[ -43, 5 ],
			[ -112, 10 ],
			[ -60, 3 ],
			[ -59, 3 ],
			[ -32, 1 ],
			[ -38, 1 ],
			[ -14, 2 ],
			[ -3, 0 ],
			[ -1, 21 ],
			[ -2, 45 ],
			[ -6, 17 ],
			[ -20, 54 ],
			[ -70, -13 ],
			[ -10, 5 ],
			[ -3, 1 ],
			[ 20, 12 ],
			[ 30, 16 ],
			[ 23, 13 ],
			[ 30, 22 ],
			[ -158, 130 ],
			[ -19, 58 ],
			[ -154, -35 ],
			[ -71, -19 ],
			[ -319, -69 ]
		],
		[
			[ 26437, 7003 ],
			[ -132, -30 ],
			[ -126, -29 ],
			[ -303, -73 ],
			[ -239, -57 ],
			[ -44, -11 ],
			[ -135, -33 ],
			[ -713, -182 ],
			[ -356, -72 ],
			[ -351, -71 ],
			[ -133, -21 ],
			[ -160, -21 ],
			[ -86, -5 ]
		],
		[
			[ 23660, 6398 ],
			[ -40, -40 ],
			[ -54, -132 ],
			[ -28, -70 ],
			[ -82, -274 ],
			[ -31, -53 ],
			[ -89, -77 ],
			[ -39, -22 ],
			[ -107, -60 ],
			[ -738, -463 ],
			[ -158, -86 ],
			[ -48, -25 ],
			[ -19, -10 ],
			[ -48, -23 ],
			[ -7, -3 ],
			[ -32, -14 ],
			[ -33, -13 ],
			[ -36, -14 ],
			[ -63, -22 ],
			[ -57, -17 ],
			[ -10, -3 ],
			[ -58, -16 ],
			[ -69, -15 ],
			[ -36, -7 ],
			[ -34, -7 ],
			[ -64, -11 ],
			[ -87, -14 ],
			[ -68, -10 ],
			[ -76, -8 ],
			[ -70, -7 ],
			[ -77, -7 ],
			[ -74, -5 ],
			[ -35, -2 ],
			[ -55, -2 ],
			[ -50, -2 ],
			[ -68, -1 ],
			[ -60, 2 ],
			[ -45, 5 ],
			[ -53, 7 ],
			[ -45, 10 ],
			[ -43, 12 ],
			[ -72, 25 ]
		],
		[
			[ 23144, 1686 ],
			[ 247, 110 ],
			[ 473, 236 ],
			[ 4, 3 ],
			[ 7, -5 ],
			[ 4, -3 ],
			[ 3, -2 ],
			[ 3, -1 ],
			[ 3, -1 ],
			[ 6, -2 ],
			[ 4, 3 ],
			[ 3, 3 ],
			[ 6, 7 ],
			[ 6, 5 ],
			[ 5, 3 ],
			[ 6, 3 ],
			[ 5, 2 ],
			[ 3, 1 ],
			[ 3, 2 ],
			[ 3, 2 ],
			[ 3, 3 ],
			[ 3, 4 ],
			[ 3, 4 ],
			[ 3, 4 ],
			[ 4, 6 ],
			[ 4, 7 ],
			[ 5, 7 ],
			[ 4, 8 ],
			[ 4, 11 ],
			[ 2, 6 ],
			[ 1, 4 ],
			[ 1, 3 ],
			[ -0, 4 ],
			[ -1, 4 ],
			[ 7, 7 ],
			[ 11, -7 ],
			[ 31, -15 ],
			[ 19, -10 ],
			[ 21, -14 ],
			[ 24, -16 ],
			[ 17, -11 ],
			[ 23, -17 ],
			[ 22, -15 ],
			[ 26, -15 ],
			[ 31, -17 ],
			[ 39, -20 ],
			[ 41, -19 ],
			[ 36, -18 ],
			[ 44, -22 ],
			[ 33, -18 ],
			[ 25, -11 ],
			[ 18, -10 ],
			[ 19, -14 ],
			[ 19, -14 ],
			[ 21, -20 ],
			[ 19, -20 ],
			[ 13, -18 ],
			[ 12, -18 ],
			[ 11, -15 ],
			[ 22, -24 ],
			[ 15, -16 ],
			[ 14, -10 ],
			[ 16, -10 ],
			[ 17, -8 ],
			[ 16, -5 ],
			[ 9, -2 ],
			[ 13, -6 ],
			[ 14, -8 ],
			[ 12, -8 ],
			[ 7, -7 ],
			[ 16, -12 ],
			[ 12, -8 ],
			[ 14, -11 ],
			[ 7, -4 ],
			[ 14, -4 ],
			[ 23, -9 ],
			[ 19, -8 ],
			[ 12, -4 ],
			[ 16, -6 ],
			[ 15, -6 ],
			[ 16, -10 ],
			[ 24, -16 ],
			[ 29, -21 ],
			[ 33, -20 ],
			[ 19, -12 ],
			[ 50, -27 ],
			[ 25, -17 ],
			[ 31, -23 ],
			[ 33, -21 ],
			[ 31, -24 ],
			[ 21, -11 ],
			[ 32, -21 ],
			[ 31, -22 ],
			[ 42, -25 ],
			[ 20, -13 ],
			[ 55, -51 ],
			[ 48, -39 ],
			[ -3, -2 ],
			[ -16, -12 ],
			[ 67, -47 ],
			[ 36, -26 ],
			[ 31, -23 ],
			[ 9, -9 ],
			[ 13, -12 ],
			[ 12, -10 ],
			[ 9, -7 ],
			[ 10, -8 ],
			[ 9, -7 ],
			[ 8, -6 ],
			[ 8, -6 ],
			[ 9, -7 ],
			[ 6, -4 ],
			[ 7, -4 ],
			[ 9, -4 ],
			[ 8, -3 ],
			[ 7, -4 ],
			[ 5, -4 ],
			[ 5, -5 ],
			[ 6, -4 ],
			[ 8, -4 ],
			[ 8, -6 ],
			[ 7, -6 ],
			[ 9, -6 ],
			[ 10, -6 ],
			[ 7, -4 ],
			[ 25, -14 ],
			[ 9, -5 ],
			[ 15, -9 ],
			[ 23, -13 ],
			[ 17, -10 ],
			[ 10, -6 ],
			[ 11, -6 ],
			[ 10, -7 ],
			[ 9, -6 ],
			[ 8, -6 ],
			[ 7, -4 ],
			[ 8, -5 ],
			[ 6, -3 ],
			[ 8, -3 ],
			[ 8, -3 ],
			[ 13, -5 ],
			[ 15, -5 ],
			[ 13, -5 ],
			[ 12, -5 ],
			[ 41, -17 ],
			[ 5, -2 ],
			[ 7, -2 ],
			[ 4, -1 ],
			[ 8, -3 ],
			[ 5, -1 ],
			[ 4, -2 ],
			[ 10, -4 ],
			[ 5, -2 ],
			[ 5, -2 ],
			[ 5, -2 ],
			[ 4, -2 ],
			[ 17, -7 ],
			[ 9, -3 ],
			[ 15, -6 ],
			[ 8, -3 ],
			[ 10, -3 ],
			[ 67, -23 ],
			[ 32, -8 ],
			[ 33, -7 ],
			[ 11, -3 ],
			[ 17, -4 ],
			[ 11, -3 ],
			[ 10, -3 ],
			[ 10, -3 ],
			[ 16, -5 ],
			[ 1, 1 ],
			[ 129, 119 ],
			[ 116, -58 ],
			[ 353, -73 ],
			[ 256, -93 ],
			[ 148, -43 ],
			[ 209, -217 ],
			[ 273, -128 ],
			[ 303, -65 ],
			[ 174, -20 ],
			[ 425, -80 ],
			[ 193, -33 ],
			[ 96, -16 ],
			[ 98, -10 ],
			[ 292, 28 ],
			[ 101, 3 ],
			[ 100, 4 ],
			[ 393, 27 ],
			[ 197, 9 ],
			[ 186, 28 ],
			[ 108, 13 ],
			[ 103, 11 ],
			[ 94, 22 ],
			[ 88, 6 ],
			[ 99, 20 ],
			[ 96, 9 ],
			[ 93, -2 ],
			[ 79, 3 ],
			[ 184, 99 ],
			[ -167, -24 ],
			[ -149, 122 ],
			[ -120, 10 ],
			[ -140, -9 ],
			[ -52, 26 ],
			[ -141, -33 ],
			[ -126, 254 ],
			[ 0, 206 ],
			[ 71, 215 ],
			[ 112, 225 ],
			[ 76, 145 ],
			[ 297, 169 ],
			[ 276, 230 ],
			[ 148, 161 ],
			[ 254, 180 ],
			[ 86, 95 ],
			[ 194, 302 ],
			[ 170, 327 ],
			[ 203, 240 ],
			[ 86, 107 ],
			[ 320, 272 ],
			[ 142, 208 ],
			[ 183, 109 ],
			[ 122, 240 ],
			[ 105, 43 ],
			[ 151, 96 ],
			[ -13, 5 ],
			[ -17, 6 ],
			[ -14, 4 ],
			[ -9, 3 ],
			[ -12, 5 ],
			[ -10, 5 ],
			[ -20, 10 ],
			[ -10, 5 ],
			[ -9, 5 ],
			[ -16, 10 ],
			[ -9, 7 ],
			[ -6, 5 ],
			[ -10, 7 ],
			[ -9, 7 ],
			[ -10, 7 ],
			[ -8, 6 ],
			[ -8, 6 ],
			[ 5, 3 ],
			[ 6, 3 ],
			[ 170, 98 ],
			[ 1, 1 ],
			[ 12, 7 ],
			[ 8, 5 ],
			[ 74, 40 ],
			[ -12, 10 ],
			[ -43, 31 ],
			[ -47, 27 ],
			[ -50, 23 ],
			[ -53, 19 ],
			[ -54, 17 ],
			[ -55, 16 ],
			[ -55, 16 ],
			[ -55, 16 ],
			[ -55, 16 ],
			[ -55, 16 ],
			[ -55, 15 ],
			[ -56, 15 ],
			[ -56, 14 ],
			[ -56, 14 ],
			[ -56, 14 ],
			[ -56, 13 ],
			[ -56, 13 ],
			[ -57, 12 ],
			[ -57, 12 ],
			[ -57, 12 ]
		],
		[
			[ 32373, 4801 ],
			[ -90, 19 ],
			[ -57, 13 ],
			[ -71, 20 ],
			[ -68, 23 ],
			[ -73, 27 ],
			[ -52, 19 ],
			[ -46, 20 ],
			[ -37, 18 ],
			[ -25, 15 ],
			[ -372, 250 ],
			[ -209, 140 ]
		],
		[
			[ 30582, 4150 ],
			[ -16, -39 ],
			[ -9, -22 ]
		],
		[
			[ 29830, 4164 ],
			[ -80, 20 ],
			[ -25, 6 ]
		],
		[
			[ 29675, 4212 ],
			[ -4, 3 ],
			[ -5, 5 ]
		],
		[
			[ 18406, 5159 ],
			[ 53, 188 ],
			[ 23, 88 ],
			[ 29, 123 ],
			[ 39, 164 ],
			[ 6, 23 ],
			[ 29, 106 ],
			[ -34, 59 ]
		],
		[
			[ 18551, 5909 ],
			[ -71, 4 ],
			[ -75, 16 ],
			[ -190, 51 ],
			[ -198, 53 ],
			[ -199, 53 ],
			[ -155, 41 ]
		],
		[
			[ 17664, 6128 ],
			[ -31, 6 ],
			[ -66, 14 ],
			[ -120, 25 ],
			[ -220, 3 ],
			[ -20, 0 ],
			[ -161, 1 ],
			[ -127, -2 ]
		],
		[
			[ 16807, 5348 ],
			[ -0, -0 ],
			[ -0, -0 ]
		],
		[
			[ 16807, 5348 ],
			[ -9, -76 ],
			[ 0, -0 ]
		],
		[
			[ 19495, 5246 ],
			[ -1, 5 ],
			[ -14, 248 ],
			[ -12, 169 ],
			[ -8, 58 ],
			[ -9, 77 ],
			[ -12, 74 ],
			[ -4, 31 ],
			[ -22, 233 ],
			[ -11, 120 ],
			[ -1, 17 ],
			[ 0, 17 ],
			[ 2, 17 ],
			[ 5, 25 ],
			[ 6, 22 ],
			[ 5, 14 ],
			[ 6, 14 ],
			[ 10, 19 ],
			[ 8, 14 ],
			[ 29, 46 ],
			[ 69, 102 ],
			[ 66, 99 ],
			[ 82, 121 ],
			[ 55, 81 ],
			[ 21, 29 ],
			[ 16, 19 ],
			[ 24, 23 ],
			[ 30, 28 ],
			[ 30, 24 ],
			[ 56, 35 ]
		],
		[
			[ 19921, 7026 ],
			[ -241, 177 ]
		],
		[
			[ 19681, 7204 ],
			[ -116, -116 ],
			[ -71, -72 ],
			[ -112, -113 ],
			[ -43, -39 ],
			[ 3, -34 ],
			[ -126, -48 ],
			[ -329, -136 ]
		],
		[
			[ 18887, 6647 ],
			[ -87, -69 ],
			[ -72, -97 ],
			[ -86, -183 ],
			[ -10, -95 ],
			[ -10, -96 ],
			[ -12, -45 ],
			[ -35, -95 ],
			[ -26, -57 ]
		],
		[
			[ 20703, 4923 ],
			[ -83, 206 ],
			[ -33, 82 ],
			[ -6, 31 ],
			[ -0, 25 ],
			[ 4, 18 ],
			[ 10, 25 ],
			[ 14, 28 ],
			[ 9, 11 ],
			[ 9, 12 ],
			[ 16, 15 ],
			[ 28, 16 ],
			[ 26, 18 ],
			[ 19, 24 ],
			[ 6, 22 ],
			[ 2, 18 ],
			[ -2, 26 ],
			[ -4, 29 ],
			[ -7, 16 ],
			[ -41, 113 ],
			[ -8, 34 ],
			[ -1, 17 ],
			[ 1, 18 ],
			[ 5, 16 ],
			[ 2, 17 ],
			[ -1, 17 ],
			[ -6, 19 ],
			[ -12, 24 ],
			[ -12, 15 ],
			[ -19, 17 ],
			[ -27, 20 ],
			[ -48, 23 ],
			[ -75, 27 ],
			[ -64, 19 ],
			[ -41, 11 ],
			[ -24, 5 ],
			[ -19, 5 ],
			[ -14, 5 ],
			[ -17, 7 ],
			[ -11, 8 ],
			[ -7, 6 ],
			[ -10, 11 ],
			[ -9, 11 ],
			[ -9, 16 ],
			[ -12, 24 ],
			[ -17, 45 ],
			[ -9, 32 ],
			[ -9, 18 ],
			[ -7, 8 ],
			[ -8, 7 ],
			[ -21, 21 ],
			[ -25, 19 ],
			[ -0, 0 ],
			[ -1, 1 ],
			[ -7, 8 ],
			[ -6, 23 ],
			[ -2, 21 ],
			[ 3, 24 ],
			[ 12, 45 ],
			[ 29, 85 ],
			[ 5, 29 ],
			[ 2, 19 ],
			[ -3, 16 ],
			[ -8, 23 ],
			[ -48, 105 ],
			[ -4, 16 ],
			[ 2, 18 ],
			[ -3, 17 ],
			[ -9, 12 ],
			[ -23, 16 ],
			[ -17, 13 ],
			[ -17, 21 ],
			[ -11, 21 ],
			[ -11, 18 ],
			[ -7, 11 ],
			[ -4, 13 ],
			[ -2, 20 ],
			[ -1, 17 ],
			[ -5, 25 ],
			[ -6, 29 ],
			[ -17, 62 ],
			[ -14, 29 ],
			[ -11, 22 ],
			[ -11, 20 ],
			[ -20, 26 ]
		],
		[
			[ 23457, 6396 ],
			[ -37, -0 ],
			[ -95, 8 ],
			[ -12, 1 ],
			[ -56, 7 ],
			[ -29, 4 ],
			[ -21, 3 ],
			[ -127, 20 ],
			[ -54, 15 ],
			[ -31, 9 ],
			[ -32, 9 ],
			[ -64, 17 ],
			[ -41, 11 ],
			[ -88, 28 ],
			[ -29, 11 ],
			[ -31, 13 ],
			[ -31, 13 ],
			[ -28, 12 ],
			[ -62, 28 ],
			[ -62, 32 ],
			[ -63, 35 ],
			[ -77, 48 ],
			[ -18, 12 ],
			[ -21, 14 ],
			[ -16, 10 ],
			[ -72, 55 ],
			[ -4, 3 ],
			[ -58, 45 ]
		],
		[
			[ 22200, 6858 ],
			[ -29, 29 ],
			[ -47, 47 ],
			[ -28, 28 ],
			[ -23, 27 ],
			[ -8, 9 ],
			[ -34, 39 ],
			[ -6, 7 ],
			[ -7, 8 ],
			[ -12, 15 ],
			[ -18, 25 ],
			[ -30, 41 ],
			[ -33, 50 ],
			[ -37, 56 ],
			[ -21, 39 ],
			[ -12, 23 ],
			[ -38, 75 ],
			[ -31, 89 ],
			[ -14, 40 ],
			[ -18, 59 ],
			[ -24, 78 ],
			[ -32, 113 ],
			[ -5, 16 ],
			[ -5, 17 ],
			[ -6, 21 ],
			[ -2, 9 ],
			[ -6, 20 ],
			[ -23, 101 ],
			[ -6, 31 ],
			[ -65, 181 ],
			[ -37, 76 ]
		],
		[
			[ 21544, 8225 ],
			[ -102, -56 ],
			[ -72, -49 ],
			[ -119, -93 ]
		],
		[
			[ 21251, 8026 ],
			[ -112, -85 ],
			[ -72, -57 ],
			[ -43, -41 ],
			[ -43, -51 ],
			[ -320, -487 ],
			[ -38, -47 ],
			[ -22, -21 ],
			[ -21, -16 ],
			[ -20, -14 ],
			[ -25, -14 ],
			[ -37, -12 ],
			[ -34, -9 ],
			[ -55, -11 ],
			[ -211, -40 ],
			[ -48, -11 ],
			[ -77, -19 ],
			[ -53, -18 ],
			[ -36, -14 ],
			[ -37, -17 ],
			[ -27, -16 ]
		],
		[
			[ 23660, 6398 ],
			[ -45, -3 ],
			[ -157, 1 ]
		],
		[
			[ 12671, 6056 ],
			[ -339, 51 ],
			[ -248, 41 ],
			[ -0, 0 ],
			[ -120, 19 ],
			[ -76, 12 ],
			[ -320, 50 ],
			[ -200, 31 ],
			[ -94, 15 ],
			[ -63, 10 ],
			[ -116, 18 ],
			[ -130, 21 ],
			[ -85, 13 ],
			[ -41, 6 ],
			[ -40, 6 ],
			[ -48, 10 ],
			[ -35, 10 ],
			[ -20, 9 ],
			[ -15, 9 ],
			[ -13, 7 ],
			[ -11, 10 ],
			[ -15, 13 ],
			[ -11, 11 ],
			[ -71, 95 ],
			[ -42, 56 ],
			[ -48, 102 ],
			[ -27, 70 ],
			[ -45, 55 ],
			[ -32, 34 ],
			[ -2, 2 ],
			[ -239, 117 ]
		],
		[
			[ 10126, 6961 ],
			[ -88, -63 ],
			[ -359, -280 ],
			[ -418, -324 ],
			[ -459, -351 ],
			[ -599, -503 ]
		],
		[
			[ 8203, 5439 ],
			[ 272, -199 ],
			[ 12, -9 ],
			[ 15, -14 ],
			[ 9, -9 ],
			[ 11, -9 ],
			[ 11, -9 ],
			[ 8, -7 ],
			[ 9, -8 ],
			[ 7, -6 ],
			[ 7, -6 ],
			[ 8, -6 ],
			[ 9, -7 ],
			[ 7, -6 ],
			[ 8, -6 ],
			[ 11, -8 ],
			[ 4, -2 ],
			[ 18, -5 ],
			[ 14, -3 ],
			[ 48, -10 ],
			[ 21, -5 ],
			[ 30, -6 ],
			[ 18, -4 ],
			[ 24, -5 ],
			[ 30, -6 ],
			[ 34, -8 ],
			[ 28, -7 ],
			[ 32, -7 ],
			[ 27, -5 ],
			[ 35, -6 ],
			[ 26, -4 ],
			[ 25, -2 ],
			[ 24, -3 ],
			[ 33, -5 ],
			[ 34, -6 ],
			[ 33, -5 ],
			[ 20, -4 ],
			[ 18, -3 ],
			[ 17, -3 ],
			[ 10, -2 ],
			[ 14, -3 ],
			[ 23, -5 ],
			[ 45, -12 ],
			[ 22, -3 ],
			[ 16, -3 ],
			[ 25, -6 ],
			[ 26, -7 ],
			[ 13, -4 ],
			[ 33, -12 ],
			[ 42, -16 ],
			[ 25, -10 ],
			[ 27, -12 ],
			[ 18, -8 ],
			[ 16, -8 ],
			[ 19, -10 ],
			[ 21, -11 ],
			[ 22, -12 ],
			[ 14, -7 ],
			[ 13, -7 ],
			[ 11, -6 ],
			[ 10, -5 ],
			[ 17, -8 ],
			[ 16, -8 ],
			[ 14, -7 ],
			[ 23, -10 ],
			[ 14, -7 ],
			[ 31, -13 ],
			[ 32, -14 ],
			[ 49, -21 ],
			[ 38, -16 ],
			[ 42, -16 ],
			[ 64, -25 ],
			[ 49, -17 ],
			[ 37, -14 ],
			[ 14, -4 ],
			[ 7, -2 ],
			[ 8, -1 ],
			[ 26, 6 ],
			[ 11, 4 ],
			[ 17, 7 ],
			[ 14, 6 ],
			[ 21, 10 ],
			[ 20, 9 ],
			[ 66, 30 ],
			[ 42, 18 ],
			[ 45, 19 ],
			[ 27, 11 ],
			[ 16, 6 ],
			[ 25, 14 ],
			[ 38, 19 ],
			[ 26, 13 ],
			[ 42, 20 ],
			[ 46, 23 ],
			[ 44, 22 ],
			[ 50, 23 ],
			[ 14, 7 ],
			[ 15, 7 ],
			[ 7, 4 ],
			[ 8, 4 ],
			[ 10, 4 ],
			[ 10, 3 ],
			[ 11, 2 ],
			[ 11, 1 ],
			[ 11, 2 ],
			[ 8, 2 ],
			[ 17, 6 ],
			[ 45, 18 ],
			[ 357, -59 ],
			[ 332, -73 ],
			[ 108, -78 ],
			[ 73, 6 ],
			[ 88, 72 ]
		],
		[
			[ 15252, 6179 ],
			[ 1, 1 ],
			[ 67, 89 ],
			[ 136, 113 ],
			[ -277, 193 ],
			[ 194, 62 ],
			[ 253, 81 ],
			[ 39, 50 ],
			[ 101, 130 ],
			[ 93, 110 ],
			[ 6, 7 ],
			[ 52, 62 ],
			[ 20, 30 ],
			[ 32, 47 ],
			[ 56, 84 ],
			[ 15, 23 ],
			[ 29, 42 ],
			[ 12, 20 ],
			[ 21, 33 ],
			[ 24, 64 ]
		],
		[
			[ 16126, 7420 ],
			[ -191, 82 ],
			[ -262, 113 ]
		],
		[
			[ 15672, 7615 ],
			[ -132, -88 ],
			[ -16, -11 ],
			[ -79, -52 ],
			[ -36, -24 ],
			[ -90, -59 ],
			[ -82, -49 ],
			[ -39, -11 ],
			[ -250, -63 ],
			[ -152, -106 ],
			[ -82, -62 ],
			[ 44, -60 ],
			[ -57, -15 ],
			[ -61, -14 ],
			[ -17, -5 ],
			[ -17, -8 ],
			[ -27, -14 ],
			[ -40, -24 ],
			[ -17, -11 ],
			[ -29, -27 ],
			[ -49, -31 ],
			[ -73, -34 ],
			[ -57, -22 ],
			[ -74, -67 ],
			[ -53, -48 ],
			[ -136, -125 ],
			[ -13, -12 ],
			[ -2, -3 ],
			[ -2, -2 ],
			[ -86, -79 ],
			[ -5, -7 ],
			[ -18, -18 ],
			[ -22, -34 ],
			[ -6, -3 ],
			[ -31, -15 ],
			[ -33, -35 ],
			[ -16, -4 ]
		],
		[
			[ 17140, 7321 ],
			[ -358, -5 ],
			[ -69, 1 ],
			[ -12, 0 ],
			[ -36, 2 ],
			[ -45, 4 ],
			[ -37, 5 ],
			[ -48, 7 ],
			[ -144, 21 ],
			[ -97, 13 ],
			[ -88, 20 ],
			[ -81, 30 ]
		],
		[
			[ 16919, 6174 ],
			[ 5, 34 ],
			[ 0, 0 ],
			[ 35, 225 ],
			[ 33, 326 ],
			[ 8, 74 ],
			[ 23, 115 ],
			[ 38, 135 ],
			[ 14, 42 ],
			[ 66, 197 ]
		],
		[
			[ 12965, 7156 ],
			[ -247, 196 ],
			[ -93, 83 ],
			[ -458, 411 ],
			[ -22, -14 ],
			[ -258, 221 ],
			[ -19, 16 ],
			[ -30, 25 ],
			[ -99, 83 ]
		],
		[
			[ 11740, 8177 ],
			[ -10, -8 ],
			[ -55, -42 ],
			[ -117, -89 ],
			[ -396, -301 ],
			[ -281, -214 ],
			[ -311, -243 ],
			[ -444, -320 ]
		],
		[
			[ 13301, 6649 ],
			[ -45, 104 ],
			[ -43, 86 ],
			[ -60, 101 ],
			[ -44, 74 ],
			[ -49, 61 ],
			[ -49, 41 ],
			[ -45, 40 ]
		],
		[
			[ 15672, 7615 ],
			[ 46, 31 ]
		],
		[
			[ 15719, 7646 ],
			[ -319, 136 ],
			[ -113, 59 ],
			[ -127, 62 ],
			[ -116, 59 ],
			[ -171, 84 ],
			[ -64, 48 ]
		],
		[
			[ 14808, 8093 ],
			[ -137, -110 ],
			[ -60, -54 ],
			[ -43, -60 ],
			[ -30, -34 ],
			[ -24, -45 ],
			[ -62, -131 ],
			[ -30, -64 ],
			[ -16, -4 ],
			[ -23, -6 ],
			[ -22, -5 ],
			[ -83, -50 ],
			[ -68, -41 ],
			[ -265, -160 ],
			[ -3, -2 ],
			[ -204, -117 ],
			[ -12, -5 ],
			[ -133, -56 ],
			[ -55, -2 ],
			[ -119, 6 ],
			[ -85, 6 ],
			[ -302, 46 ],
			[ -66, -48 ]
		],
		[
			[ 28825, 6465 ],
			[ 19, 10 ],
			[ 19, 12 ],
			[ 16, 12 ],
			[ 18, 18 ],
			[ 30, 38 ],
			[ 16, 31 ],
			[ 10, 25 ],
			[ 9, 19 ],
			[ 7, 14 ],
			[ 8, 14 ],
			[ 8, 11 ],
			[ 8, 9 ],
			[ 9, 9 ],
			[ 16, 12 ],
			[ 16, 11 ],
			[ 79, 49 ],
			[ -169, 267 ],
			[ -8, 3 ],
			[ -56, 4 ],
			[ -41, 13 ],
			[ -28, 14 ],
			[ -21, 21 ],
			[ -11, 25 ],
			[ 3, 28 ],
			[ 30, 52 ],
			[ -4, 23 ],
			[ -20, 49 ],
			[ -31, 47 ],
			[ -34, 46 ],
			[ -63, 62 ],
			[ -53, 26 ],
			[ -16, 8 ],
			[ -45, 13 ],
			[ -26, 1 ],
			[ -17, -0 ],
			[ -23, -4 ],
			[ -112, -65 ],
			[ -30, 27 ],
			[ -10, 18 ],
			[ -11, 6 ],
			[ -11, 2 ],
			[ -12, -2 ],
			[ -17, -6 ],
			[ -20, -10 ],
			[ -12, -9 ],
			[ -57, 41 ],
			[ -56, 36 ],
			[ -50, 28 ],
			[ -48, 24 ]
		],
		[
			[ 28037, 7548 ],
			[ -7, 4 ],
			[ -0, 0 ],
			[ -52, 23 ],
			[ -70, 29 ],
			[ -43, 14 ],
			[ -59, 18 ],
			[ -56, 15 ],
			[ -63, 14 ],
			[ -365, 79 ],
			[ -283, 62 ],
			[ -82, 18 ],
			[ -250, 55 ]
		],
		[
			[ 26707, 7877 ],
			[ -181, -441 ],
			[ -63, -142 ],
			[ -44, -85 ],
			[ -56, -93 ],
			[ 74, -114 ]
		],
		[
			[ 23607, 6936 ],
			[ -8, 86 ],
			[ -12, 133 ],
			[ 0, 44 ],
			[ -0, 0 ],
			[ 0, 87 ],
			[ 1, 198 ],
			[ 8, 136 ],
			[ 6, 109 ],
			[ -80, 219 ],
			[ -34, 3 ]
		],
		[
			[ 23489, 7952 ],
			[ -30, 2 ],
			[ -89, 7 ],
			[ -155, 17 ],
			[ -12, 2 ],
			[ -3, 1 ],
			[ -4, 1 ],
			[ -21, 10 ],
			[ -3, 2 ],
			[ -100, 52 ],
			[ -63, 32 ],
			[ -116, 64 ],
			[ -236, 124 ]
		],
		[
			[ 22657, 8265 ],
			[ -145, -163 ],
			[ 0, -8 ],
			[ -1, -6 ],
			[ -32, -86 ],
			[ -26, -63 ],
			[ -13, -22 ],
			[ -57, -91 ],
			[ 37, -107 ],
			[ 8, -24 ],
			[ 41, -153 ],
			[ 0, -2 ],
			[ -6, -7 ],
			[ 12, -63 ],
			[ 7, -41 ],
			[ 15, -85 ],
			[ 26, -121 ],
			[ 26, -123 ],
			[ -49, -61 ],
			[ -25, 22 ],
			[ -241, -184 ],
			[ -36, -20 ]
		],
		[
			[ 23457, 6396 ],
			[ 7, 42 ],
			[ 20, 3 ],
			[ 18, 5 ],
			[ 21, 9 ],
			[ 23, 14 ],
			[ 19, 16 ],
			[ 19, 21 ],
			[ 12, 24 ],
			[ 16, 50 ],
			[ -3, 179 ],
			[ -2, 176 ]
		],
		[
			[ 12460, 8733 ],
			[ -39, -10 ],
			[ -76, -20 ],
			[ -12, 17 ],
			[ -139, -4 ],
			[ -227, 39 ],
			[ -137, -9 ],
			[ -305, 75 ],
			[ -15, 2 ],
			[ -71, 1 ],
			[ -0, -0 ]
		],
		[
			[ 11440, 8825 ],
			[ -0, -0 ],
			[ -0, -1 ],
			[ -3, -1 ],
			[ -1, -0 ],
			[ -125, -21 ],
			[ -177, -94 ],
			[ -3, -2 ],
			[ -46, -109 ],
			[ -0, -39 ],
			[ -156, -81 ],
			[ -43, -101 ],
			[ -55, -46 ],
			[ -5, -5 ],
			[ -77, -115 ],
			[ -47, -12 ],
			[ -480, -123 ],
			[ -264, -41 ],
			[ 81, 155 ],
			[ -520, -34 ],
			[ -268, -137 ],
			[ -458, -12 ],
			[ -321, -9 ],
			[ -416, 36 ],
			[ -245, 39 ],
			[ -399, 123 ],
			[ -341, 192 ],
			[ -105, 41 ],
			[ -5, 0 ],
			[ -5, 0 ],
			[ -5, 0 ],
			[ -5, 1 ],
			[ -5, 1 ],
			[ -5, 1 ],
			[ -5, 1 ],
			[ -5, 1 ],
			[ -5, 1 ],
			[ -5, 1 ],
			[ -5, 1 ],
			[ -5, 1 ],
			[ -34, 8 ],
			[ -34, 8 ],
			[ -3, 0 ],
			[ -3, 0 ],
			[ -3, 0 ],
			[ -3, 0 ],
			[ -3, 0 ],
			[ -3, 0 ],
			[ -3, 0 ],
			[ -3, 0 ],
			[ -3, -0 ],
			[ -3, -0 ],
			[ -3, -0 ],
			[ -5, 0 ],
			[ -5, 0 ],
			[ -5, -0 ],
			[ -5, -0 ],
			[ -5, -0 ],
			[ -5, -0 ],
			[ -5, -0 ],
			[ -5, -0 ],
			[ -2, -0 ],
			[ -2, -0 ],
			[ -2, -0 ],
			[ -2, 0 ],
			[ -2, 0 ],
			[ -2, 0 ],
			[ -2, 0 ],
			[ -2, 0 ],
			[ -2, 0 ],
			[ -2, 0 ],
			[ -2, 0 ],
			[ -2, 0 ],
			[ -2, 0 ],
			[ -2, 0 ],
			[ -9, 1 ],
			[ -9, 1 ],
			[ -9, 1 ],
			[ -9, 1 ],
			[ -5, -0 ],
			[ -5, -0 ],
			[ -5, -0 ],
			[ -5, -1 ],
			[ -5, -1 ],
			[ -5, -1 ],
			[ -8, -1 ],
			[ -8, -1 ],
			[ -8, -1 ],
			[ -8, -1 ],
			[ -8, -1 ],
			[ -8, -1 ],
			[ -8, -1 ],
			[ -8, -1 ],
			[ -7, -1 ],
			[ -1, -0 ],
			[ -1, -0 ],
			[ -1, -0 ],
			[ -1, -0 ],
			[ -1, -0 ],
			[ -1, -0 ],
			[ -1, -0 ],
			[ -1, -0 ],
			[ -1, -0 ],
			[ -1, -0 ],
			[ -1, -0 ],
			[ -1, -0 ],
			[ -1, -0 ],
			[ -1, -0 ],
			[ -1, 0 ],
			[ -1, 0 ],
			[ -1, 0 ],
			[ -1, 0 ],
			[ -1, 0 ],
			[ -1, 0 ],
			[ -1, 0 ],
			[ -29, 2 ],
			[ -29, 1 ],
			[ -29, 1 ],
			[ -8, 1 ],
			[ -8, 1 ],
			[ -8, 1 ],
			[ -8, 0 ],
			[ -8, 0 ],
			[ -8, 0 ],
			[ -8, 0 ],
			[ -8, 0 ],
			[ -8, -0 ],
			[ -8, -0 ],
			[ -8, -0 ],
			[ -8, -0 ],
			[ -8, -0 ],
			[ -8, -1 ],
			[ -8, -1 ],
			[ -8, -1 ],
			[ -8, -1 ],
			[ -8, -1 ],
			[ -15, -2 ],
			[ -15, -2 ],
			[ -15, -2 ],
			[ -15, -2 ],
			[ -15, -1 ],
			[ -15, -1 ],
			[ -15, -1 ],
			[ -15, -1 ],
			[ -15, -1 ],
			[ -15, -0 ],
			[ -15, -0 ],
			[ -15, -0 ],
			[ -14, -1 ],
			[ -14, -1 ],
			[ -13, 0 ],
			[ -14, 0 ],
			[ -14, 0 ],
			[ -13, 1 ],
			[ -12, 1 ],
			[ -14, 1 ],
			[ -16, 0 ],
			[ -16, 0 ],
			[ -13, -0 ],
			[ -13, -1 ],
			[ -6, 0 ],
			[ -6, 0 ],
			[ -6, 0 ],
			[ -6, -0 ],
			[ -6, -0 ],
			[ -6, -0 ],
			[ -6, -0 ],
			[ -6, -0 ],
			[ -6, -0 ],
			[ -6, -0 ],
			[ -6, -1 ],
			[ -6, -1 ],
			[ -6, -1 ],
			[ -6, -1 ],
			[ -6, -1 ],
			[ -12, -1 ],
			[ -12, -1 ],
			[ -12, -2 ],
			[ -12, -2 ],
			[ -12, -2 ],
			[ -11, -2 ],
			[ -11, -2 ],
			[ -11, -2 ],
			[ -11, -3 ],
			[ -4, -1 ],
			[ -4, -1 ],
			[ -4, -1 ],
			[ -4, -1 ],
			[ -4, -1 ],
			[ -5, -0 ],
			[ -5, -0 ],
			[ -5, -0 ],
			[ -5, -0 ],
			[ -5, -0 ],
			[ -5, -0 ],
			[ -5, -1 ],
			[ -5, -1 ],
			[ -5, -1 ],
			[ -5, -1 ],
			[ -5, -1 ],
			[ -5, -1 ],
			[ -5, -1 ],
			[ -5, -1 ],
			[ -10, -1 ],
			[ -10, -1 ],
			[ -10, -1 ],
			[ -10, -1 ],
			[ -10, -0 ],
			[ -4, -0 ],
			[ -4, -0 ],
			[ -4, -0 ],
			[ -4, -0 ],
			[ -4, -0 ],
			[ -4, 0 ],
			[ -4, 0 ],
			[ -4, 0 ],
			[ -4, 0 ],
			[ -4, 0 ],
			[ -4, 0 ],
			[ -4, 0 ],
			[ -4, 0 ],
			[ -4, 0 ],
			[ -4, 0 ],
			[ -4, 0 ],
			[ -4, 1 ],
			[ -3, 1 ],
			[ -3, 1 ],
			[ -13, 2 ],
			[ -13, 2 ],
			[ -13, 2 ],
			[ -13, 2 ],
			[ -13, 2 ],
			[ -15, 0 ],
			[ -20, -2 ],
			[ -21, -8 ],
			[ 41, -34 ],
			[ 30, -25 ],
			[ -0, -1 ],
			[ 2, -5 ],
			[ 3, -7 ],
			[ 3, -6 ],
			[ 2, -5 ],
			[ 5, -13 ],
			[ 3, -7 ],
			[ 3, -9 ],
			[ 2, -7 ],
			[ 3, -8 ],
			[ 3, -9 ],
			[ 4, -10 ],
			[ 4, -10 ],
			[ 6, -14 ],
			[ 5, -12 ],
			[ 6, -16 ],
			[ 0, -1 ],
			[ 9, -20 ],
			[ 0, -1 ],
			[ 6, -12 ],
			[ 5, -10 ],
			[ 5, -6 ],
			[ 1, 0 ],
			[ 14, -26 ],
			[ 10, -18 ],
			[ 3, -5 ],
			[ 8, -12 ],
			[ 10, -16 ],
			[ 7, -11 ],
			[ 3, -5 ],
			[ 8, -12 ],
			[ 8, -12 ],
			[ 9, -12 ],
			[ 6, -8 ],
			[ 10, -14 ],
			[ 3, -3 ],
			[ 74, -101 ],
			[ 0, 0 ],
			[ 0, -0 ],
			[ 0, 0 ],
			[ 4, 2 ],
			[ 2, -2 ],
			[ 2, -3 ],
			[ 5, -6 ],
			[ 9, -12 ],
			[ 6, -8 ],
			[ 9, -11 ],
			[ 20, -26 ],
			[ 2, -2 ],
			[ 6, -8 ],
			[ 1, -2 ],
			[ 5, -6 ],
			[ 0, 0 ],
			[ 0, -1 ],
			[ -0, -1 ],
			[ -2, -2 ],
			[ -3, -2 ],
			[ -0, -1 ],
			[ 0, -1 ],
			[ 1, -1 ],
			[ 5, -7 ],
			[ 1, -1 ],
			[ 9, -11 ],
			[ 1, -1 ],
			[ 12, -15 ],
			[ 10, -13 ],
			[ 1, -1 ],
			[ 12, -15 ],
			[ 11, -15 ],
			[ 1, -1 ],
			[ 11, -14 ],
			[ 0, -1 ],
			[ 12, -16 ],
			[ 1, -1 ],
			[ 17, -22 ],
			[ 11, -15 ],
			[ 13, -16 ],
			[ 10, -12 ],
			[ 513, -619 ],
			[ 6, -21 ],
			[ -0, -7 ],
			[ 7, -13 ],
			[ 20, -37 ],
			[ 5, -6 ],
			[ 14, -23 ],
			[ 27, -35 ],
			[ 17, -22 ],
			[ 24, -28 ],
			[ 38, -40 ],
			[ 18, -13 ],
			[ 35, -31 ],
			[ 16, -14 ],
			[ 8, -6 ],
			[ 18, -22 ],
			[ 42, -43 ],
			[ 64, -69 ],
			[ 62, -66 ],
			[ 11, -10 ],
			[ 24, -28 ],
			[ 50, -57 ],
			[ 58, -64 ],
			[ 7, -11 ],
			[ 12, -12 ],
			[ 5, -6 ],
			[ 8, -9 ],
			[ 3, -1 ],
			[ 1, -2 ],
			[ 16, -16 ],
			[ 33, -38 ],
			[ 14, -14 ],
			[ 42, -47 ],
			[ 128, -151 ],
			[ 42, -58 ],
			[ 74, -90 ],
			[ 75, -97 ],
			[ 17, -21 ],
			[ 8, -23 ],
			[ 40, -87 ],
			[ 61, -140 ],
			[ 12, -36 ],
			[ 26, -60 ],
			[ 40, -75 ],
			[ 53, -103 ],
			[ 38, -88 ],
			[ 71, 54 ],
			[ 287, 219 ]
		],
		[
			[ 11740, 8177 ],
			[ 118, 94 ],
			[ 169, 131 ],
			[ 88, 67 ],
			[ 128, 99 ],
			[ 142, 110 ],
			[ 5, 4 ],
			[ 70, 51 ],
			[ 0, 0 ]
		],
		[
			[ 17664, 6128 ],
			[ 21, 446 ],
			[ -0, 16 ],
			[ 27, 74 ],
			[ 21, 57 ],
			[ 32, 129 ],
			[ 7, 43 ],
			[ -0, 82 ],
			[ 0, 10 ],
			[ 0, 78 ],
			[ -1, 13 ],
			[ -0, 1 ],
			[ -0, 35 ],
			[ -1, 11 ],
			[ -3, 41 ],
			[ -0, 1 ],
			[ -3, 29 ],
			[ -1, 15 ],
			[ -9, 34 ],
			[ -22, 48 ],
			[ -3, 3 ],
			[ -16, 15 ]
		],
		[
			[ 17712, 7307 ],
			[ -288, 4 ],
			[ -130, 2 ],
			[ -27, 0 ],
			[ -67, 1 ],
			[ -59, 8 ]
		],
		[
			[ 18887, 6647 ],
			[ -14, 15 ],
			[ -5, 76 ],
			[ -133, 1 ],
			[ -62, 82 ],
			[ -54, 56 ],
			[ -32, 35 ],
			[ -167, -96 ],
			[ -14, 89 ],
			[ -7, 37 ],
			[ -11, 59 ],
			[ -23, 128 ],
			[ -27, 147 ],
			[ -19, 105 ]
		],
		[
			[ 18320, 7378 ],
			[ -246, -28 ],
			[ -58, -7 ],
			[ -197, -22 ],
			[ -107, -15 ]
		],
		[
			[ 26707, 7877 ],
			[ -113, 25 ],
			[ -210, 46 ],
			[ -235, 51 ],
			[ -233, 51 ]
		],
		[
			[ 25916, 8050 ],
			[ -282, 69 ],
			[ -640, 135 ],
			[ -45, 9 ],
			[ -51, 10 ]
		],
		[
			[ 24898, 8273 ],
			[ -45, -107 ],
			[ -58, -80 ],
			[ -94, -121 ],
			[ -80, -114 ],
			[ -56, -69 ],
			[ -62, -83 ],
			[ -106, -139 ],
			[ -92, -119 ],
			[ -60, -77 ],
			[ -52, -66 ],
			[ -85, -107 ],
			[ -27, -34 ],
			[ -45, -41 ],
			[ -62, -47 ],
			[ -46, -29 ],
			[ -51, -26 ],
			[ -38, -17 ],
			[ -25, -10 ],
			[ -88, -28 ],
			[ -74, -17 ],
			[ -44, -5 ]
		],
		[
			[ 19681, 7204 ],
			[ -249, 206 ],
			[ -98, 81 ],
			[ -247, 211 ]
		],
		[
			[ 19087, 7703 ],
			[ -131, -92 ],
			[ -0, -0 ],
			[ -112, -71 ],
			[ -181, -120 ],
			[ -17, -6 ],
			[ -86, -11 ],
			[ -239, -25 ]
		],
		[
			[ 22657, 8265 ],
			[ -53, 28 ],
			[ -67, 35 ],
			[ -51, 27 ],
			[ -118, 63 ],
			[ -7, 4 ],
			[ -214, 113 ],
			[ -177, 91 ]
		],
		[
			[ 21970, 8626 ],
			[ -37, -49 ],
			[ -43, -44 ],
			[ -34, -32 ],
			[ -57, -50 ],
			[ -12, -14 ],
			[ -96, -113 ],
			[ -88, -64 ],
			[ -60, -36 ]
		],
		[
			[ 24898, 8273 ],
			[ -230, 55 ],
			[ -35, 10 ],
			[ -47, 18 ],
			[ -31, 14 ],
			[ -35, 17 ],
			[ -53, 27 ],
			[ -62, 42 ],
			[ -0, 0 ],
			[ -53, 45 ],
			[ 0, 0 ],
			[ -162, 146 ]
		],
		[
			[ 24190, 8647 ],
			[ -127, -84 ],
			[ -38, -25 ],
			[ -47, -31 ],
			[ -252, -166 ],
			[ -56, -43 ],
			[ -35, -34 ],
			[ -46, -41 ],
			[ -27, -30 ],
			[ -11, -13 ],
			[ -1, -1 ],
			[ -1, -1 ],
			[ -21, -34 ],
			[ -8, -13 ],
			[ -4, -13 ],
			[ -3, -11 ],
			[ -22, -155 ]
		],
		[
			[ 14536, 8345 ],
			[ -97, -40 ],
			[ -4, -1 ],
			[ -15, -2 ],
			[ -131, 13 ],
			[ -58, 6 ],
			[ -54, 6 ],
			[ -21, 3 ],
			[ -443, 53 ],
			[ -66, 8 ],
			[ -8, 1 ],
			[ -65, 3 ],
			[ -27, -6 ],
			[ -16, -5 ],
			[ -12, -4 ],
			[ -41, 61 ],
			[ -32, 46 ],
			[ -29, 24 ],
			[ -36, 24 ],
			[ -39, 22 ],
			[ -41, 25 ],
			[ -46, 21 ],
			[ -60, 28 ],
			[ -72, 35 ],
			[ -46, 32 ],
			[ -26, 25 ],
			[ -53, 73 ],
			[ -123, 193 ],
			[ -59, 94 ]
		],
		[
			[ 12815, 9081 ],
			[ -147, -189 ],
			[ -12, -6 ],
			[ -34, -24 ],
			[ -162, -129 ]
		],
		[
			[ 14808, 8093 ],
			[ -26, 20 ],
			[ -214, 164 ],
			[ -16, 16 ],
			[ -8, 8 ],
			[ -6, 23 ],
			[ -3, 20 ]
		],
		[
			[ 19087, 7703 ],
			[ -147, 155 ],
			[ -284, 300 ],
			[ -98, 81 ],
			[ -102, 63 ],
			[ -24, 15 ]
		],
		[
			[ 18432, 8317 ],
			[ -166, -197 ],
			[ -48, -51 ],
			[ -45, -46 ],
			[ -31, -27 ],
			[ -40, -31 ],
			[ -20, -13 ],
			[ -15, -9 ],
			[ -17, -9 ],
			[ -24, -12 ],
			[ -9, -4 ],
			[ -2, -1 ],
			[ -21, -9 ],
			[ -10, -4 ],
			[ -38, -15 ],
			[ -0, -0 ],
			[ -76, -30 ],
			[ -163, -65 ],
			[ -13, -5 ],
			[ -87, -42 ],
			[ -13, -10 ],
			[ -34, -25 ],
			[ -33, -27 ],
			[ -0, -0 ],
			[ -21, -20 ],
			[ -33, -31 ],
			[ -36, -36 ],
			[ -43, -40 ],
			[ -41, -38 ],
			[ -96, -90 ],
			[ -48, -45 ],
			[ -68, -64 ]
		],
		[
			[ 20930, 8308 ],
			[ -27, -10 ],
			[ -5, -2 ],
			[ -18, -7 ],
			[ -49, -18 ],
			[ -51, -21 ],
			[ -6, -3 ],
			[ -7, -4 ],
			[ -56, -30 ],
			[ -56, -30 ],
			[ -111, -62 ],
			[ -45, -25 ],
			[ -53, 81 ],
			[ -20, 31 ],
			[ -0, -0 ],
			[ -135, -78 ],
			[ -32, -17 ],
			[ -78, -43 ],
			[ -64, 110 ],
			[ -9, -9 ],
			[ -10, -7 ],
			[ -10, -5 ],
			[ -90, -31 ],
			[ 8, -16 ],
			[ -192, -64 ],
			[ -1, -0 ],
			[ -224, -74 ],
			[ -18, -6 ],
			[ -156, -51 ],
			[ -32, -9 ]
		],
		[
			[ 19385, 7908 ],
			[ -298, -205 ]
		],
		[
			[ 21251, 8026 ],
			[ -321, 281 ]
		],
		[
			[ 17140, 7321 ],
			[ 15, 41 ],
			[ 35, 97 ],
			[ 39, 109 ],
			[ 15, 41 ],
			[ 9, 17 ],
			[ 23, 75 ],
			[ 0, 1 ],
			[ 2, 6 ],
			[ 1, 2 ],
			[ 26, 80 ],
			[ 11, 36 ],
			[ 20, 65 ],
			[ 26, 83 ],
			[ 8, 21 ],
			[ 6, 63 ],
			[ -1, 31 ],
			[ -0, 0 ],
			[ -34, 120 ],
			[ -5, 18 ],
			[ 1, 11 ],
			[ 32, 82 ],
			[ 20, 73 ],
			[ -70, 172 ]
		],
		[
			[ 17316, 8565 ],
			[ -99, -50 ],
			[ -43, -22 ],
			[ -71, -39 ],
			[ -41, -23 ],
			[ -209, -112 ],
			[ -52, -28 ],
			[ -49, -28 ],
			[ -127, -72 ],
			[ -132, -73 ],
			[ -68, -37 ],
			[ -201, -109 ],
			[ -81, -52 ],
			[ -116, -74 ],
			[ -141, -92 ],
			[ -168, -110 ]
		],
		[
			[ 18432, 8317 ],
			[ -270, 66 ],
			[ -88, 21 ],
			[ -56, 17 ],
			[ -91, 27 ],
			[ -60, 25 ],
			[ -51, 21 ],
			[ -58, 32 ],
			[ -78, 56 ],
			[ -57, 47 ],
			[ -45, 39 ],
			[ -26, 22 ],
			[ -61, 39 ],
			[ -85, 32 ]
		],
		[
			[ 17406, 8760 ],
			[ -90, -195 ]
		],
		[
			[ 17406, 8760 ],
			[ -100, 25 ],
			[ -52, 7 ],
			[ -35, 1 ],
			[ -30, -2 ],
			[ -24, -2 ],
			[ -165, -13 ],
			[ -4, -0 ],
			[ -31, 1 ],
			[ -42, 6 ],
			[ -25, 5 ],
			[ -36, 14 ],
			[ -78, 43 ],
			[ -58, 43 ],
			[ -13, 20 ],
			[ -11, 18 ],
			[ -27, 63 ],
			[ -3, 11 ],
			[ -15, 49 ],
			[ -18, 122 ],
			[ -8, 40 ],
			[ -6, 36 ]
		],
		[
			[ 16624, 9248 ],
			[ -88, 1 ],
			[ -116, -1 ],
			[ -1, 49 ],
			[ 12, 45 ],
			[ -42, 3 ],
			[ -11, -3 ],
			[ -34, -9 ],
			[ -14, -9 ],
			[ -34, -21 ],
			[ -19, -15 ],
			[ -15, -12 ],
			[ -29, -33 ],
			[ -19, -15 ],
			[ -26, -21 ],
			[ -51, -26 ],
			[ -20, -18 ],
			[ -37, -32 ],
			[ -17, -18 ],
			[ -0, -0 ],
			[ -29, -30 ],
			[ -97, -46 ],
			[ -72, -54 ],
			[ -1, -0 ],
			[ -59, -45 ],
			[ -122, -92 ],
			[ -138, -104 ],
			[ -61, -46 ],
			[ -65, -49 ],
			[ -235, -181 ],
			[ -40, -41 ],
			[ -9, -9 ],
			[ -27, -28 ],
			[ -46, -69 ],
			[ -11, -17 ],
			[ -13, -20 ],
			[ -7, -10 ],
			[ -8, -8 ],
			[ -27, -29 ],
			[ -17, -13 ],
			[ -1, -1 ],
			[ -60, -44 ],
			[ -108, -83 ],
			[ -4, -3 ]
		],
		[
			[ 20347, 8833 ],
			[ -549, 30 ],
			[ -137, 8 ],
			[ -11, 1 ],
			[ -23, 1 ],
			[ -115, 5 ],
			[ -15, -8 ],
			[ -219, 15 ],
			[ -317, 11 ]
		],
		[
			[ 18962, 8897 ],
			[ 33, -62 ],
			[ 66, -95 ],
			[ 45, -69 ],
			[ 121, -175 ],
			[ 49, -68 ],
			[ 31, -48 ],
			[ 114, -165 ],
			[ -9, -111 ],
			[ -27, -196 ]
		],
		[
			[ 20930, 8308 ],
			[ -12, 12 ],
			[ -272, 246 ],
			[ -298, 267 ]
		],
		[
			[ 18962, 8897 ],
			[ -36, -49 ],
			[ -74, -81 ],
			[ -61, -67 ],
			[ -54, -59 ],
			[ -50, -53 ],
			[ -10, -8 ],
			[ -10, -8 ],
			[ -96, -99 ],
			[ -139, -155 ]
		],
		[
			[ 24190, 8647 ],
			[ -186, 176 ],
			[ -241, 208 ],
			[ -164, 132 ],
			[ -0, 0 ],
			[ -105, 84 ],
			[ -41, 24 ],
			[ -43, 24 ],
			[ -47, 19 ],
			[ -49, 20 ],
			[ -15, 6 ],
			[ -15, 6 ],
			[ -31, 9 ],
			[ -29, 6 ],
			[ -66, 8 ],
			[ -40, 3 ],
			[ -78, 7 ],
			[ -12, 1 ],
			[ -21, 1 ],
			[ -633, 44 ]
		],
		[
			[ 22375, 9427 ],
			[ -35, -78 ],
			[ -77, -169 ],
			[ -36, -97 ],
			[ -9, -27 ],
			[ -149, -299 ],
			[ -98, -131 ]
		],
		[
			[ 16624, 9248 ],
			[ -2, 67 ],
			[ 9, 61 ],
			[ 28, 92 ],
			[ 11, 31 ],
			[ 4, 12 ],
			[ 40, 133 ]
		],
		[
			[ 16714, 9644 ],
			[ -40, 3 ],
			[ -32, 2 ],
			[ -94, 16 ],
			[ -27, 2 ],
			[ -12, 1 ],
			[ -30, 0 ],
			[ -33, -0 ],
			[ -18, -1 ],
			[ -31, -5 ],
			[ -23, -3 ],
			[ -68, -91 ],
			[ -23, -21 ],
			[ -33, -20 ],
			[ -29, -13 ],
			[ -39, -12 ],
			[ -153, -30 ],
			[ -152, -31 ],
			[ -30, -7 ],
			[ -11, -4 ],
			[ -137, -78 ],
			[ -86, -50 ],
			[ -8, -4 ],
			[ -22, -12 ],
			[ -123, -62 ],
			[ -29, -13 ],
			[ -31, -11 ],
			[ -46, -12 ],
			[ -45, -8 ],
			[ -33, -3 ],
			[ -25, -1 ],
			[ -39, 2 ],
			[ -31, 3 ],
			[ -81, 15 ],
			[ -114, 22 ],
			[ -63, 10 ],
			[ -61, 6 ],
			[ -71, 5 ],
			[ -127, 4 ]
		],
		[
			[ 14665, 9244 ],
			[ -55, 2 ],
			[ -18, 0 ],
			[ -105, 0 ],
			[ -9, -36 ],
			[ -26, -40 ],
			[ -39, -67 ],
			[ -2, -6 ],
			[ -1, -14 ],
			[ 1, -62 ],
			[ 13, -115 ],
			[ 5, -42 ],
			[ 1, -12 ],
			[ 20, -99 ],
			[ 10, -46 ],
			[ 12, -58 ],
			[ 26, -126 ],
			[ 17, -82 ],
			[ 5, -23 ],
			[ 3, -15 ],
			[ 12, -57 ]
		],
		[
			[ 28037, 7548 ],
			[ 19, 24 ],
			[ 63, 75 ],
			[ 43, 60 ],
			[ 40, 62 ],
			[ 47, 90 ],
			[ 73, 142 ],
			[ 18, 43 ]
		],
		[
			[ 28340, 8045 ],
			[ -76, 25 ],
			[ -47, 24 ],
			[ -58, 33 ],
			[ -112, 59 ],
			[ -25, 11 ],
			[ 2, 4 ],
			[ 9, 11 ],
			[ 25, 22 ],
			[ -128, 84 ],
			[ 87, 84 ],
			[ -109, 73 ],
			[ 95, 86 ],
			[ 11, 10 ],
			[ 91, 82 ],
			[ 110, 98 ],
			[ 14, 20 ]
		],
		[
			[ 28228, 8771 ],
			[ -52, 17 ],
			[ -68, 27 ],
			[ -99, 42 ],
			[ -289, 119 ],
			[ -8, 3 ],
			[ -3, 1 ],
			[ -44, 16 ],
			[ -136, 38 ],
			[ -83, 27 ],
			[ -44, 15 ],
			[ -44, 9 ],
			[ -51, 4 ],
			[ -66, 2 ],
			[ -22, 43 ],
			[ -6, 12 ],
			[ -5, 13 ],
			[ -12, 29 ],
			[ -8, 24 ],
			[ -8, 35 ],
			[ -3, 43 ],
			[ 3, 31 ],
			[ 10, 33 ],
			[ -87, 4 ],
			[ -75, 3 ],
			[ -91, 10 ],
			[ -100, 10 ],
			[ -336, 30 ],
			[ -1, 0 ]
		],
		[
			[ 26501, 9411 ],
			[ -132, -252 ]
		],
		[
			[ 26368, 9159 ],
			[ -17, -34 ],
			[ -22, -45 ],
			[ -25, -59 ],
			[ -19, -51 ],
			[ -14, -45 ],
			[ -16, -57 ],
			[ -20, -87 ],
			[ -19, -85 ],
			[ -9, -43 ],
			[ -19, -65 ],
			[ -22, -64 ],
			[ -20, -48 ],
			[ -22, -49 ],
			[ -26, -53 ],
			[ -181, -324 ]
		],
		[
			[ 28340, 8045 ],
			[ 3, 4 ],
			[ 12, 15 ],
			[ 31, 60 ],
			[ 55, 98 ],
			[ 23, 34 ],
			[ 18, 27 ],
			[ 20, 30 ],
			[ 36, 47 ],
			[ 5, 6 ],
			[ 25, 29 ],
			[ 22, 22 ],
			[ 34, 33 ],
			[ 42, 34 ],
			[ 39, 30 ],
			[ 58, 40 ],
			[ 89, 56 ],
			[ 55, 32 ],
			[ 50, 29 ],
			[ 49, 32 ],
			[ 42, 26 ],
			[ 41, 26 ],
			[ 48, 28 ],
			[ 58, 31 ],
			[ 56, 35 ],
			[ 51, 32 ],
			[ 87, 53 ],
			[ 23, 14 ],
			[ 29, 18 ],
			[ 49, 30 ],
			[ 22, 15 ],
			[ 25, 15 ],
			[ -62, 57 ],
			[ -23, 21 ],
			[ -16, 15 ],
			[ -32, 25 ],
			[ -21, 10 ],
			[ -25, 12 ],
			[ -79, 33 ],
			[ -146, 58 ],
			[ -38, -53 ],
			[ -34, -46 ],
			[ -10, -11 ],
			[ -14, -15 ],
			[ -34, -31 ],
			[ -44, -34 ],
			[ -40, -30 ],
			[ -52, 34 ],
			[ -40, -0 ],
			[ -65, -6 ],
			[ -12, 1 ],
			[ -23, 1 ],
			[ -37, 7 ],
			[ -29, 3 ],
			[ -6, -2 ],
			[ -5, -3 ],
			[ -4, -6 ],
			[ -1, -4 ],
			[ 8, -11 ],
			[ 17, -10 ],
			[ 46, -24 ],
			[ 31, -16 ],
			[ 34, -18 ],
			[ 47, -24 ],
			[ -10, -13 ],
			[ -93, -131 ],
			[ -12, -7 ],
			[ -27, 5 ],
			[ -64, 8 ],
			[ -25, 4 ],
			[ -9, 0 ],
			[ -11, 0 ],
			[ -21, -0 ],
			[ -26, -0 ],
			[ -21, -0 ],
			[ -30, -1 ],
			[ -21, 1 ],
			[ -25, 0 ],
			[ -35, 1 ],
			[ -8, 1 ],
			[ -85, 20 ],
			[ -40, 11 ],
			[ -19, -46 ],
			[ -14, -38 ],
			[ -2, -4 ]
		],
		[
			[ 26368, 9159 ],
			[ -95, 32 ],
			[ -51, 25 ],
			[ -15, 10 ],
			[ -7, 4 ],
			[ -4, 3 ],
			[ -27, -16 ],
			[ -37, -27 ],
			[ -24, -20 ],
			[ -0, -0 ],
			[ -5, 3 ],
			[ -9, 3 ],
			[ -1, 0 ],
			[ -9, 2 ],
			[ -9, 1 ],
			[ -104, -1 ],
			[ -234, -2 ],
			[ -68, -1 ],
			[ -203, -4 ]
		],
		[
			[ 25467, 9169 ],
			[ -56, -86 ],
			[ -131, -193 ]
		],
		[
			[ 25279, 8889 ],
			[ -179, -268 ],
			[ -56, -84 ],
			[ -117, -183 ],
			[ -29, -81 ]
		],
		[
			[ 14665, 9244 ],
			[ 1, 20 ],
			[ 2, 40 ],
			[ 1, 28 ],
			[ 0, 4 ],
			[ 5, 11 ],
			[ 4, 9 ],
			[ 1, 1 ],
			[ 8, 11 ],
			[ 11, 15 ],
			[ 4, 11 ],
			[ 9, 28 ],
			[ 9, 65 ],
			[ 10, 61 ],
			[ 24, 94 ],
			[ 9, 15 ],
			[ 25, 32 ],
			[ -78, 27 ]
		],
		[
			[ 14711, 9714 ],
			[ -13, 5 ],
			[ -9, 3 ],
			[ -16, 6 ],
			[ -13, 4 ],
			[ -9, 3 ],
			[ -9, 3 ],
			[ -34, 9 ],
			[ -17, 3 ],
			[ -9, 1 ],
			[ -5, 0 ],
			[ -2, 0 ],
			[ -5, -0 ],
			[ -7, -1 ],
			[ -23, -5 ],
			[ -30, -7 ],
			[ -8, -2 ],
			[ -47, -11 ],
			[ -6, -2 ],
			[ -3, -1 ],
			[ -8, -3 ],
			[ -3, -3 ],
			[ -6, -8 ],
			[ -281, -37 ],
			[ -41, -5 ],
			[ -198, -27 ],
			[ -68, -9 ],
			[ -10, -1 ],
			[ -11, -2 ],
			[ -13, -2 ],
			[ -118, -57 ],
			[ -59, -28 ],
			[ -226, -115 ],
			[ -78, -41 ],
			[ -26, -9 ],
			[ -16, -4 ],
			[ -16, -2 ],
			[ -22, -1 ],
			[ -22, -3 ],
			[ -16, -3 ],
			[ -18, -6 ],
			[ -30, -17 ],
			[ -30, -17 ],
			[ -210, -122 ],
			[ -10, -10 ],
			[ -37, -32 ],
			[ -22, -28 ],
			[ -36, -48 ]
		],
		[
			[ 23792, 9366 ],
			[ -21, -6 ],
			[ -9, -2 ],
			[ -26, -2 ],
			[ -22, -1 ],
			[ -3, -0 ],
			[ -12, 0 ],
			[ -49, 0 ],
			[ -13, 2 ],
			[ -54, 7 ],
			[ -52, 9 ],
			[ -23, 6 ],
			[ -22, 5 ],
			[ -59, 15 ],
			[ -37, 12 ],
			[ -7, 2 ],
			[ -5, 2 ],
			[ -17, 6 ],
			[ -35, 11 ],
			[ -60, 18 ],
			[ -40, 8 ],
			[ -28, 6 ],
			[ -69, 12 ],
			[ -76, 19 ],
			[ -57, 17 ],
			[ -44, 11 ],
			[ -106, 26 ],
			[ -149, 40 ],
			[ -210, 57 ]
		],
		[
			[ 22486, 9646 ],
			[ -106, -207 ],
			[ -6, -12 ]
		],
		[
			[ 25279, 8889 ],
			[ -31, 10 ],
			[ -131, 54 ],
			[ -69, 28 ],
			[ -46, 20 ],
			[ -66, 27 ],
			[ -0, -0 ],
			[ -40, 13 ],
			[ -10, 2 ],
			[ -15, 3 ],
			[ -27, 3 ],
			[ -36, 0 ],
			[ -39, -1 ],
			[ -51, 3 ],
			[ -45, 8 ],
			[ -58, 20 ],
			[ -36, 15 ],
			[ -68, 26 ],
			[ -38, 15 ],
			[ -12, 9 ],
			[ -6, 6 ],
			[ -192, 6 ],
			[ -34, 3 ],
			[ -42, 8 ],
			[ -39, 12 ],
			[ -6, 2 ],
			[ -21, 7 ],
			[ -5, 2 ],
			[ -26, 12 ],
			[ -7, 3 ],
			[ -13, 5 ],
			[ -6, 3 ],
			[ -84, 38 ],
			[ -35, 16 ],
			[ -106, 48 ],
			[ -26, 14 ],
			[ -20, 36 ]
		],
		[
			[ 18641, 9300 ],
			[ -42, -1 ],
			[ -91, 13 ],
			[ -262, 48 ],
			[ -59, 12 ],
			[ -131, 27 ],
			[ -113, 21 ],
			[ -38, 5 ],
			[ -137, 23 ],
			[ -39, 10 ]
		],
		[
			[ 17728, 9460 ],
			[ -87, -192 ],
			[ -67, -143 ],
			[ -115, -243 ],
			[ -53, -122 ]
		],
		[
			[ 18962, 8897 ],
			[ -28, 26 ],
			[ -100, 128 ],
			[ -109, 137 ],
			[ -85, 112 ]
		],
		[
			[ 22375, 9427 ],
			[ -377, 28 ],
			[ -124, 4 ]
		],
		[
			[ 21874, 9459 ],
			[ -2, -13 ],
			[ -3, -14 ],
			[ -7, -12 ],
			[ -10, -15 ],
			[ -11, -13 ],
			[ -15, -17 ],
			[ -10, -10 ],
			[ -10, -11 ],
			[ -11, -13 ],
			[ -116, -128 ],
			[ -28, -31 ],
			[ -60, -68 ],
			[ -87, -93 ],
			[ -92, -98 ],
			[ -109, -130 ],
			[ -87, -105 ]
		],
		[
			[ 21216, 8689 ],
			[ 50, -29 ],
			[ 34, -26 ],
			[ 25, -19 ],
			[ 65, -68 ],
			[ 10, -15 ],
			[ 52, -81 ],
			[ 91, -226 ],
			[ 0, -0 ]
		],
		[
			[ 35532, 7956 ],
			[ 77, 6 ],
			[ 78, -27 ],
			[ 293, -204 ],
			[ 226, 41 ],
			[ 255, 105 ],
			[ 175, 102 ],
			[ 218, 24 ],
			[ 9, 168 ],
			[ 70, 396 ],
			[ 2, 12 ],
			[ 10, -1 ],
			[ 0, 2 ],
			[ 0, 3 ],
			[ 1, 4 ],
			[ 1, 4 ],
			[ 1, 6 ],
			[ 2, 5 ],
			[ 2, 6 ],
			[ 2, 6 ],
			[ 2, 6 ],
			[ 4, 9 ],
			[ 3, 8 ],
			[ 4, 9 ],
			[ 4, 8 ],
			[ 4, 8 ],
			[ 6, 13 ],
			[ 7, 15 ],
			[ 3, 8 ],
			[ 10, 21 ],
			[ 10, 21 ],
			[ 6, 12 ],
			[ 5, 12 ],
			[ 4, 11 ],
			[ 2, 6 ],
			[ 4, 9 ],
			[ 5, 14 ],
			[ 5, 18 ],
			[ 4, 14 ],
			[ 4, 16 ],
			[ 4, 16 ],
			[ 4, 17 ],
			[ 6, 21 ],
			[ 5, 20 ],
			[ 3, 15 ],
			[ 2, 14 ],
			[ 2, 13 ],
			[ 1, 10 ],
			[ 2, 11 ],
			[ 1, 9 ],
			[ -0, 9 ],
			[ -0, 11 ],
			[ -1, 15 ],
			[ -0, 11 ],
			[ -0, 10 ],
			[ -1, 12 ],
			[ -1, 11 ],
			[ -2, 11 ],
			[ -1, 10 ],
			[ -2, 10 ],
			[ -5, 15 ],
			[ -5, 13 ],
			[ -6, 12 ],
			[ -7, 13 ],
			[ -7, 10 ],
			[ -11, 18 ],
			[ -10, 14 ],
			[ -8, 13 ],
			[ -7, 13 ],
			[ -6, 12 ],
			[ -4, 9 ],
			[ -5, 13 ],
			[ -4, 13 ],
			[ -3, 14 ],
			[ -6, 26 ],
			[ -3, 17 ],
			[ -2, 16 ],
			[ -4, 23 ],
			[ -2, 20 ],
			[ -3, 18 ],
			[ -2, 21 ],
			[ -1, 15 ],
			[ -0, 12 ],
			[ -1, 12 ],
			[ -0, 12 ],
			[ -0, 12 ],
			[ 1, 13 ],
			[ 0, 12 ],
			[ 0, 23 ],
			[ 3, 31 ],
			[ 2, 22 ],
			[ 3, 19 ],
			[ 2, 15 ],
			[ 2, 14 ],
			[ 2, 12 ],
			[ 1, 11 ],
			[ -1, 6 ],
			[ -1, 6 ],
			[ -1, 5 ],
			[ -2, 5 ],
			[ -2, 4 ],
			[ -5, 9 ],
			[ -5, 7 ],
			[ -7, 9 ],
			[ -5, 7 ],
			[ -8, 10 ],
			[ -19, 25 ],
			[ -12, 17 ],
			[ -8, 11 ],
			[ 13, 5 ],
			[ -43, 56 ],
			[ -9, 15 ],
			[ -7, 14 ],
			[ -21, 58 ],
			[ -6, 14 ],
			[ -6, 13 ],
			[ -5, 10 ],
			[ -3, 5 ],
			[ -4, 6 ],
			[ -7, 10 ],
			[ -21, 30 ],
			[ -39, 53 ],
			[ -20, 29 ],
			[ -17, 22 ],
			[ -10, 13 ],
			[ -14, 19 ],
			[ -14, 17 ],
			[ -14, 12 ],
			[ -6, 6 ],
			[ -5, 4 ],
			[ -7, 5 ],
			[ -7, 5 ],
			[ -20, 13 ],
			[ -35, 22 ],
			[ -43, 27 ],
			[ -26, 15 ],
			[ -16, 10 ],
			[ -19, 12 ],
			[ -16, 11 ],
			[ -7, 5 ],
			[ -5, 5 ],
			[ -5, 5 ],
			[ -3, 4 ],
			[ -5, 6 ],
			[ -6, 9 ],
			[ -14, 25 ],
			[ -7, 14 ],
			[ -4, 7 ],
			[ -4, 8 ],
			[ -4, 6 ],
			[ -4, 5 ],
			[ -8, 7 ],
			[ -5, 4 ],
			[ -7, 4 ],
			[ -4, 2 ],
			[ -6, 3 ],
			[ -4, 2 ],
			[ -5, 3 ],
			[ -7, 3 ],
			[ -13, 6 ],
			[ -19, 11 ],
			[ -22, 11 ],
			[ -30, 15 ],
			[ -20, 12 ],
			[ -47, 25 ],
			[ -59, 34 ],
			[ -43, 28 ],
			[ -67, 45 ],
			[ -58, 40 ],
			[ -61, 41 ],
			[ -52, 36 ],
			[ -77, 53 ],
			[ 96, -537 ],
			[ -18, -1 ],
			[ -10, -2 ],
			[ -22, -5 ],
			[ -19, -6 ],
			[ -21, -9 ],
			[ -21, -8 ],
			[ -16, -6 ],
			[ -8, -2 ],
			[ -8, -2 ],
			[ -21, -5 ],
			[ -17, -4 ],
			[ -31, -5 ],
			[ -20, -2 ],
			[ -25, -2 ],
			[ -20, -1 ],
			[ -28, 0 ],
			[ -13, 1 ],
			[ -30, 3 ],
			[ -28, 3 ],
			[ -30, 5 ],
			[ -29, 5 ],
			[ -26, 5 ],
			[ -32, 8 ],
			[ -46, -126 ],
			[ -0, -0 ],
			[ -15, -3 ],
			[ -15, -5 ],
			[ -8, -6 ],
			[ -11, -10 ],
			[ -3, -5 ],
			[ -5, -12 ],
			[ -1, -9 ],
			[ 1, -13 ],
			[ -11, 2 ],
			[ -15, 3 ],
			[ -18, 2 ],
			[ -15, 1 ],
			[ -8, -0 ],
			[ -31, -2 ],
			[ -9, -1 ],
			[ -14, -4 ],
			[ -15, -6 ],
			[ -21, -11 ],
			[ -7, -8 ],
			[ -3, -4 ],
			[ -2, -7 ],
			[ 3, -29 ],
			[ -1, -5 ],
			[ -3, -8 ],
			[ -8, -10 ],
			[ -31, -22 ],
			[ -21, -0 ],
			[ -20, 2 ],
			[ -31, 9 ],
			[ -7, 1 ],
			[ -27, 7 ],
			[ -16, 2 ],
			[ -11, -2 ],
			[ -4, -2 ],
			[ -2, -3 ],
			[ -3, -4 ],
			[ -2, -5 ],
			[ -3, -5 ],
			[ -1, -3 ],
			[ 3, -22 ],
			[ 1, -6 ],
			[ 0, -21 ],
			[ -0, -22 ],
			[ -4, -18 ],
			[ -15, 6 ],
			[ -8, 3 ],
			[ -1, 0 ],
			[ -14, 3 ],
			[ -4, 1 ],
			[ -7, 1 ],
			[ -0, 0 ],
			[ -1, 0 ],
			[ -15, 2 ],
			[ -5, 0 ],
			[ -7, 0 ],
			[ -5, 0 ],
			[ -18, 1 ],
			[ -14, 1 ],
			[ -3, 0 ],
			[ -4, 1 ],
			[ -10, 1 ],
			[ -18, 2 ],
			[ -5, 1 ],
			[ -6, 2 ],
			[ -5, 1 ],
			[ -6, 2 ],
			[ -6, 2 ],
			[ -11, 5 ],
			[ -30, 9 ],
			[ -11, 3 ],
			[ -14, 4 ],
			[ -8, 2 ],
			[ -19, 2 ],
			[ -23, 6 ],
			[ -48, 14 ],
			[ -11, 1 ],
			[ -4, 0 ],
			[ -12, 4 ],
			[ -3, 1 ],
			[ -3, 0 ],
			[ -14, 2 ],
			[ -3, 0 ],
			[ -8, 0 ],
			[ -7, 0 ],
			[ -16, 1 ],
			[ -2, 0 ],
			[ -12, 0 ],
			[ -8, 0 ],
			[ -15, 0 ],
			[ -4, 0 ],
			[ -9, 2 ],
			[ -6, 1 ],
			[ -28, 7 ],
			[ -3, 0 ],
			[ -9, -2 ],
			[ -0, -0 ],
			[ -2, -1 ],
			[ -15, 5 ],
			[ -416, 85 ],
			[ -31, -18 ],
			[ -50, -14 ],
			[ -39, -7 ],
			[ -55, -3 ],
			[ -21, -0 ],
			[ -16, 1 ],
			[ -39, -5 ],
			[ -38, -3 ],
			[ -28, -4 ],
			[ -30, -4 ],
			[ -36, -4 ],
			[ -29, -3 ],
			[ -77, 20 ],
			[ -47, 7 ],
			[ -44, 0 ],
			[ -42, 6 ],
			[ -40, 11 ],
			[ -57, 17 ],
			[ -44, 14 ],
			[ -28, 12 ],
			[ -33, 17 ],
			[ -32, 13 ],
			[ -53, 13 ],
			[ -34, 9 ],
			[ -44, 7 ],
			[ -44, 3 ],
			[ -59, 6 ],
			[ -29, -0 ],
			[ -39, 2 ],
			[ -40, 1 ],
			[ -42, 4 ],
			[ -37, 3 ],
			[ -44, 5 ],
			[ -55, 7 ],
			[ -55, 0 ],
			[ -10, 6 ],
			[ -43, 2 ],
			[ -42, 0 ],
			[ -24, -1 ],
			[ -317, -50 ],
			[ -44, -8 ],
			[ -24, -9 ],
			[ -21, -7 ],
			[ -29, -14 ],
			[ -39, -17 ],
			[ -29, -14 ],
			[ -43, -17 ],
			[ -31, -11 ],
			[ -35, -10 ],
			[ -17, 1 ],
			[ -24, 1 ],
			[ -35, -4 ],
			[ -33, -1 ],
			[ -31, -2 ],
			[ -31, -4 ],
			[ -28, -11 ],
			[ -0, -0 ],
			[ -339, 135 ]
		],
		[
			[ 31267, 10105 ],
			[ -932, -583 ],
			[ 252, -106 ],
			[ 319, -151 ],
			[ 294, -138 ],
			[ 598, -282 ],
			[ 69, -32 ],
			[ 52, -24 ],
			[ 358, -167 ],
			[ 268, -125 ],
			[ 48, -23 ],
			[ 309, -146 ],
			[ 240, -113 ],
			[ 107, -37 ],
			[ 155, -49 ],
			[ 95, -22 ],
			[ 124, -16 ],
			[ 141, -14 ],
			[ 134, -3 ],
			[ 132, 10 ],
			[ 33, 3 ],
			[ 156, 20 ],
			[ 189, 42 ],
			[ 215, 47 ],
			[ 7, -43 ],
			[ -9, -50 ],
			[ 24, 2 ],
			[ 50, -17 ],
			[ 203, -69 ],
			[ 4, -1 ],
			[ 249, -92 ],
			[ 6, -2 ],
			[ 97, 8 ],
			[ 46, 4 ],
			[ 46, 4 ],
			[ 7, 1 ],
			[ 175, 15 ]
		],
		[
			[ 20347, 8833 ],
			[ -123, 111 ],
			[ -387, 347 ],
			[ -11, 10 ],
			[ -55, 52 ],
			[ -171, 160 ],
			[ -1, 2 ],
			[ -1, 2 ],
			[ -2, 4 ],
			[ -1, 17 ],
			[ 0, 10 ],
			[ 0, 3 ]
		],
		[
			[ 19595, 9550 ],
			[ -15, -22 ],
			[ -4, -15 ],
			[ -3, -21 ],
			[ -45, 14 ],
			[ -17, 13 ],
			[ -5, 3 ],
			[ -6, 1 ],
			[ -14, -2 ],
			[ -118, -32 ],
			[ -12, 4 ],
			[ -246, -65 ],
			[ -7, -2 ],
			[ -143, -40 ],
			[ -70, -19 ],
			[ -90, -23 ],
			[ -2, -0 ],
			[ -155, -43 ]
		],
		[
			[ 31267, 10105 ],
			[ -135, 54 ],
			[ -55, 118 ],
			[ 13, 15 ],
			[ -148, 235 ],
			[ 39, 52 ],
			[ 35, 45 ],
			[ 17, 33 ],
			[ 20, 39 ],
			[ 12, 23 ],
			[ 66, 100 ],
			[ 34, 74 ],
			[ 14, 22 ],
			[ 20, 41 ],
			[ 13, 36 ],
			[ 6, 30 ],
			[ 7, 32 ],
			[ 11, 39 ],
			[ 16, 51 ],
			[ 8, 19 ],
			[ 9, 20 ],
			[ 13, 25 ],
			[ 13, 22 ],
			[ 21, 34 ],
			[ 54, 86 ],
			[ -223, 44 ]
		],
		[
			[ 31147, 11394 ],
			[ -17, 3 ],
			[ -7, -16 ],
			[ -10, -20 ],
			[ -13, -22 ],
			[ -16, -21 ],
			[ -23, -27 ],
			[ -34, -38 ],
			[ -73, -84 ],
			[ -33, -45 ],
			[ -55, -78 ],
			[ -44, -63 ],
			[ -43, -63 ],
			[ -44, -64 ],
			[ -11, -18 ],
			[ -21, -37 ],
			[ -26, -46 ],
			[ -37, -68 ],
			[ -10, -18 ],
			[ -8, -18 ],
			[ -6, -17 ],
			[ -5, -16 ],
			[ -4, -15 ],
			[ -2, -11 ],
			[ -2, -16 ],
			[ -2, -14 ],
			[ -1, -15 ],
			[ -2, -50 ],
			[ -2, -50 ],
			[ -1, -14 ],
			[ -1, -16 ],
			[ -2, -14 ],
			[ -2, -11 ],
			[ -4, -12 ],
			[ -4, -12 ],
			[ -7, -16 ],
			[ -13, -25 ],
			[ -14, -24 ],
			[ -15, -26 ],
			[ -17, -28 ],
			[ -22, -35 ],
			[ -18, -24 ],
			[ -26, -32 ],
			[ -58, -65 ],
			[ -120, -137 ],
			[ -86, -98 ],
			[ -91, -106 ],
			[ -18, -25 ],
			[ -13, -21 ],
			[ -11, -26 ],
			[ -20, -49 ],
			[ -89, 31 ],
			[ -179, 58 ],
			[ -103, 30 ],
			[ -115, 33 ],
			[ -140, 37 ],
			[ -97, 24 ],
			[ -232, 50 ],
			[ -143, 27 ],
			[ -232, 40 ],
			[ -149, 21 ],
			[ -242, 32 ],
			[ -84, 12 ],
			[ -62, 10 ],
			[ -63, 12 ],
			[ -55, 12 ],
			[ -180, 44 ],
			[ -51, 478 ]
		],
		[
			[ 27815, 10588 ],
			[ -311, -101 ],
			[ -354, -139 ],
			[ -28, -11 ],
			[ -22, -9 ],
			[ -8, -4 ],
			[ -12, -6 ],
			[ -7, -4 ],
			[ -17, -10 ],
			[ -18, -10 ],
			[ -17, -12 ],
			[ -25, -20 ],
			[ -49, -43 ],
			[ -19, -21 ],
			[ -7, -8 ],
			[ -6, -7 ],
			[ -8, -11 ],
			[ -8, -11 ],
			[ -7, -11 ],
			[ -4, -6 ],
			[ -3, -5 ],
			[ -7, -11 ],
			[ -16, -26 ]
		],
		[
			[ 26859, 10102 ],
			[ -357, -687 ],
			[ -2, -3 ]
		],
		[
			[ 32373, 4801 ],
			[ 22, 17 ],
			[ 41, 32 ],
			[ 41, 32 ],
			[ 41, 32 ],
			[ 41, 32 ],
			[ 40, 33 ],
			[ 40, 33 ],
			[ 40, 33 ],
			[ 39, 34 ],
			[ 38, 34 ],
			[ 38, 35 ],
			[ 37, 35 ],
			[ 36, 35 ],
			[ 36, 36 ],
			[ 35, 36 ],
			[ 34, 37 ],
			[ 34, 37 ],
			[ 33, 37 ],
			[ 32, 38 ],
			[ 31, 38 ],
			[ 31, 38 ],
			[ 30, 39 ],
			[ 29, 39 ],
			[ 29, 39 ],
			[ 28, 40 ],
			[ 27, 40 ],
			[ 27, 40 ],
			[ 26, 40 ],
			[ 26, 40 ],
			[ 25, 41 ],
			[ 25, 41 ],
			[ 25, 41 ],
			[ 25, 41 ],
			[ 25, 41 ],
			[ 25, 41 ],
			[ 26, 41 ],
			[ 26, 40 ],
			[ 26, 40 ],
			[ 27, 40 ],
			[ 28, 40 ],
			[ 28, 39 ],
			[ 30, 39 ],
			[ 30, 39 ],
			[ 31, 38 ],
			[ 32, 38 ],
			[ 33, 37 ],
			[ 34, 37 ],
			[ 34, 37 ],
			[ 35, 36 ],
			[ 147, 142 ],
			[ 14, 14 ],
			[ 37, 35 ],
			[ 37, 35 ],
			[ 37, 35 ],
			[ 37, 35 ],
			[ 37, 35 ],
			[ 37, 35 ],
			[ 37, 35 ],
			[ 37, 35 ],
			[ 37, 35 ],
			[ 37, 35 ],
			[ 37, 35 ],
			[ 37, 35 ],
			[ 37, 35 ],
			[ 37, 35 ],
			[ 37, 35 ],
			[ 37, 35 ],
			[ 37, 35 ],
			[ 37, 35 ],
			[ 38, 35 ],
			[ 38, 35 ],
			[ 39, 34 ],
			[ 40, 33 ],
			[ 40, 33 ],
			[ 41, 32 ],
			[ 42, 31 ],
			[ 43, 31 ],
			[ 44, 30 ],
			[ 44, 30 ],
			[ 45, 29 ],
			[ 45, 29 ],
			[ 46, 28 ],
			[ 46, 28 ],
			[ 46, 28 ],
			[ 46, 28 ],
			[ 45, 29 ],
			[ 44, 30 ]
		],
		[
			[ 21874, 9459 ],
			[ -205, 25 ],
			[ -155, 16 ],
			[ -126, 12 ],
			[ -20, 2 ],
			[ -227, 21 ],
			[ -127, 8 ]
		],
		[
			[ 21013, 9543 ],
			[ -119, -19 ],
			[ -199, -35 ],
			[ -141, -22 ],
			[ -189, -30 ],
			[ -29, -4 ],
			[ -34, -2 ],
			[ -28, 1 ],
			[ -28, 4 ],
			[ -76, 15 ],
			[ -135, 41 ],
			[ -17, -32 ],
			[ -8, -13 ]
		],
		[
			[ 20009, 9447 ],
			[ 25, -16 ],
			[ 83, -76 ],
			[ 109, -99 ],
			[ 203, -141 ],
			[ 3, -1 ],
			[ 204, -83 ],
			[ 8, -3 ],
			[ 1, -0 ],
			[ 5, -1 ],
			[ 9, 0 ],
			[ 8, 2 ],
			[ 22, -10 ],
			[ 86, -40 ],
			[ 60, -28 ],
			[ 53, -25 ],
			[ 44, -28 ],
			[ 3, -2 ],
			[ 56, -24 ],
			[ 225, -184 ]
		],
		[
			[ 25467, 9169 ],
			[ -43, -0 ],
			[ -45, -0 ],
			[ -33, 1 ],
			[ -33, 3 ],
			[ -32, 6 ],
			[ -24, 6 ],
			[ -26, 8 ],
			[ -54, 24 ],
			[ -45, 29 ],
			[ -56, 47 ],
			[ -30, 33 ],
			[ -21, 26 ],
			[ -32, 41 ],
			[ -25, -8 ],
			[ -12, -4 ],
			[ -4, 33 ],
			[ -10, 82 ],
			[ -24, 50 ],
			[ -30, 64 ],
			[ -14, 30 ],
			[ -3, 6 ],
			[ -38, 59 ],
			[ -1, 1 ],
			[ -28, 36 ],
			[ -24, 25 ],
			[ -8, 9 ],
			[ -47, -25 ],
			[ -154, -62 ],
			[ -47, -19 ],
			[ -212, -86 ],
			[ -191, -81 ],
			[ -8, -3 ],
			[ -124, -52 ],
			[ -197, -82 ]
		],
		[
			[ 17728, 9460 ],
			[ -37, 8 ],
			[ -164, 70 ],
			[ -154, 64 ],
			[ -154, 62 ],
			[ -157, 241 ],
			[ 49, 96 ],
			[ 91, 184 ],
			[ -249, 2 ],
			[ -21, 0 ],
			[ -86, 1 ],
			[ -246, 4 ]
		],
		[
			[ 16601, 10192 ],
			[ 3, -161 ],
			[ 0, -1 ],
			[ 1, -35 ],
			[ 2, -4 ],
			[ 3, -7 ],
			[ 11, -19 ],
			[ 15, -33 ],
			[ 79, -287 ]
		],
		[
			[ 16601, 10192 ],
			[ 10, 134 ],
			[ 47, 184 ]
		],
		[
			[ 16658, 10511 ],
			[ -248, -101 ],
			[ -136, -50 ],
			[ -336, -123 ],
			[ -322, -115 ],
			[ -138, -49 ],
			[ -374, -133 ],
			[ -61, -41 ],
			[ -333, -185 ]
		],
		[
			[ 23792, 9366 ],
			[ -25, 36 ],
			[ -29, 42 ],
			[ -3, 5 ],
			[ -49, 64 ],
			[ -43, 60 ],
			[ -26, 43 ],
			[ -25, 46 ],
			[ -3, 7 ],
			[ -2, 8 ],
			[ 0, 7 ],
			[ 4, 13 ],
			[ 48, 118 ],
			[ 1, 2 ],
			[ 7, 15 ],
			[ 10, 22 ],
			[ 70, 168 ],
			[ -63, -3 ],
			[ -66, -1 ],
			[ -9, -0 ],
			[ -11, 0 ],
			[ -21, 1 ],
			[ -16, 2 ],
			[ -3, 1 ],
			[ -10, 2 ],
			[ -13, 3 ],
			[ -14, 3 ],
			[ 107, 97 ],
			[ 9, 9 ],
			[ 122, 115 ],
			[ 117, 112 ],
			[ 13, 15 ],
			[ 13, 26 ]
		],
		[
			[ 23882, 10402 ],
			[ -388, 136 ],
			[ -228, 60 ],
			[ -240, 62 ]
		],
		[
			[ 23026, 10661 ],
			[ -28, -123 ],
			[ -47, -90 ],
			[ -114, -185 ],
			[ -47, -76 ],
			[ -11, -17 ],
			[ -32, -52 ],
			[ -101, -160 ],
			[ -5, -7 ],
			[ -38, -61 ],
			[ -0, -0 ],
			[ -47, -106 ],
			[ -37, -73 ],
			[ -33, -65 ]
		],
		[
			[ 26859, 10102 ],
			[ -101, -2 ],
			[ -44, 1 ],
			[ -35, 1 ],
			[ -32, 2 ],
			[ -83, 8 ],
			[ -93, 16 ],
			[ -84, 19 ],
			[ -57, 17 ],
			[ -105, 36 ],
			[ -89, 31 ]
		],
		[
			[ 26137, 10231 ],
			[ -211, -386 ],
			[ -73, -134 ],
			[ -84, -155 ],
			[ -44, -59 ],
			[ -47, -60 ],
			[ -30, -37 ],
			[ -35, -38 ],
			[ -26, -27 ],
			[ -18, -20 ],
			[ -21, -26 ],
			[ -18, -24 ],
			[ -24, -35 ],
			[ -39, -61 ]
		],
		[
			[ 18503, 10224 ],
			[ -69, -32 ],
			[ -11, -4 ],
			[ -9, -1 ],
			[ -11, 0 ],
			[ -63, 4 ],
			[ -52, 2 ],
			[ -26, -3 ],
			[ -105, -33 ],
			[ -9, -11 ]
		],
		[
			[ 18148, 10145 ],
			[ 5, -18 ],
			[ -11, -55 ],
			[ -69, -135 ],
			[ -20, -18 ],
			[ -5, -9 ],
			[ -67, -79 ],
			[ -95, -121 ],
			[ -13, -15 ],
			[ -82, -102 ],
			[ -63, -134 ]
		],
		[
			[ 19595, 9550 ],
			[ 4, 5 ],
			[ 0, 0 ],
			[ 13, 16 ],
			[ 27, 23 ],
			[ 71, 43 ]
		],
		[
			[ 19710, 9637 ],
			[ -17, 26 ],
			[ 9, 39 ]
		],
		[
			[ 19702, 9701 ],
			[ -212, 86 ],
			[ -169, 73 ],
			[ -105, 52 ],
			[ -182, 94 ],
			[ -40, 19 ],
			[ -99, 51 ],
			[ -151, 62 ],
			[ -133, 47 ],
			[ -107, 38 ]
		],
		[
			[ 26137, 10231 ],
			[ -46, 15 ],
			[ -56, 16 ],
			[ -42, 12 ],
			[ -90, 19 ],
			[ -73, 10 ],
			[ -78, 7 ],
			[ -45, 1 ],
			[ -0, -0 ],
			[ -59, 1 ],
			[ -95, -5 ],
			[ -37, -2 ],
			[ -70, -10 ],
			[ -40, -6 ],
			[ -263, -37 ],
			[ -155, -13 ],
			[ -186, -4 ],
			[ -194, 9 ],
			[ -122, 14 ],
			[ -131, 21 ],
			[ -67, 13 ],
			[ -39, 7 ],
			[ -125, 31 ],
			[ -241, 73 ]
		],
		[
			[ 21013, 9543 ],
			[ 42, 70 ],
			[ 151, 209 ],
			[ 57, 104 ],
			[ 4, 7 ],
			[ -57, 153 ],
			[ -91, 254 ]
		],
		[
			[ 21119, 10340 ],
			[ -58, 160 ],
			[ -9, 27 ],
			[ -81, 224 ],
			[ -34, 96 ],
			[ -17, 52 ],
			[ -20, 61 ]
		],
		[
			[ 20900, 10959 ],
			[ -125, -24 ],
			[ -123, -26 ],
			[ -65, -11 ],
			[ -136, -22 ],
			[ -12, -2 ],
			[ -17, -3 ],
			[ -44, -8 ],
			[ -68, -12 ],
			[ -5, -1 ],
			[ -279, -58 ],
			[ -348, -48 ],
			[ -90, -18 ]
		],
		[
			[ 19587, 10727 ],
			[ 12, -45 ],
			[ -19, -40 ],
			[ -31, -154 ],
			[ -12, -60 ],
			[ -4, -46 ],
			[ 20, -75 ],
			[ 24, -110 ],
			[ 30, -140 ],
			[ 25, -117 ],
			[ 28, -127 ],
			[ 15, -49 ],
			[ 28, -63 ]
		],
		[
			[ 19710, 9637 ],
			[ 35, -29 ],
			[ 11, -4 ],
			[ 22, -12 ],
			[ 35, -23 ],
			[ 57, -43 ],
			[ 4, 3 ],
			[ 33, -24 ],
			[ 72, -40 ],
			[ 29, -18 ]
		],
		[
			[ 23026, 10661 ],
			[ -422, 99 ],
			[ -211, 55 ],
			[ -397, 98 ]
		],
		[
			[ 21996, 10912 ],
			[ -4, -45 ],
			[ -21, -279 ],
			[ -12, -138 ]
		],
		[
			[ 21959, 10450 ],
			[ -2, -20 ],
			[ -1, -7 ],
			[ -16, -178 ],
			[ -15, -160 ],
			[ -4, -49 ],
			[ -8, -104 ],
			[ -12, -157 ],
			[ -10, -133 ],
			[ -18, -183 ]
		],
		[
			[ 21959, 10450 ],
			[ -220, 11 ],
			[ -3, -30 ],
			[ -320, -44 ],
			[ -17, -2 ],
			[ -2, -0 ],
			[ -144, -21 ],
			[ -135, -25 ]
		],
		[
			[ 18303, 10822 ],
			[ -200, 126 ],
			[ -224, 141 ],
			[ -72, 48 ]
		],
		[
			[ 17806, 11137 ],
			[ -2, -1 ],
			[ -25, -13 ],
			[ -56, -33 ],
			[ -132, -78 ],
			[ -13, -13 ],
			[ -16, -15 ],
			[ -5, -8 ],
			[ -51, -34 ],
			[ -161, -107 ],
			[ -0, -0 ],
			[ -47, -5 ],
			[ -82, -1 ],
			[ -126, -6 ]
		],
		[
			[ 17090, 10822 ],
			[ -213, -3 ],
			[ -1, -1 ],
			[ -10, -18 ],
			[ -10, -17 ],
			[ -30, -43 ],
			[ -37, -35 ],
			[ -44, -35 ],
			[ -33, -19 ],
			[ -21, -12 ],
			[ -11, -42 ],
			[ -22, -86 ]
		],
		[
			[ 18148, 10145 ],
			[ -25, 6 ],
			[ -53, 14 ],
			[ 14, 39 ],
			[ 8, 41 ],
			[ -16, 22 ],
			[ -24, 54 ],
			[ -5, 3 ],
			[ -7, 0 ],
			[ -6, 1 ],
			[ -20, 25 ],
			[ 13, 39 ],
			[ -7, 36 ],
			[ 12, 4 ],
			[ -5, 39 ],
			[ -0, 2 ],
			[ -4, 24 ],
			[ 2, 9 ],
			[ 3, 10 ],
			[ 9, 58 ],
			[ -20, 3 ],
			[ 26, 45 ],
			[ 5, 9 ],
			[ 2, 4 ],
			[ 26, 49 ],
			[ 5, 28 ],
			[ 14, 46 ],
			[ 9, 24 ],
			[ -20, 37 ],
			[ 178, -6 ],
			[ 41, 11 ]
		],
		[
			[ 19587, 10727 ],
			[ -121, -14 ],
			[ -125, -23 ],
			[ -99, -23 ],
			[ -151, 54 ],
			[ -162, 48 ]
		],
		[
			[ 18929, 10769 ],
			[ -6, -47 ],
			[ 16, -76 ],
			[ 27, -63 ],
			[ -25, -10 ],
			[ -33, -39 ],
			[ -54, -81 ],
			[ -14, -17 ],
			[ -20, -17 ],
			[ -20, -15 ],
			[ -25, -17 ],
			[ -15, -10 ],
			[ -66, -47 ],
			[ -53, -41 ],
			[ -57, -45 ],
			[ -15, 3 ],
			[ -9, 5 ],
			[ -7, 10 ],
			[ -49, -40 ]
		],
		[
			[ 18737, 10795 ],
			[ -325, 25 ],
			[ -42, 3 ],
			[ -31, 0 ],
			[ -36, -1 ]
		],
		[
			[ 18929, 10769 ],
			[ -0, 0 ],
			[ -68, 16 ],
			[ -44, 7 ],
			[ -44, 2 ],
			[ -35, 1 ]
		],
		[
			[ 21996, 10912 ],
			[ -384, 20 ],
			[ -155, 7 ],
			[ -161, 8 ],
			[ -152, 7 ],
			[ -141, 6 ],
			[ -4, 0 ],
			[ -46, 1 ],
			[ -53, -2 ]
		],
		[
			[ 26859, 10102 ],
			[ -100, 170 ],
			[ -26, 37 ],
			[ -27, 37 ],
			[ -21, 32 ],
			[ -22, 30 ],
			[ -50, 72 ],
			[ -102, 136 ],
			[ -26, 44 ],
			[ -6, 9 ],
			[ -13, 19 ],
			[ -16, 21 ],
			[ -11, 16 ],
			[ -83, 113 ],
			[ -76, 106 ],
			[ -43, 60 ]
		],
		[
			[ 26236, 11005 ],
			[ -82, 113 ],
			[ -99, 123 ]
		],
		[
			[ 26055, 11241 ],
			[ -99, 151 ],
			[ -12, 18 ],
			[ -54, 71 ],
			[ -64, 89 ],
			[ -57, 80 ],
			[ -37, 52 ],
			[ -38, 52 ],
			[ -8, 11 ],
			[ -26, 35 ],
			[ -71, 97 ],
			[ -63, 89 ],
			[ -13, 19 ],
			[ -8, 11 ],
			[ -52, 72 ],
			[ -41, 58 ],
			[ -31, 44 ],
			[ -52, 69 ],
			[ -88, 122 ],
			[ -146, 202 ]
		],
		[
			[ 25093, 12582 ],
			[ -145, -58 ],
			[ -47, -24 ],
			[ -30, -15 ],
			[ -103, -50 ],
			[ -150, -73 ],
			[ -140, -68 ],
			[ -76, -37 ],
			[ -49, -23 ],
			[ -14, -7 ],
			[ -77, -37 ],
			[ -86, -43 ],
			[ -50, -22 ],
			[ -54, -20 ]
		],
		[
			[ 24072, 12105 ],
			[ 208, -271 ],
			[ 4, -20 ],
			[ 34, -169 ],
			[ 22, -111 ],
			[ -2, -13 ],
			[ -11, -71 ],
			[ 611, -332 ],
			[ 64, -35 ],
			[ 323, -173 ],
			[ 101, -55 ],
			[ 388, -210 ],
			[ 89, -50 ],
			[ 180, -125 ],
			[ 36, -22 ],
			[ 97, -69 ],
			[ -81, -148 ]
		],
		[
			[ 27815, 10588 ],
			[ -39, 329 ],
			[ -19, 154 ],
			[ -1, 4 ],
			[ -24, 240 ],
			[ 6, 47 ],
			[ 4, 32 ],
			[ 33, 159 ],
			[ 12, 61 ],
			[ 6, 37 ],
			[ 4, 44 ]
		],
		[
			[ 27797, 11694 ],
			[ -23, -38 ],
			[ -127, -116 ],
			[ -74, 46 ],
			[ -19, 4 ],
			[ -4, 1 ],
			[ -161, 1 ]
		],
		[
			[ 27389, 11593 ],
			[ -292, -109 ],
			[ -23, -13 ],
			[ -259, -145 ],
			[ 44, -60 ],
			[ -162, -67 ],
			[ -153, -64 ],
			[ -175, -75 ],
			[ -29, -12 ],
			[ -104, -44 ]
		],
		[
			[ 19587, 10727 ],
			[ 178, 381 ],
			[ 59, 132 ],
			[ 27, 80 ]
		],
		[
			[ 19850, 11319 ],
			[ -94, 22 ],
			[ -246, 122 ],
			[ -127, 64 ],
			[ -64, 30 ]
		],
		[
			[ 19320, 11557 ],
			[ -137, 30 ],
			[ -228, 48 ],
			[ -254, 55 ],
			[ -46, 8 ]
		],
		[
			[ 18655, 11699 ],
			[ 74, -181 ],
			[ 50, -120 ],
			[ 27, -68 ],
			[ 15, -46 ],
			[ 0, -1 ],
			[ 8, -72 ],
			[ 1, -25 ],
			[ 0, -13 ],
			[ 1, -19 ],
			[ -4, -48 ],
			[ -1, -8 ],
			[ -11, -49 ],
			[ -12, -51 ],
			[ -5, -16 ],
			[ -20, -56 ],
			[ -47, -123 ],
			[ 5, -9 ]
		],
		[
			[ 17806, 11137 ],
			[ -81, 87 ],
			[ -75, 106 ],
			[ -72, 105 ],
			[ -72, 106 ],
			[ -24, 32 ],
			[ -40, 54 ],
			[ -107, 145 ],
			[ -60, 83 ],
			[ -3, 5 ]
		],
		[
			[ 17273, 11858 ],
			[ -76, 103 ],
			[ -18, 24 ],
			[ -31, 42 ],
			[ -13, 18 ],
			[ -35, 48 ],
			[ 35, 9 ],
			[ 34, 1 ],
			[ 4, 0 ],
			[ -117, 168 ],
			[ 14, 76 ]
		],
		[
			[ 17069, 12347 ],
			[ -157, 20 ]
		],
		[
			[ 16912, 12367 ],
			[ 31, -67 ],
			[ 5, -11 ],
			[ -219, -92 ],
			[ -232, -100 ],
			[ -13, -6 ],
			[ -108, -47 ],
			[ 201, -211 ],
			[ 26, -27 ],
			[ 5, -6 ],
			[ 28, -28 ],
			[ 29, -29 ],
			[ 60, -62 ],
			[ 120, -125 ],
			[ 76, -79 ],
			[ 85, -88 ],
			[ 48, -50 ],
			[ 5, -1 ],
			[ 114, -26 ],
			[ 40, -9 ],
			[ 58, -13 ],
			[ 140, -143 ],
			[ 9, -9 ],
			[ -57, -65 ],
			[ -11, -9 ],
			[ -25, -21 ],
			[ -71, -58 ],
			[ -1, -1 ],
			[ -4, -1 ],
			[ -5, -1 ],
			[ -13, -1 ],
			[ -12, 0 ],
			[ -8, 1 ],
			[ -10, 1 ],
			[ -14, 5 ],
			[ -41, 29 ],
			[ -35, 25 ],
			[ -67, 30 ],
			[ -95, -9 ],
			[ 43, -47 ],
			[ 37, -40 ],
			[ 58, -62 ],
			[ 2, -92 ]
		],
		[
			[ 31147, 11394 ],
			[ 19, 54 ],
			[ 9, 27 ],
			[ 27, 76 ],
			[ 16, 46 ],
			[ 24, 66 ],
			[ 3, 11 ],
			[ 17, 86 ],
			[ -65, 15 ],
			[ -13, 40 ],
			[ -16, 28 ],
			[ -59, 80 ],
			[ -128, 184 ],
			[ 1, 47 ],
			[ 401, 48 ],
			[ -7, 55 ],
			[ -8, 37 ],
			[ -10, 30 ],
			[ -8, 26 ],
			[ -10, 28 ],
			[ -16, 34 ],
			[ -25, 55 ],
			[ 214, 93 ],
			[ 525, -146 ],
			[ 92, 51 ],
			[ 45, 30 ],
			[ 39, 20 ],
			[ 46, 21 ],
			[ 13, 4 ],
			[ 40, 13 ],
			[ 30, 8 ],
			[ 27, 7 ],
			[ 46, 15 ],
			[ 65, 16 ]
		],
		[
			[ 32483, 12599 ],
			[ -6, 0 ],
			[ -269, 16 ],
			[ -217, 13 ],
			[ -118, 6 ],
			[ -275, 14 ],
			[ -62, 4 ],
			[ -37, 4 ],
			[ -63, 11 ],
			[ -45, 13 ],
			[ -35, 13 ],
			[ -42, 19 ],
			[ -31, 17 ],
			[ -34, 20 ],
			[ -52, 32 ],
			[ -35, 22 ],
			[ -105, 61 ],
			[ -70, 33 ],
			[ -37, 15 ],
			[ -37, 11 ],
			[ -25, 6 ],
			[ -38, 8 ],
			[ -44, 6 ],
			[ -46, 4 ],
			[ -19, 2 ],
			[ -87, 8 ],
			[ -96, 9 ],
			[ -171, 15 ],
			[ -31, 3 ],
			[ -594, 55 ],
			[ -52, 3 ],
			[ -25, 2 ],
			[ -102, 9 ],
			[ -41, 4 ],
			[ -57, 6 ],
			[ -52, 8 ],
			[ -37, 8 ],
			[ -40, 12 ],
			[ -33, 13 ],
			[ -27, 13 ],
			[ -21, 11 ],
			[ -21, 13 ],
			[ -41, 25 ],
			[ -89, 57 ],
			[ -80, 51 ],
			[ -94, 60 ],
			[ -89, 57 ],
			[ -50, 32 ],
			[ -21, 14 ],
			[ -60, 42 ],
			[ -24, 19 ],
			[ -13, 12 ],
			[ -33, 32 ],
			[ -21, 26 ],
			[ -22, 32 ],
			[ -14, 27 ],
			[ -2, 4 ],
			[ -17, 39 ],
			[ -9, 30 ],
			[ -8, 35 ],
			[ -9, 47 ]
		],
		[
			[ 28556, 13782 ],
			[ -135, -15 ],
			[ -71, -6 ],
			[ -39, -2 ]
		],
		[
			[ 28311, 13759 ],
			[ 70, -159 ],
			[ 2, -11 ],
			[ -73, -84 ],
			[ 297, -530 ],
			[ 38, -78 ],
			[ 10, -58 ],
			[ -11, -66 ],
			[ -23, -41 ],
			[ -193, -235 ],
			[ -48, -55 ],
			[ -23, -16 ],
			[ -44, 67 ],
			[ -284, -130 ],
			[ -73, -40 ],
			[ -23, -8 ],
			[ -41, -9 ],
			[ -215, -54 ]
		],
		[
			[ 27677, 12254 ],
			[ 15, -64 ],
			[ 30, -131 ],
			[ 68, -301 ],
			[ 1, -11 ],
			[ 5, -52 ]
		],
		[
			[ 18655, 11699 ],
			[ -124, 18 ],
			[ -216, 36 ]
		],
		[
			[ 18315, 11754 ],
			[ -161, 15 ],
			[ -30, 3 ],
			[ -111, 10 ],
			[ -168, 17 ],
			[ -136, 14 ]
		],
		[
			[ 17710, 11813 ],
			[ -166, 17 ],
			[ -111, 12 ],
			[ -160, 17 ]
		],
		[
			[ 24072, 12105 ],
			[ -42, -7 ],
			[ -16, -2 ],
			[ -150, -21 ],
			[ -192, -28 ],
			[ -18, -3 ],
			[ -87, -12 ],
			[ -88, -12 ],
			[ -86, -11 ],
			[ -36, -5 ]
		],
		[
			[ 23358, 12005 ],
			[ -156, -20 ],
			[ -16, -2 ],
			[ -266, -35 ],
			[ -107, -12 ]
		],
		[
			[ 22815, 11935 ],
			[ 22, -196 ],
			[ 48, -252 ],
			[ 46, -243 ],
			[ 11, -68 ],
			[ 39, -237 ],
			[ 46, -279 ]
		],
		[
			[ 20900, 10959 ],
			[ -39, 107 ],
			[ 15, 197 ],
			[ 2, 30 ],
			[ 10, 113 ],
			[ 13, 139 ],
			[ 10, 140 ]
		],
		[
			[ 20912, 11686 ],
			[ -399, 19 ],
			[ -111, 6 ],
			[ -106, 6 ],
			[ -336, 15 ]
		],
		[
			[ 19961, 11732 ],
			[ -36, -139 ],
			[ -36, -137 ],
			[ -39, -136 ]
		],
		[
			[ 22815, 11935 ],
			[ -104, -12 ],
			[ -21, -4 ],
			[ -11, -2 ],
			[ -8, -2 ],
			[ -22, -5 ],
			[ -145, -70 ],
			[ -110, -56 ],
			[ -13, -6 ],
			[ -212, -103 ],
			[ -143, -69 ]
		],
		[
			[ 22027, 11606 ],
			[ 20, -115 ],
			[ -13, -139 ],
			[ -7, -90 ],
			[ -2, -22 ],
			[ -7, -64 ],
			[ -1, -11 ],
			[ -4, -66 ],
			[ -1, -11 ],
			[ -16, -176 ]
		],
		[
			[ 22027, 11606 ],
			[ -42, 24 ]
		],
		[
			[ 21985, 11630 ],
			[ -259, 14 ],
			[ -59, 3 ],
			[ -151, 9 ],
			[ -160, 7 ],
			[ -152, 7 ],
			[ -142, 6 ],
			[ -150, 9 ]
		],
		[
			[ 16912, 12367 ],
			[ -186, 93 ],
			[ -146, 76 ],
			[ -190, -78 ],
			[ -135, -57 ],
			[ -159, -38 ],
			[ -297, -71 ],
			[ -239, -62 ],
			[ -59, -13 ],
			[ -28, -4 ],
			[ -32, 0 ],
			[ -80, 4 ],
			[ -62, 4 ],
			[ -118, 8 ],
			[ -52, 6 ],
			[ -63, 13 ],
			[ -61, 25 ],
			[ -56, 35 ],
			[ -36, 31 ],
			[ -30, 34 ],
			[ -28, 32 ],
			[ -87, 111 ],
			[ -47, 51 ],
			[ -57, 48 ],
			[ -53, 40 ],
			[ -70, 52 ],
			[ -224, 168 ],
			[ -288, 212 ],
			[ -42, 26 ],
			[ -58, 29 ],
			[ -98, 43 ],
			[ -279, 126 ],
			[ -133, 59 ],
			[ -137, 61 ],
			[ -153, 70 ],
			[ -150, 66 ],
			[ -221, 99 ],
			[ -66, 32 ],
			[ -32, 18 ],
			[ -24, 19 ],
			[ -12, 11 ]
		],
		[
			[ 12621, 13748 ],
			[ -254, -96 ],
			[ -101, -42 ],
			[ -62, -34 ],
			[ -387, -330 ],
			[ -5, -47 ]
		],
		[
			[ 11811, 13199 ],
			[ 2, 0 ],
			[ 0, -120 ],
			[ 1, -265 ],
			[ 1, -196 ],
			[ 0, -132 ],
			[ 1, -149 ],
			[ 0, -57 ],
			[ 2, -545 ],
			[ -44, -27 ],
			[ -74, -46 ],
			[ -54, -34 ],
			[ -107, -67 ],
			[ -25, -14 ],
			[ -48, -30 ],
			[ -26, -17 ],
			[ -58, -35 ],
			[ -48, -30 ],
			[ -28, -18 ],
			[ -94, -59 ],
			[ -71, -43 ],
			[ -155, -96 ],
			[ -1, -2 ],
			[ -64, -124 ],
			[ -10, -21 ],
			[ -16, -28 ],
			[ -32, -63 ],
			[ -3, -12 ],
			[ -16, -68 ],
			[ -22, -91 ],
			[ -7, -27 ],
			[ -24, -101 ],
			[ -14, -58 ],
			[ -18, -77 ],
			[ 0, -1 ],
			[ 29, -116 ],
			[ 35, -140 ],
			[ 17, -71 ],
			[ 114, -212 ],
			[ 25, -141 ],
			[ 3, -20 ],
			[ 55, -234 ],
			[ 24, -58 ],
			[ 1, -3 ],
			[ 5, -8 ],
			[ 65, -116 ],
			[ 79, -109 ],
			[ 53, -125 ],
			[ 75, -77 ],
			[ 125, -116 ],
			[ -22, -179 ]
		],
		[
			[ 27389, 11593 ],
			[ -55, 153 ],
			[ -224, -21 ],
			[ -166, -15 ],
			[ -51, -6 ],
			[ -21, -3 ],
			[ -12, -4 ],
			[ -3, -2 ],
			[ -13, -4 ],
			[ -75, -36 ],
			[ -139, -64 ],
			[ -1, -1 ],
			[ -22, -15 ],
			[ -79, -86 ],
			[ -69, -74 ],
			[ -8, -6 ],
			[ -14, -9 ],
			[ -19, -10 ],
			[ -47, -21 ],
			[ -49, 65 ]
		],
		[
			[ 26323, 11435 ],
			[ -268, -194 ]
		],
		[
			[ 26323, 11435 ],
			[ 52, 38 ],
			[ 134, 102 ],
			[ 48, 39 ],
			[ 27, 22 ],
			[ 2, 4 ],
			[ 52, 76 ],
			[ 94, 385 ],
			[ 67, 26 ],
			[ 59, 24 ],
			[ 81, 18 ],
			[ 72, 3 ],
			[ 110, -1 ],
			[ 87, -1 ],
			[ 78, 0 ],
			[ 70, 10 ],
			[ 58, 13 ],
			[ 118, 27 ],
			[ 146, 33 ]
		],
		[
			[ 27677, 12254 ],
			[ -18, 78 ],
			[ -3, 14 ],
			[ -8, 16 ],
			[ -79, 148 ],
			[ -58, 104 ],
			[ -44, 79 ],
			[ -28, 48 ],
			[ -54, 101 ],
			[ -49, 87 ],
			[ -131, 234 ]
		],
		[
			[ 27206, 13163 ],
			[ -78, -27 ],
			[ -246, -68 ],
			[ -336, -91 ],
			[ -214, -59 ],
			[ -247, -68 ],
			[ -254, -70 ],
			[ -146, -39 ],
			[ -74, -20 ],
			[ -120, -33 ],
			[ -143, -39 ]
		],
		[
			[ 25349, 12651 ],
			[ -256, -69 ]
		],
		[
			[ 19961, 11732 ],
			[ 31, 123 ],
			[ 58, 228 ],
			[ 4, 15 ],
			[ -34, 212 ],
			[ -2, 3 ],
			[ -61, 90 ],
			[ -133, 188 ]
		],
		[
			[ 19824, 12592 ],
			[ -218, 14 ],
			[ -339, 16 ],
			[ -149, 7 ],
			[ -75, 4 ],
			[ -79, 4 ],
			[ -94, 5 ]
		],
		[
			[ 18869, 12642 ],
			[ 76, -177 ],
			[ 40, -94 ],
			[ 36, -84 ],
			[ 60, -144 ],
			[ 42, -99 ],
			[ 10, -22 ],
			[ 25, -57 ],
			[ 38, -86 ],
			[ 49, -115 ],
			[ 69, -161 ],
			[ 3, -46 ]
		],
		[
			[ 20983, 12538 ],
			[ -13, -150 ],
			[ -10, -117 ],
			[ -8, -107 ],
			[ -8, -106 ],
			[ -11, -127 ],
			[ -21, -245 ]
		],
		[
			[ 21985, 11630 ],
			[ -106, 130 ],
			[ -68, 78 ],
			[ -114, 131 ],
			[ -115, 139 ],
			[ -24, 29 ],
			[ -144, 142 ],
			[ -94, 93 ],
			[ -90, 88 ],
			[ -76, 74 ]
		],
		[
			[ 21153, 12534 ],
			[ -18, -1 ],
			[ -1, -0 ],
			[ -39, -1 ],
			[ -112, 5 ]
		],
		[
			[ 18869, 12642 ],
			[ -81, 5 ],
			[ -316, 14 ]
		],
		[
			[ 18472, 12661 ],
			[ -1, -150 ],
			[ -1, -42 ],
			[ -2, -72 ],
			[ -4, -114 ],
			[ -6, -133 ],
			[ -17, -46 ],
			[ -61, -167 ],
			[ -40, -112 ],
			[ -25, -71 ]
		],
		[
			[ 22815, 11935 ],
			[ 62, 252 ],
			[ 17, 72 ],
			[ 11, 46 ],
			[ 8, 47 ],
			[ 11, 66 ],
			[ 2, 15 ]
		],
		[
			[ 22927, 12432 ],
			[ 9, 53 ],
			[ 1, 6 ],
			[ 19, 129 ],
			[ 10, 66 ],
			[ 1, 31 ],
			[ 6, 126 ],
			[ -1, 18 ],
			[ -1, 15 ],
			[ -7, 91 ],
			[ -4, 40 ],
			[ -13, 49 ],
			[ -27, 66 ],
			[ -37, 66 ],
			[ -48, 66 ]
		],
		[
			[ 22836, 13254 ],
			[ -206, -71 ],
			[ -160, -58 ],
			[ -3, -1 ],
			[ -97, -46 ],
			[ -84, -47 ],
			[ -70, -42 ],
			[ -163, -95 ],
			[ -134, -78 ],
			[ -32, -17 ],
			[ -38, -19 ],
			[ -44, -18 ],
			[ -39, -14 ],
			[ -51, -15 ],
			[ -52, -13 ],
			[ -99, -18 ],
			[ -112, -20 ],
			[ -27, -6 ],
			[ -18, -5 ],
			[ -22, -8 ],
			[ -17, -7 ],
			[ -63, -38 ],
			[ -110, -68 ],
			[ -39, -16 ]
		],
		[
			[ 20983, 12538 ],
			[ -137, 7 ],
			[ -127, 7 ],
			[ -135, 6 ],
			[ -108, 5 ],
			[ -100, 5 ],
			[ -106, 5 ],
			[ -446, 18 ]
		],
		[
			[ 18472, 12661 ],
			[ -226, 7 ],
			[ -55, 2 ],
			[ -124, 4 ],
			[ -166, 6 ],
			[ -118, 5 ]
		],
		[
			[ 17783, 12684 ],
			[ -10, -135 ],
			[ -11, -124 ],
			[ -9, -107 ],
			[ -8, -110 ],
			[ -11, -119 ],
			[ -10, -122 ],
			[ -14, -155 ]
		],
		[
			[ 17783, 12684 ],
			[ -172, 9 ],
			[ -126, 6 ],
			[ -110, 5 ],
			[ -117, 6 ],
			[ -125, 6 ]
		],
		[
			[ 17132, 12716 ],
			[ -44, -259 ],
			[ -5, -27 ],
			[ -15, -83 ]
		],
		[
			[ 25349, 12651 ],
			[ -112, 155 ],
			[ -73, 100 ],
			[ -21, 29 ],
			[ -84, 117 ]
		],
		[
			[ 25060, 13052 ],
			[ -158, -65 ],
			[ -76, -31 ],
			[ -248, -107 ],
			[ -20, -9 ],
			[ -105, -44 ],
			[ -23, -10 ],
			[ -133, -56 ],
			[ -56, -135 ],
			[ -189, -91 ],
			[ -125, -60 ],
			[ -113, -54 ],
			[ -121, -60 ],
			[ -138, -68 ],
			[ -153, -20 ],
			[ -87, 7 ],
			[ -7, -30 ],
			[ -1, -2 ],
			[ 25, -99 ],
			[ 20, -83 ],
			[ 7, -30 ]
		],
		[
			[ 25060, 13052 ],
			[ -63, 85 ],
			[ -18, 24 ],
			[ -28, 27 ],
			[ -27, 27 ],
			[ -29, 25 ],
			[ -21, 17 ],
			[ -25, 16 ],
			[ -265, 129 ],
			[ -178, 84 ]
		],
		[
			[ 24405, 13484 ],
			[ -220, -272 ],
			[ -64, -77 ],
			[ -76, -98 ],
			[ -94, -103 ],
			[ -35, -101 ],
			[ -11, -32 ],
			[ -8, -4 ],
			[ -4, -2 ],
			[ -42, -25 ],
			[ -27, -16 ],
			[ -42, -20 ],
			[ -71, -35 ],
			[ -202, -98 ],
			[ -15, -9 ],
			[ -33, -89 ],
			[ -18, -49 ],
			[ -47, 20 ],
			[ -142, -83 ],
			[ -131, 17 ],
			[ -198, 24 ]
		],
		[
			[ 26902, 13761 ],
			[ 39, -184 ],
			[ -2, -9 ],
			[ 25, -57 ],
			[ 11, -24 ],
			[ 69, -68 ],
			[ 49, -124 ],
			[ 65, -11 ],
			[ 38, -20 ],
			[ 35, -14 ],
			[ 52, -44 ],
			[ -67, -37 ],
			[ -11, -6 ]
		],
		[
			[ 28311, 13759 ],
			[ -52, -1 ],
			[ -139, 2 ]
		],
		[
			[ 28120, 13760 ],
			[ -132, 2 ],
			[ -571, 2 ],
			[ -188, -1 ],
			[ -326, -1 ]
		],
		[
			[ 24405, 13484 ],
			[ -157, 78 ],
			[ -97, 88 ],
			[ -67, 88 ]
		],
		[
			[ 24084, 13738 ],
			[ -474, -200 ],
			[ -301, -121 ],
			[ -96, -33 ],
			[ -378, -131 ]
		],
		[
			[ 19824, 12592 ],
			[ -40, 123 ],
			[ -67, 205 ],
			[ 53, 496 ]
		],
		[
			[ 19770, 13415 ],
			[ -375, 20 ],
			[ -56, 3 ],
			[ -156, 7 ],
			[ -153, 8 ],
			[ -67, 3 ],
			[ -100, 5 ],
			[ -60, 3 ],
			[ -301, 16 ]
		],
		[
			[ 18501, 13479 ],
			[ -4, -142 ],
			[ -7, -217 ],
			[ -4, -115 ],
			[ -14, -345 ]
		],
		[
			[ 22836, 13254 ],
			[ -59, 106 ],
			[ -28, 71 ],
			[ -21, 60 ],
			[ -20, 69 ],
			[ -27, 79 ],
			[ -14, 48 ],
			[ -4, 15 ],
			[ -24, 104 ],
			[ -26, 123 ],
			[ -6, 36 ],
			[ -23, 144 ]
		],
		[
			[ 22583, 14109 ],
			[ -252, -69 ]
		],
		[
			[ 22331, 14041 ],
			[ 2, -38 ],
			[ 9, -38 ],
			[ 17, -38 ],
			[ 32, -75 ],
			[ 13, -16 ],
			[ -137, -117 ],
			[ -13, -11 ],
			[ -144, -78 ],
			[ -34, -17 ],
			[ -32, -20 ],
			[ -112, -87 ],
			[ -90, -64 ],
			[ -13, -9 ],
			[ -79, -50 ],
			[ -110, -69 ],
			[ -128, -79 ],
			[ -7, -4 ],
			[ -53, -41 ],
			[ -144, -111 ],
			[ -10, -9 ],
			[ -107, -63 ],
			[ -4, -3 ],
			[ -93, -41 ],
			[ -65, 3 ]
		],
		[
			[ 21026, 12964 ],
			[ -11, -98 ],
			[ -20, -180 ],
			[ -12, -149 ]
		],
		[
			[ 18501, 13479 ],
			[ -213, 12 ],
			[ -70, 4 ],
			[ -153, 8 ]
		],
		[
			[ 18065, 13502 ],
			[ -90, 4 ],
			[ -124, -27 ],
			[ -184, -47 ],
			[ -246, -62 ],
			[ -77, 25 ],
			[ -19, 8 ],
			[ -141, 54 ],
			[ -15, 5 ],
			[ -17, 3 ],
			[ -23, 1 ],
			[ -33, -3 ],
			[ -19, -3 ],
			[ -80, -73 ],
			[ -60, -54 ],
			[ -20, -18 ],
			[ -7, -7 ],
			[ -3, -5 ],
			[ -3, -6 ],
			[ -0, -4 ],
			[ -1, -5 ],
			[ 14, -119 ],
			[ 20, -29 ],
			[ 42, -62 ],
			[ 101, -188 ],
			[ 28, -54 ],
			[ 23, -45 ],
			[ 1, -4 ],
			[ 2, -8 ],
			[ 2, -22 ],
			[ -0, -14 ],
			[ -1, -7 ],
			[ -3, -20 ]
		],
		[
			[ 21026, 12964 ],
			[ 28, 253 ],
			[ 27, 242 ],
			[ 23, 206 ],
			[ 34, 296 ]
		],
		[
			[ 21139, 13961 ],
			[ -120, -0 ],
			[ -264, 0 ],
			[ -450, 16 ],
			[ -334, 20 ],
			[ -145, 9 ]
		],
		[
			[ 19826, 14006 ],
			[ -45, -466 ],
			[ -12, -126 ]
		],
		[
			[ 26267, 13746 ],
			[ -138, -4 ],
			[ -75, -2 ],
			[ -103, -4 ],
			[ -124, -4 ],
			[ -128, -14 ],
			[ -153, -24 ],
			[ -90, -14 ],
			[ -71, -12 ],
			[ -63, -9 ],
			[ -36, -4 ],
			[ -56, -4 ],
			[ -65, -0 ],
			[ -69, 3 ],
			[ -184, 26 ],
			[ -292, 47 ],
			[ -108, 18 ],
			[ -124, 20 ],
			[ -98, 11 ],
			[ -64, -2 ],
			[ -58, -11 ],
			[ -55, -15 ],
			[ -0, -0 ],
			[ -29, -8 ]
		],
		[
			[ 26902, 13761 ],
			[ -237, -1 ],
			[ -398, -15 ]
		],
		[
			[ 29571, 13798 ],
			[ -0, -0 ],
			[ -4, 0 ],
			[ -230, 7 ],
			[ -150, 4 ],
			[ -250, 1 ],
			[ -143, -4 ],
			[ -237, -24 ]
		],
		[
			[ 32483, 12599 ],
			[ 14, -2 ],
			[ 56, -4 ],
			[ 56, -6 ],
			[ 58, 0 ],
			[ 62, 0 ],
			[ 60, 2 ],
			[ 45, 7 ],
			[ 34, 6 ],
			[ 29, 8 ],
			[ 49, 18 ],
			[ 40, 9 ],
			[ 36, 24 ],
			[ 38, 16 ],
			[ 88, 42 ],
			[ 113, 51 ],
			[ 106, 50 ],
			[ 37, 16 ],
			[ 81, 37 ],
			[ 96, 45 ],
			[ 86, 28 ],
			[ 53, 15 ],
			[ 75, 17 ],
			[ 60, 12 ],
			[ 37, 4 ],
			[ 33, 3 ],
			[ 452, 56 ],
			[ 385, 101 ],
			[ 53, 101 ],
			[ 285, -32 ],
			[ -43, 70 ],
			[ 282, -30 ],
			[ 59, 25 ],
			[ -50, 152 ],
			[ 35, -11 ],
			[ 31, -3 ],
			[ 39, -5 ],
			[ 40, -4 ],
			[ 22, 1 ],
			[ 21, 3 ],
			[ 27, 4 ],
			[ 20, 3 ],
			[ 31, 8 ],
			[ 156, 39 ],
			[ 14, 6 ],
			[ -19, 21 ],
			[ -34, -9 ]
		],
		[
			[ 35727, 13493 ],
			[ -1, -0 ],
			[ -140, -35 ],
			[ -57, -7 ],
			[ -30, -2 ],
			[ -24, 0 ],
			[ -23, 1 ],
			[ -29, 3 ],
			[ -32, 6 ],
			[ -30, 7 ],
			[ -113, 31 ],
			[ -59, 14 ],
			[ -58, 11 ],
			[ -206, 25 ],
			[ -304, 34 ],
			[ -460, 53 ],
			[ -362, 40 ],
			[ -253, 29 ],
			[ -216, 22 ],
			[ -141, 9 ],
			[ -128, 7 ],
			[ -346, 8 ],
			[ -324, 8 ],
			[ -69, 2 ],
			[ -487, 9 ],
			[ -317, 4 ],
			[ -140, 3 ],
			[ -201, 5 ],
			[ -274, 6 ],
			[ -149, -2 ],
			[ -90, -1 ],
			[ -114, -0 ],
			[ -403, 5 ],
			[ -580, 10 ]
		],
		[
			[ 22331, 14041 ],
			[ -43, -9 ],
			[ -26, -4 ],
			[ -21, -3 ],
			[ -79, -3 ],
			[ -12, 5 ],
			[ -62, 4 ],
			[ -42, 4 ],
			[ -46, 4 ],
			[ -53, 1 ],
			[ -50, -1 ],
			[ -26, -3 ],
			[ -48, -10 ],
			[ -39, -9 ],
			[ -274, -61 ],
			[ -77, 2 ],
			[ -294, 3 ]
		],
		[
			[ 13745, 16635 ],
			[ 0, 4 ],
			[ -205, -22 ],
			[ 1, -3 ],
			[ 1, -6 ],
			[ -54, -5 ],
			[ -28, -3 ],
			[ -8, -1 ],
			[ -5, 13 ],
			[ 1, 12 ],
			[ 0, 1 ],
			[ 0, 20 ],
			[ 7, 14 ],
			[ 7, 20 ],
			[ 1, 5 ],
			[ 4, 18 ],
			[ 4, 17 ],
			[ 0, 12 ],
			[ -1, 1 ],
			[ -5, 2 ],
			[ -4, 1 ],
			[ -2, 0 ],
			[ -3, 0 ],
			[ -3, 0 ],
			[ -3, 1 ],
			[ -2, 1 ],
			[ -0, 1 ],
			[ -2, 2 ],
			[ -2, 1 ],
			[ -2, 1 ],
			[ -6, 2 ],
			[ -4, 1 ],
			[ -17, 4 ],
			[ -9, 4 ],
			[ -6, 3 ],
			[ -10, 4 ],
			[ -3, 1 ],
			[ -4, 1 ],
			[ -5, 1 ],
			[ -15, -1 ],
			[ -4, 0 ],
			[ -6, 2 ],
			[ -6, 2 ],
			[ -2, 0 ],
			[ -3, 0 ],
			[ -1, 0 ],
			[ -2, 0 ],
			[ -4, 0 ],
			[ -1, 0 ],
			[ -1, -0 ],
			[ -5, -1 ],
			[ -10, -1 ],
			[ -1, -0 ],
			[ -6, -1 ],
			[ -2, -1 ],
			[ -2, -1 ],
			[ -3, -3 ],
			[ -0, -3 ],
			[ 0, -8 ],
			[ 0, -1 ],
			[ -6, -4 ],
			[ -8, -2 ],
			[ -1, -0 ],
			[ -5, 0 ],
			[ -3, 0 ],
			[ -6, 2 ],
			[ -3, 1 ],
			[ -1, 1 ],
			[ -13, 11 ],
			[ -14, 12 ],
			[ -5, 1 ],
			[ -9, -0 ],
			[ -9, -1 ],
			[ -2, -0 ],
			[ -7, 0 ],
			[ -3, 0 ],
			[ -7, 0 ],
			[ -9, 2 ],
			[ -2, 2 ],
			[ -0, 0 ],
			[ -2, 1 ],
			[ -4, 1 ],
			[ -2, 0 ],
			[ -5, 1 ],
			[ -16, -2 ],
			[ -1, -0 ],
			[ -7, -2 ],
			[ -15, -4 ],
			[ 12, -41 ],
			[ -2, -17 ],
			[ -3, -9 ],
			[ -1, -4 ],
			[ -9, -14 ],
			[ -10, -16 ],
			[ -4, -8 ],
			[ -3, -7 ],
			[ -0, -2 ],
			[ -4, -17 ],
			[ -35, -372 ],
			[ -3, -9 ],
			[ -2, -6 ],
			[ -5, -10 ],
			[ -2, -3 ],
			[ -3, -3 ],
			[ -6, -7 ],
			[ -3, -2 ],
			[ -6, -4 ],
			[ -11, -5 ],
			[ -1, -1 ],
			[ -12, -4 ],
			[ -16, -2 ],
			[ -14, -0 ],
			[ -19, 2 ],
			[ -2, 0 ],
			[ 8, -4 ],
			[ 51, -23 ],
			[ 14, -8 ],
			[ 8, -8 ],
			[ 8, -14 ],
			[ 3, -18 ],
			[ -3, -78 ],
			[ -10, -1 ],
			[ -3, -0 ],
			[ -19, 1 ],
			[ -10, 4 ],
			[ -6, 2 ],
			[ -3, 1 ],
			[ -6, -0 ],
			[ -3, -0 ],
			[ -12, -2 ],
			[ -4, -1 ],
			[ -5, -2 ],
			[ -8, -3 ],
			[ -6, -2 ],
			[ -10, -5 ],
			[ -10, -1 ],
			[ -4, -2 ],
			[ -2, -1 ],
			[ -1, -1 ],
			[ -10, -8 ],
			[ -6, -3 ],
			[ -6, -3 ],
			[ -11, -2 ],
			[ -3, -1 ],
			[ -3, -0 ],
			[ -6, -0 ],
			[ -13, 2 ],
			[ -12, 1 ],
			[ -3, 0 ],
			[ -1, 0 ],
			[ -14, 2 ],
			[ -9, 0 ],
			[ -33, -2 ],
			[ -26, -0 ],
			[ -50, -1 ],
			[ -41, -1 ],
			[ -30, -1 ],
			[ -14, 0 ],
			[ -10, 2 ],
			[ -8, 1 ],
			[ -18, 4 ],
			[ -26, 6 ],
			[ -10, 1 ],
			[ -8, 0 ],
			[ -15, -0 ],
			[ -5, -0 ],
			[ -6, 2 ],
			[ -12, 8 ],
			[ 5, 87 ],
			[ -8, 1 ],
			[ -224, 53 ]
		],
		[
			[ 12309, 16186 ],
			[ 110, -273 ],
			[ 17, -41 ],
			[ 66, -175 ],
			[ 81, -227 ],
			[ 56, -166 ],
			[ 55, -163 ],
			[ -66, -204 ],
			[ -6, -20 ]
		],
		[
			[ 12621, 14916 ],
			[ 54, -7 ],
			[ -28, -98 ],
			[ 308, -414 ],
			[ 99, -172 ],
			[ 20, -29 ],
			[ 25, -25 ],
			[ 3, -3 ],
			[ 18, -10 ],
			[ 35, -37 ],
			[ 19, -97 ],
			[ -9, -15 ],
			[ -5, -92 ],
			[ -408, -153 ],
			[ -6, 2 ],
			[ -19, 3 ],
			[ -19, 1 ],
			[ -23, -2 ],
			[ -20, -5 ],
			[ -27, -9 ],
			[ -19, -7 ]
		],
		[
			[ 18065, 13502 ],
			[ -58, 87 ],
			[ -8, 13 ],
			[ -90, 143 ],
			[ -32, 50 ],
			[ -10, 5 ],
			[ -5, 2 ],
			[ -65, 103 ],
			[ -74, 117 ],
			[ -21, 11 ],
			[ -133, 64 ],
			[ 59, 88 ],
			[ -11, 26 ],
			[ -11, 21 ],
			[ -12, 23 ],
			[ -10, 28 ],
			[ 26, 57 ],
			[ 67, 100 ],
			[ 69, 103 ]
		],
		[
			[ 17746, 14542 ],
			[ -160, 30 ],
			[ -278, 88 ],
			[ -88, 27 ],
			[ -247, 76 ],
			[ -20, 6 ],
			[ -10, 9 ],
			[ -1, 0 ],
			[ -1, 2 ],
			[ -6, 10 ],
			[ -2, 12 ],
			[ -1, 3 ],
			[ -0, 21 ],
			[ 2, 11 ],
			[ 11, 19 ],
			[ 24, 19 ],
			[ 22, 21 ],
			[ 9, 18 ],
			[ 0, 3 ],
			[ 1, 9 ],
			[ -36, 62 ],
			[ -15, 26 ],
			[ -4, 6 ],
			[ -13, 12 ],
			[ -5, 6 ],
			[ -15, 19 ],
			[ -6, 8 ],
			[ -45, 23 ],
			[ -19, 10 ],
			[ -20, 12 ],
			[ -18, 14 ],
			[ -6, 6 ],
			[ -3, 5 ],
			[ -5, 12 ],
			[ -5, 11 ],
			[ -8, 7 ],
			[ -9, 5 ],
			[ -13, 7 ],
			[ -19, 6 ],
			[ -27, 3 ],
			[ -35, 6 ],
			[ -30, 8 ],
			[ -122, 38 ],
			[ -9, 96 ],
			[ -7, 41 ],
			[ -7, 24 ],
			[ -24, 92 ],
			[ -14, 54 ],
			[ -1, 5 ],
			[ -0, 1 ],
			[ -3, 13 ],
			[ -2, 7 ],
			[ -3, 5 ],
			[ -28, 27 ],
			[ -12, 12 ],
			[ -3, 3 ],
			[ -23, 23 ],
			[ -62, 70 ],
			[ -18, 20 ],
			[ -4, 6 ],
			[ -17, 25 ],
			[ -60, 69 ],
			[ -34, 40 ],
			[ -8, 6 ],
			[ -5, 2 ],
			[ -25, 32 ],
			[ -6, 7 ],
			[ -99, 111 ],
			[ -6, 52 ]
		],
		[
			[ 16043, 16081 ],
			[ -72, -10 ],
			[ -34, -5 ],
			[ -80, -7 ],
			[ -100, -3 ],
			[ -54, 1 ],
			[ -30, 1 ],
			[ -19, 1 ],
			[ -79, 5 ],
			[ -21, 2 ],
			[ -15, 2 ],
			[ -38, 5 ],
			[ -42, 7 ],
			[ -27, 4 ],
			[ -26, 5 ],
			[ -77, 16 ]
		],
		[
			[ 15329, 16104 ],
			[ -29, 7 ],
			[ -161, 38 ],
			[ -181, 42 ],
			[ -91, 21 ],
			[ -55, 11 ],
			[ -47, 6 ],
			[ -11, 1 ],
			[ -5, 0 ],
			[ -79, 4 ],
			[ -97, 2 ],
			[ -42, 1 ],
			[ -104, 2 ],
			[ -102, 1 ],
			[ -56, 1 ],
			[ -36, 1 ],
			[ -68, 0 ],
			[ -17, -1 ],
			[ -42, -6 ],
			[ -25, -4 ],
			[ -22, -4 ],
			[ -25, -6 ],
			[ -25, -9 ],
			[ -15, -6 ],
			[ -19, -9 ],
			[ -13, -7 ],
			[ -12, -7 ],
			[ -13, -8 ],
			[ -15, -11 ],
			[ -13, -10 ],
			[ -11, -10 ],
			[ -9, -9 ],
			[ -13, -15 ],
			[ -8, -11 ],
			[ -11, -15 ],
			[ -9, -16 ],
			[ -10, -22 ],
			[ -10, -30 ],
			[ -3, -24 ],
			[ -0, -23 ],
			[ 3, -29 ],
			[ 23, -97 ],
			[ 6, -27 ],
			[ 5, -19 ],
			[ -27, 53 ],
			[ -13, 43 ],
			[ -63, 206 ],
			[ -12, 52 ],
			[ -3, 15 ],
			[ -2, 12 ],
			[ -4, 21 ],
			[ -7, 40 ],
			[ -12, 107 ],
			[ -4, 56 ],
			[ 3, 43 ],
			[ 3, 26 ],
			[ 21, 156 ]
		],
		[
			[ 19826, 14006 ],
			[ 39, 401 ]
		],
		[
			[ 19865, 14407 ],
			[ -198, 12 ],
			[ -236, 13 ],
			[ -58, 3 ],
			[ -71, 4 ],
			[ -124, 7 ],
			[ -45, 10 ],
			[ -42, 9 ],
			[ -84, 19 ],
			[ -259, 59 ]
		],
		[
			[ 18748, 14543 ],
			[ -73, -119 ],
			[ -9, -21 ],
			[ -40, -101 ],
			[ -14, -55 ],
			[ -8, -52 ]
		],
		[
			[ 18605, 14195 ],
			[ -8, -52 ],
			[ -17, -112 ],
			[ -9, -57 ],
			[ -11, -77 ],
			[ -8, -56 ],
			[ -8, -51 ],
			[ -8, -55 ],
			[ -12, -78 ],
			[ -13, -96 ],
			[ -6, -52 ],
			[ -3, -30 ]
		],
		[
			[ 18605, 14195 ],
			[ -88, 107 ],
			[ -111, 135 ],
			[ -8, 12 ],
			[ -259, 13 ],
			[ -58, 3 ],
			[ -57, 13 ],
			[ -110, 35 ],
			[ -75, 45 ],
			[ -3, 1 ],
			[ -9, -0 ],
			[ -13, -3 ],
			[ -10, -4 ],
			[ -11, -5 ],
			[ -45, -3 ]
		],
		[
			[ 12621, 14916 ],
			[ -905, 105 ],
			[ -721, 81 ],
			[ -898, 101 ],
			[ -368, 41 ],
			[ -619, 71 ],
			[ -36, 4 ],
			[ -85, 10 ],
			[ -114, 13 ]
		],
		[
			[ 8875, 15342 ],
			[ -33, 4 ],
			[ -53, 6 ],
			[ -37, -178 ],
			[ 24, -15 ],
			[ 11, -9 ],
			[ 15, -11 ],
			[ 12, -10 ],
			[ 12, -10 ],
			[ 5, -5 ],
			[ 22, -21 ],
			[ 17, -18 ],
			[ 8, -9 ],
			[ 4, -4 ],
			[ 16, -19 ],
			[ 14, -19 ],
			[ 20, -29 ],
			[ 17, -29 ],
			[ 6, -12 ],
			[ 3, -6 ],
			[ 9, -18 ],
			[ 10, -27 ],
			[ 6, -18 ],
			[ 2, -7 ],
			[ 6, -21 ],
			[ 5, -23 ],
			[ 4, -24 ],
			[ 1, -13 ],
			[ 1, -13 ],
			[ 1, -28 ],
			[ -0, -5 ],
			[ -0, -14 ],
			[ -1, -20 ],
			[ -1, -6 ],
			[ -0, -1 ]
		],
		[
			[ 8999, 14714 ],
			[ 8, -6 ],
			[ 307, -123 ],
			[ 3, -5 ],
			[ 49, -86 ],
			[ -1, -2 ],
			[ -1, -2 ],
			[ -1, -2 ],
			[ -1, -2 ],
			[ -1, -2 ],
			[ -1, -2 ],
			[ -1, -2 ],
			[ -1, -3 ],
			[ -0, -2 ],
			[ -1, -2 ],
			[ -1, -3 ],
			[ -1, -2 ],
			[ -1, -3 ],
			[ -1, -2 ],
			[ -0, -1 ],
			[ -1, -2 ],
			[ -1, -3 ],
			[ -0, -2 ],
			[ -0, -2 ],
			[ -0, -3 ],
			[ -1, -2 ],
			[ -0, -2 ],
			[ 0, -2 ],
			[ -1, -3 ],
			[ 3, -4 ],
			[ 1, -2 ],
			[ 2, -2 ],
			[ 1, -2 ],
			[ 1, -2 ],
			[ 3, -3 ],
			[ 2, -2 ],
			[ 5, -3 ],
			[ 3, -1 ],
			[ 4, -2 ],
			[ 4, -2 ],
			[ 3, -1 ],
			[ 4, -1 ],
			[ 5, -2 ],
			[ 4, -2 ],
			[ 5, -2 ],
			[ 4, -2 ],
			[ 2, -2 ],
			[ 6, -2 ],
			[ 3, -3 ],
			[ 3, -3 ],
			[ 3, -3 ],
			[ 3, -3 ],
			[ 3, -3 ],
			[ 3, -3 ],
			[ 3, -3 ],
			[ 3, -3 ],
			[ 3, -3 ],
			[ 3, -3 ],
			[ 3, -3 ],
			[ 2, -3 ],
			[ 2, -3 ],
			[ 2, -3 ],
			[ 2, -3 ],
			[ 2, -3 ],
			[ 2, -3 ],
			[ 2, -3 ],
			[ 2, -3 ],
			[ 2, -3 ],
			[ 2, -3 ],
			[ 2, -3 ],
			[ 2, -3 ],
			[ 2, -3 ],
			[ 0, -2 ],
			[ 0, -2 ],
			[ 0, -2 ],
			[ 1, -2 ],
			[ 1, -2 ],
			[ 1, -2 ],
			[ 1, -2 ],
			[ 1, -2 ],
			[ 1, -2 ],
			[ 1, -1 ],
			[ 1, -1 ],
			[ 1, -1 ],
			[ 1, -1 ],
			[ 1, -1 ],
			[ 1, -1 ],
			[ 1, -1 ],
			[ 1, -1 ],
			[ 1, -1 ],
			[ 1, -1 ],
			[ 1, -1 ],
			[ 1, -1 ],
			[ 1, -1 ],
			[ 1, -1 ],
			[ 1, -1 ],
			[ 1, -1 ],
			[ 1, -1 ],
			[ 1, -1 ],
			[ 1, -1 ],
			[ 1, -1 ],
			[ 1, -1 ],
			[ 1, -1 ],
			[ 1, -1 ],
			[ 1, -1 ],
			[ 1, -1 ],
			[ 1, -1 ],
			[ 2, -1 ],
			[ 2, -1 ],
			[ 2, -1 ],
			[ 2, -1 ],
			[ 2, -1 ],
			[ 2, -1 ],
			[ 2, -1 ],
			[ 3, -4 ],
			[ 1, -2 ],
			[ 0, -0 ],
			[ 5, -8 ],
			[ 11, -10 ],
			[ 22, -22 ],
			[ 21, -23 ],
			[ 2, -2 ],
			[ 2, -2 ],
			[ 2, -2 ],
			[ 1, -2 ],
			[ 1, -2 ],
			[ 1, -2 ],
			[ 1, -2 ],
			[ 1, -2 ],
			[ 1, -2 ],
			[ 1, -2 ],
			[ 1, -2 ],
			[ 1, -2 ],
			[ 1, -2 ],
			[ 1, -2 ],
			[ 1, -2 ],
			[ 1, -2 ],
			[ 1, -2 ],
			[ -45, -40 ],
			[ 3, -5 ],
			[ 48, -78 ],
			[ 49, -82 ],
			[ 38, -86 ],
			[ 5, -12 ],
			[ 60, -126 ],
			[ 21, -137 ],
			[ 17, -45 ],
			[ 4, -12 ],
			[ 62, 21 ],
			[ 11, -110 ],
			[ 0, -80 ],
			[ 144, -4 ],
			[ -131, -341 ],
			[ 281, 97 ],
			[ 260, 102 ],
			[ 155, -4 ],
			[ 354, -10 ],
			[ 11, -0 ],
			[ 82, -36 ],
			[ 114, -17 ],
			[ 172, 8 ],
			[ 496, 29 ]
		],
		[
			[ 24084, 13738 ],
			[ -121, 169 ],
			[ -34, 45 ],
			[ -0, 0 ],
			[ -27, 35 ],
			[ -6, 9 ],
			[ -9, 4 ],
			[ -123, 163 ],
			[ -156, 174 ],
			[ -134, 147 ]
		],
		[
			[ 23475, 14485 ],
			[ -222, -107 ],
			[ -224, -112 ],
			[ -203, -93 ],
			[ -243, -63 ]
		],
		[
			[ 29571, 13798 ],
			[ 88, 14 ],
			[ 52, 9 ],
			[ 69, 14 ],
			[ 66, 21 ],
			[ 50, 20 ],
			[ 54, 31 ],
			[ 41, 27 ],
			[ 33, 24 ],
			[ 74, 61 ],
			[ 359, 305 ],
			[ 421, 345 ],
			[ 227, 190 ],
			[ -89, 62 ],
			[ -73, 53 ],
			[ -103, 68 ],
			[ -31, -21 ],
			[ -164, 152 ],
			[ -91, 97 ],
			[ -112, 57 ]
		],
		[
			[ 30441, 15326 ],
			[ -387, -265 ],
			[ -124, -62 ],
			[ -56, -24 ],
			[ -237, -105 ],
			[ -68, -31 ],
			[ -102, -36 ],
			[ -320, -142 ],
			[ -233, -107 ],
			[ -101, -75 ],
			[ -273, -242 ],
			[ -112, -108 ],
			[ -75, -60 ]
		],
		[
			[ 28354, 14071 ],
			[ 1, -1 ],
			[ 14, -11 ],
			[ 8, -7 ],
			[ 10, -10 ],
			[ 11, -11 ],
			[ 9, -9 ],
			[ 11, -12 ],
			[ 10, -13 ],
			[ 8, -12 ],
			[ 6, -9 ],
			[ 4, -7 ],
			[ -81, -53 ],
			[ -93, -61 ],
			[ -63, -41 ],
			[ -12, -7 ],
			[ -5, -3 ],
			[ -73, -44 ]
		],
		[
			[ 28354, 14071 ],
			[ -2, -2 ],
			[ -27, 22 ],
			[ -48, 30 ],
			[ -44, 22 ],
			[ -109, 38 ],
			[ -126, 34 ],
			[ -336, 107 ],
			[ -156, 87 ],
			[ -349, 199 ]
		],
		[
			[ 27157, 14608 ],
			[ -28, -35 ],
			[ -37, -46 ],
			[ -44, -55 ],
			[ -4, -5 ],
			[ -29, -36 ],
			[ -49, -45 ],
			[ -20, -14 ],
			[ -26, -17 ],
			[ -39, -22 ],
			[ -31, -14 ],
			[ -100, -37 ],
			[ -94, -34 ],
			[ -28, -10 ],
			[ -285, -104 ],
			[ -31, -17 ],
			[ -37, -27 ],
			[ -23, -27 ],
			[ -14, -30 ],
			[ -7, -46 ],
			[ 34, -234 ],
			[ 1, -6 ]
		],
		[
			[ 22583, 14109 ],
			[ -17, 114 ],
			[ -12, 78 ],
			[ -39, 173 ],
			[ -55, 172 ],
			[ -50, 129 ],
			[ -9, 21 ]
		],
		[
			[ 22402, 14796 ],
			[ -335, -96 ],
			[ -155, -42 ],
			[ -45, -11 ],
			[ -54, -8 ],
			[ -38, -2 ],
			[ -50, 1 ],
			[ -25, 0 ],
			[ -376, 9 ],
			[ -110, 5 ],
			[ -96, 5 ],
			[ -277, -2 ],
			[ -142, -4 ],
			[ -94, 3 ],
			[ -5, 0 ],
			[ -222, 14 ],
			[ -40, 3 ],
			[ -120, 6 ],
			[ -130, 7 ],
			[ -196, 11 ]
		],
		[
			[ 19893, 14698 ],
			[ -28, -291 ]
		],
		[
			[ 23475, 14485 ],
			[ -94, 109 ],
			[ -31, 36 ],
			[ -42, 53 ],
			[ -38, 44 ],
			[ -3, 9 ],
			[ -405, 275 ]
		],
		[
			[ 22862, 15012 ],
			[ -9, 6 ],
			[ -161, 112 ]
		],
		[
			[ 22692, 15131 ],
			[ -168, -148 ],
			[ 85, -60 ],
			[ -56, -47 ],
			[ -37, -25 ],
			[ -42, -22 ],
			[ -33, -15 ],
			[ -38, -16 ]
		],
		[
			[ 19057, 14856 ],
			[ -77, 33 ],
			[ -40, 20 ],
			[ -43, 24 ],
			[ -63, 35 ],
			[ -131, 73 ],
			[ -30, 16 ],
			[ -29, 16 ],
			[ -59, 32 ],
			[ -73, 37 ],
			[ -31, 15 ],
			[ -1, 1 ],
			[ -12, 5 ],
			[ -22, 8 ],
			[ -12, 3 ],
			[ -9, 2 ],
			[ -65, 20 ],
			[ -2, -9 ],
			[ -8, -12 ],
			[ -6, -7 ],
			[ -6, -6 ],
			[ -6, -5 ],
			[ -8, -2 ],
			[ -11, -0 ],
			[ -9, 0 ],
			[ -11, 1 ],
			[ -16, 4 ],
			[ -14, 3 ],
			[ -18, 1 ],
			[ -16, -2 ],
			[ -15, -3 ],
			[ -14, -5 ],
			[ -15, -6 ],
			[ -68, -77 ],
			[ -64, -72 ],
			[ -15, 3 ]
		],
		[
			[ 18036, 14999 ],
			[ -43, -77 ],
			[ -78, -120 ],
			[ -70, -107 ],
			[ -99, -152 ]
		],
		[
			[ 18748, 14543 ],
			[ 78, 95 ],
			[ 44, 38 ],
			[ 104, 91 ],
			[ 83, 89 ]
		],
		[
			[ 26553, 15060 ],
			[ -117, -9 ],
			[ -506, 6 ],
			[ -361, 3 ],
			[ -211, 2 ],
			[ -86, -0 ],
			[ -103, -0 ],
			[ -32, -3 ],
			[ -30, -5 ],
			[ -25, -6 ],
			[ -30, -8 ],
			[ -31, -11 ],
			[ -16, -8 ],
			[ -25, -16 ],
			[ -49, -34 ],
			[ -183, -121 ],
			[ -21, -17 ],
			[ -19, -19 ],
			[ -22, -24 ],
			[ -46, -50 ],
			[ -70, -82 ],
			[ -52, -68 ],
			[ -25, -35 ],
			[ -20, -17 ],
			[ -27, -23 ],
			[ -320, -13 ],
			[ -151, 3 ],
			[ -331, 1 ],
			[ -73, -4 ],
			[ -37, -4 ],
			[ -30, -7 ],
			[ -30, -8 ]
		],
		[
			[ 27157, 14608 ],
			[ -286, 159 ],
			[ -68, 40 ],
			[ -59, 44 ],
			[ -66, 63 ],
			[ -58, 63 ],
			[ -67, 82 ]
		],
		[
			[ 19893, 14698 ],
			[ 14, 153 ],
			[ 14, 141 ],
			[ 16, 143 ],
			[ 24, 262 ]
		],
		[
			[ 19961, 15397 ],
			[ -138, -45 ],
			[ -8, -1 ],
			[ -83, -13 ],
			[ -106, -16 ],
			[ -46, -12 ],
			[ -129, -45 ]
		],
		[
			[ 19451, 15265 ],
			[ -100, -35 ],
			[ -8, -3 ],
			[ -15, -6 ],
			[ -13, -8 ],
			[ -11, -8 ],
			[ -12, -13 ],
			[ -35, -38 ],
			[ -66, -72 ],
			[ -3, -4 ],
			[ -27, -30 ],
			[ -29, -34 ],
			[ -18, -30 ],
			[ -29, -63 ],
			[ -29, -65 ]
		],
		[
			[ 26099, 15641 ],
			[ -67, -11 ],
			[ -79, 15 ],
			[ -69, 11 ],
			[ -109, 11 ],
			[ -172, 17 ],
			[ -5, -9 ],
			[ -7, -1 ],
			[ -14, -3 ],
			[ -16, -5 ],
			[ -22, -6 ],
			[ -14, -3 ],
			[ -20, -3 ],
			[ -20, -1 ],
			[ -282, 28 ],
			[ -103, 10 ],
			[ -24, 2 ],
			[ -61, 1 ],
			[ -304, 3 ],
			[ -66, 45 ],
			[ -158, -42 ],
			[ -169, -45 ],
			[ -293, -77 ],
			[ -148, -39 ],
			[ -39, -10 ],
			[ -26, -5 ],
			[ -44, -6 ],
			[ -52, -7 ],
			[ -57, -7 ],
			[ -42, -4 ],
			[ -130, -15 ],
			[ -72, -8 ],
			[ -52, -9 ],
			[ -41, -9 ],
			[ -40, -12 ],
			[ -41, -14 ],
			[ -43, -20 ],
			[ -41, -21 ],
			[ -16, -9 ],
			[ -25, -17 ],
			[ -173, -146 ],
			[ 9, -13 ],
			[ 13, -24 ],
			[ 9, -17 ],
			[ 4, -13 ],
			[ 2, -16 ],
			[ 0, -21 ],
			[ -117, -102 ]
		],
		[
			[ 26553, 15060 ],
			[ -426, 546 ],
			[ -29, 35 ]
		],
		[
			[ 22055, 15463 ],
			[ -322, -51 ],
			[ -255, 96 ],
			[ -59, 10 ],
			[ -150, 45 ],
			[ -19, 4 ],
			[ -14, 1 ],
			[ -35, 2 ],
			[ -32, -2 ],
			[ -102, -23 ],
			[ -74, -3 ],
			[ -2, 15 ],
			[ -16, -0 ],
			[ -380, -30 ],
			[ -55, -11 ],
			[ -38, -8 ],
			[ -55, -11 ],
			[ -484, -99 ]
		],
		[
			[ 22402, 14796 ],
			[ -278, 535 ],
			[ -51, 98 ],
			[ -18, 34 ]
		],
		[
			[ 18036, 14999 ],
			[ 6, 11 ],
			[ 2, 5 ],
			[ 4, 8 ],
			[ 1, 11 ],
			[ -2, 10 ],
			[ -2, 5 ],
			[ -1, 3 ],
			[ -58, 89 ],
			[ -16, 55 ],
			[ -8, 12 ],
			[ -8, 12 ],
			[ -38, 55 ],
			[ -112, 118 ],
			[ -9, 6 ],
			[ -16, 7 ],
			[ -22, 12 ],
			[ -138, 175 ],
			[ -51, 50 ]
		],
		[
			[ 17568, 15644 ],
			[ -9, 9 ],
			[ -15, 16 ],
			[ -13, 13 ],
			[ -15, 15 ],
			[ -24, 28 ],
			[ -17, 16 ],
			[ -33, 15 ]
		],
		[
			[ 17442, 15756 ],
			[ -116, 29 ],
			[ -194, 49 ],
			[ -206, 52 ],
			[ -37, 9 ],
			[ -36, 9 ],
			[ -757, 185 ],
			[ -53, -8 ]
		],
		[
			[ 19451, 15265 ],
			[ -95, 65 ],
			[ -20, 13 ],
			[ -6, 5 ],
			[ -0, 0 ],
			[ -31, 38 ],
			[ -42, 51 ],
			[ -92, 93 ],
			[ -39, 40 ],
			[ -2, 2 ],
			[ -40, 31 ],
			[ -8, 6 ],
			[ -36, 26 ],
			[ -66, 85 ],
			[ -35, 45 ],
			[ -57, 31 ],
			[ -199, 108 ],
			[ 5, 265 ]
		],
		[
			[ 18687, 16170 ],
			[ -109, -102 ],
			[ -1, -1 ],
			[ -24, -23 ],
			[ -3, -3 ],
			[ -28, -23 ],
			[ -24, -15 ],
			[ -39, -16 ],
			[ -22, -6 ],
			[ -5, -1 ],
			[ -22, -3 ],
			[ -34, -3 ],
			[ -211, -20 ],
			[ -10, -1 ],
			[ -112, -10 ],
			[ -217, -19 ],
			[ -42, -9 ],
			[ -26, -8 ],
			[ -23, -10 ],
			[ -4, -2 ],
			[ -28, -18 ],
			[ -14, -11 ],
			[ -8, -7 ],
			[ -20, -23 ],
			[ -5, -8 ],
			[ -9, -13 ],
			[ -10, -21 ],
			[ -4, -12 ],
			[ -4, -15 ],
			[ -3, -10 ],
			[ -2, -7 ],
			[ -0, -0 ],
			[ -2, -9 ],
			[ -5, -10 ],
			[ -2, -4 ],
			[ -7, -16 ],
			[ -8, -18 ],
			[ -8, -12 ],
			[ -2, -3 ],
			[ -11, -17 ],
			[ -4, -6 ],
			[ -7, -9 ]
		],
		[
			[ 30441, 15326 ],
			[ 100, 66 ],
			[ 40, 28 ],
			[ 28, 29 ],
			[ 37, 50 ],
			[ 25, 63 ],
			[ 0, 0 ]
		],
		[
			[ 30670, 15562 ],
			[ -107, 44 ],
			[ -57, 21 ],
			[ -27, 10 ],
			[ -24, 5 ],
			[ -34, 4 ],
			[ -45, 2 ],
			[ -11, 1 ],
			[ -345, 12 ],
			[ -125, 5 ],
			[ -136, 5 ],
			[ -97, 2 ],
			[ -99, 2 ],
			[ -113, 4 ],
			[ -211, 15 ],
			[ -152, 20 ],
			[ -97, 16 ],
			[ -58, 11 ],
			[ -68, 15 ],
			[ -111, 25 ],
			[ -120, 36 ],
			[ -337, 112 ],
			[ -81, 22 ],
			[ -54, 13 ],
			[ -57, 7 ],
			[ -59, 7 ],
			[ -65, 4 ],
			[ -623, 18 ],
			[ -72, 2 ],
			[ -135, 4 ],
			[ -228, 7 ],
			[ -63, 3 ],
			[ -35, 2 ],
			[ -22, 1 ],
			[ -86, 4 ],
			[ -112, 5 ],
			[ -13, 2 ],
			[ -52, 8 ],
			[ -8, 1 ],
			[ -5, 1 ],
			[ -42, 7 ]
		],
		[
			[ 26483, 16046 ],
			[ 13, -33 ],
			[ 14, -38 ],
			[ -22, -26 ],
			[ -6, -8 ],
			[ -8, -10 ],
			[ -7, -11 ],
			[ -9, -14 ],
			[ -6, -13 ],
			[ -7, -15 ],
			[ -5, -13 ],
			[ -4, -12 ],
			[ -4, -12 ],
			[ -3, -14 ],
			[ -2, -11 ],
			[ -1, -8 ],
			[ -1, -11 ],
			[ -0, -12 ],
			[ 0, -11 ],
			[ 1, -12 ],
			[ 2, -15 ],
			[ 2, -12 ],
			[ 4, -15 ],
			[ 4, -12 ],
			[ 5, -13 ],
			[ 8, -32 ],
			[ -355, -22 ]
		],
		[
			[ 22692, 15131 ],
			[ -45, 69 ],
			[ -45, 161 ],
			[ -51, 181 ]
		],
		[
			[ 22551, 15541 ],
			[ -106, -16 ],
			[ -390, -61 ]
		],
		[
			[ 20184, 16208 ],
			[ -174, 28 ],
			[ -9, 7 ],
			[ -13, 11 ],
			[ -15, 8 ],
			[ -21, 0 ],
			[ -35, -5 ],
			[ -44, -8 ],
			[ -48, -8 ],
			[ -27, -3 ],
			[ -28, 3 ],
			[ -25, 6 ],
			[ -24, 6 ],
			[ -26, 7 ],
			[ -31, 6 ],
			[ -25, 1 ],
			[ -25, -1 ],
			[ -31, -5 ],
			[ -32, -6 ],
			[ -27, -4 ],
			[ -29, -2 ],
			[ -32, 1 ],
			[ -33, 2 ],
			[ -35, 6 ],
			[ -34, 8 ],
			[ -33, 6 ],
			[ -30, 1 ],
			[ -20, -1 ],
			[ -18, -3 ],
			[ -16, -4 ],
			[ -16, -5 ],
			[ -15, -4 ],
			[ -19, -4 ],
			[ -22, -3 ],
			[ -24, -1 ],
			[ -14, 0 ],
			[ -18, 0 ],
			[ -6, 1 ],
			[ -12, 1 ],
			[ -17, 3 ],
			[ -20, 6 ],
			[ -14, 4 ],
			[ -21, 9 ],
			[ -16, 7 ],
			[ -11, 4 ],
			[ -5, 2 ],
			[ -19, 3 ],
			[ -21, 3 ],
			[ -10, 0 ],
			[ -0, 0 ],
			[ -17, 1 ],
			[ -28, -0 ],
			[ -29, -3 ],
			[ -23, -6 ],
			[ -16, -6 ],
			[ -5, -2 ],
			[ -19, -8 ],
			[ -16, -10 ],
			[ -9, -6 ],
			[ -10, -7 ],
			[ -9, -6 ],
			[ -5, -5 ],
			[ -9, -7 ],
			[ -15, -14 ],
			[ -19, -17 ],
			[ -0, -0 ],
			[ -27, -24 ]
		],
		[
			[ 19961, 15397 ],
			[ 28, 110 ],
			[ 52, 189 ],
			[ 24, 88 ],
			[ 36, 133 ],
			[ 40, 142 ],
			[ 42, 149 ]
		],
		[
			[ 26099, 15641 ],
			[ -71, 81 ],
			[ -67, 70 ],
			[ -118, 111 ],
			[ -161, 138 ],
			[ -188, 154 ],
			[ -333, 237 ],
			[ -60, 43 ],
			[ -197, 142 ],
			[ -149, 107 ],
			[ -59, 44 ],
			[ -70, 13 ],
			[ -129, 24 ],
			[ -98, 19 ],
			[ -182, 34 ],
			[ -176, 33 ],
			[ -147, 28 ]
		],
		[
			[ 23894, 16919 ],
			[ -2, -2 ],
			[ -367, -375 ],
			[ -44, -47 ],
			[ -19, -20 ],
			[ -80, -127 ],
			[ -27, -43 ],
			[ -1, -2 ],
			[ -10, -23 ],
			[ -5, -11 ],
			[ -26, -71 ],
			[ -21, -44 ],
			[ -32, -52 ],
			[ -21, -30 ],
			[ -116, -176 ],
			[ -24, -2 ],
			[ -39, 2 ],
			[ -12, 3 ],
			[ -282, -239 ],
			[ -83, -70 ],
			[ -35, -19 ],
			[ -42, -17 ],
			[ -55, -13 ]
		],
		[
			[ 22055, 15463 ],
			[ -270, 354 ],
			[ -89, 117 ],
			[ -125, 164 ],
			[ -32, 68 ],
			[ -18, 39 ],
			[ -34, 101 ],
			[ -10, 30 ],
			[ -4, 13 ],
			[ -11, 53 ],
			[ -3, 30 ],
			[ -0, 0 ],
			[ -2, 19 ],
			[ -4, 60 ],
			[ -1, 58 ],
			[ 3, 40 ],
			[ 1, 17 ],
			[ 3, 38 ],
			[ 13, 64 ],
			[ 3, 19 ],
			[ 3, 19 ],
			[ 9, 48 ],
			[ 4, 19 ],
			[ 16, 77 ],
			[ 17, 85 ],
			[ 3, 14 ],
			[ 3, 26 ],
			[ 3, 25 ],
			[ 9, 71 ],
			[ 6, 64 ]
		],
		[
			[ 21550, 17199 ],
			[ -101, -3 ],
			[ -48, -1 ],
			[ -97, -2 ],
			[ -45, -2 ],
			[ -28, -1 ],
			[ -65, -3 ],
			[ -6, -0 ],
			[ -5, -0 ],
			[ -38, -2 ],
			[ -22, -2 ],
			[ -3, -0 ],
			[ -15, -1 ],
			[ -12, -1 ],
			[ -6, -1 ],
			[ -17, -2 ],
			[ -16, -2 ],
			[ -31, -5 ],
			[ -36, -7 ],
			[ -71, -16 ],
			[ -16, -4 ],
			[ -25, -6 ],
			[ -32, -9 ],
			[ -14, -4 ],
			[ -21, -6 ],
			[ -27, -8 ],
			[ -48, -14 ],
			[ -25, -7 ],
			[ -117, -40 ],
			[ -29, -9 ],
			[ -32, -9 ],
			[ -31, -7 ],
			[ -27, -4 ],
			[ -19, -1 ],
			[ -11, -1 ],
			[ -4, -0 ],
			[ -23, 1 ],
			[ -13, 1 ]
		],
		[
			[ 20373, 17022 ],
			[ 8, -14 ],
			[ 4, -16 ],
			[ 1, -4 ],
			[ 2, -25 ],
			[ -3, -27 ],
			[ -3, -19 ],
			[ -12, -48 ],
			[ -6, -24 ],
			[ -30, -93 ],
			[ -78, -290 ],
			[ -70, -244 ],
			[ -3, -10 ]
		],
		[
			[ 30670, 15562 ],
			[ 68, 110 ],
			[ 17, 47 ],
			[ -2, 23 ],
			[ -4, 17 ],
			[ -4, 99 ],
			[ -35, 185 ],
			[ -21, 86 ],
			[ -7, 29 ],
			[ -1, 5 ],
			[ -16, 67 ],
			[ -5, 41 ],
			[ -2, 16 ],
			[ -0, 1 ],
			[ -0, 0 ],
			[ -0, 1 ],
			[ 0, 14 ],
			[ 0, 14 ],
			[ 1, 27 ],
			[ 5, 23 ],
			[ 4, 17 ],
			[ 3, 13 ],
			[ 2, 8 ],
			[ 11, 38 ],
			[ 2, 8 ],
			[ 6, 14 ],
			[ 13, 35 ],
			[ 51, 146 ],
			[ 52, 30 ],
			[ 31, 36 ],
			[ 1, 40 ]
		],
		[
			[ 30841, 16752 ],
			[ -42, 9 ],
			[ -48, 8 ],
			[ -45, 4 ],
			[ -99, 5 ],
			[ -118, 2 ],
			[ -214, -0 ],
			[ -541, -2 ],
			[ -561, -2 ],
			[ -454, -0 ],
			[ -2, 122 ],
			[ 3, 153 ],
			[ 5, 178 ],
			[ -1, 66 ]
		],
		[
			[ 28724, 17295 ],
			[ -275, -1 ],
			[ -708, -4 ],
			[ -335, -2 ],
			[ -65, -0 ],
			[ -0, -0 ],
			[ -93, -96 ],
			[ -14, -12 ],
			[ -14, -11 ],
			[ -14, -13 ],
			[ -75, -79 ],
			[ -56, -57 ],
			[ -763, -4 ],
			[ 18, -66 ],
			[ -9, -435 ],
			[ -0, -16 ],
			[ -1, -10 ],
			[ -12, -39 ],
			[ 10, -8 ],
			[ 7, -7 ],
			[ 3, -9 ],
			[ -3, -9 ],
			[ -7, -7 ],
			[ -12, -8 ],
			[ 10, -55 ],
			[ 0, -9 ],
			[ 0, -11 ],
			[ 0, -9 ],
			[ 2, -8 ],
			[ 6, -9 ],
			[ 9, -8 ],
			[ 14, -9 ],
			[ 12, -8 ],
			[ 3, -10 ],
			[ 0, -4 ],
			[ 3, -5 ],
			[ 5, -5 ],
			[ 4, -2 ],
			[ 7, -2 ],
			[ 4, -3 ],
			[ 22, -74 ],
			[ 6, -17 ],
			[ 9, -21 ],
			[ 4, -5 ],
			[ 9, -7 ],
			[ 3, -5 ],
			[ -1, -8 ],
			[ 2, -8 ],
			[ 5, -7 ],
			[ 7, -5 ],
			[ 8, -2 ],
			[ 9, -4 ],
			[ 15, -37 ]
		],
		[
			[ 12309, 16186 ],
			[ -5, 1 ],
			[ -52, 12 ],
			[ -2, 2 ],
			[ -1, 0 ],
			[ -1, 0 ],
			[ -39, 3 ],
			[ -76, 7 ],
			[ -47, 4 ],
			[ -1, 0 ],
			[ -22, 2 ],
			[ -23, 2 ],
			[ -18, 1 ],
			[ -18, 2 ],
			[ -13, 1 ],
			[ -29, 1 ],
			[ -10, 1 ],
			[ -14, 2 ],
			[ -75, 6 ],
			[ -53, 5 ],
			[ -21, 2 ],
			[ -41, 1 ],
			[ -8, 0 ],
			[ -16, 0 ],
			[ -31, 0 ],
			[ -22, 0 ],
			[ -10, -0 ],
			[ -12, -0 ],
			[ -27, 0 ],
			[ -294, 4 ],
			[ -105, 2 ],
			[ -5, 0 ],
			[ -8, 0 ],
			[ -13, 0 ],
			[ -34, 0 ],
			[ -41, 1 ],
			[ -13, 0 ],
			[ -25, 0 ],
			[ -9, 0 ],
			[ -18, 0 ],
			[ -34, 0 ],
			[ -10, 0 ],
			[ -11, 0 ],
			[ -16, 0 ],
			[ -79, 1 ],
			[ -36, 1 ],
			[ -70, 1 ],
			[ -98, -32 ],
			[ -73, -29 ],
			[ -19, -7 ],
			[ -36, -14 ],
			[ -78, -19 ],
			[ -147, -37 ],
			[ -39, -10 ],
			[ -17, -4 ],
			[ -71, -20 ],
			[ -49, -13 ],
			[ -21, -6 ],
			[ -1, -0 ],
			[ -8, -2 ],
			[ -12, -3 ],
			[ -45, -13 ],
			[ -14, -4 ],
			[ -25, -8 ],
			[ -32, -10 ],
			[ -48, -16 ],
			[ -61, -20 ],
			[ -104, -40 ],
			[ -5, -3 ],
			[ -1, -0 ],
			[ -7, -4 ],
			[ -42, -25 ],
			[ -22, -12 ],
			[ -18, -10 ],
			[ -23, -10 ],
			[ -4, -2 ],
			[ -2, -1 ],
			[ -8, -4 ],
			[ -4, -1 ],
			[ -4, -2 ],
			[ -6, -2 ],
			[ -4, -1 ],
			[ -6, -2 ],
			[ -82, -27 ],
			[ -6, -2 ],
			[ -2, -0 ],
			[ -96, -31 ],
			[ -10, -3 ],
			[ -13, -4 ],
			[ -41, -10 ],
			[ -15, -3 ],
			[ -13, -3 ],
			[ -16, -4 ],
			[ -8, -2 ],
			[ -2, -0 ],
			[ -10, -2 ],
			[ -1, -0 ],
			[ -47, -9 ],
			[ -16, -3 ],
			[ -55, -10 ],
			[ -83, -15 ],
			[ -69, -4 ],
			[ -55, -3 ],
			[ -27, -2 ],
			[ -7, -0 ],
			[ -13, -1 ],
			[ -2, -0 ],
			[ -2, -0 ],
			[ -60, -11 ],
			[ -13, -4 ],
			[ -4, -1 ]
		],
		[
			[ 8878, 15713 ],
			[ -3, -6 ],
			[ -16, -4 ],
			[ -73, -20 ],
			[ -35, -11 ],
			[ -6, -2 ],
			[ -21, -7 ],
			[ -10, -5 ],
			[ -12, -6 ],
			[ -14, -7 ],
			[ 85, -82 ],
			[ 25, -24 ],
			[ 57, -56 ],
			[ 16, -16 ],
			[ 14, -14 ],
			[ 3, -5 ],
			[ 5, -7 ],
			[ -0, -6 ],
			[ -0, -6 ],
			[ -6, -30 ],
			[ -12, -57 ]
		],
		[
			[ 22551, 15541 ],
			[ -119, 447 ],
			[ -51, 185 ],
			[ -27, 96 ],
			[ -1, 3 ],
			[ -1, 2 ],
			[ -12, 53 ],
			[ -18, 102 ],
			[ -3, 43 ],
			[ 8, 26 ],
			[ 3, 10 ],
			[ 11, 33 ],
			[ 0, 0 ],
			[ 30, 48 ],
			[ 35, 41 ],
			[ 145, 147 ],
			[ 224, 216 ],
			[ 17, 10 ],
			[ 142, 69 ],
			[ 24, 12 ]
		],
		[
			[ 22961, 17084 ],
			[ -438, 71 ],
			[ -28, 4 ],
			[ -69, 10 ],
			[ -3, 0 ],
			[ -139, 21 ],
			[ -15, 2 ],
			[ -94, 11 ],
			[ -183, 8 ],
			[ -122, 0 ],
			[ -82, -4 ],
			[ -26, -1 ],
			[ -212, -8 ]
		],
		[
			[ 30670, 15562 ],
			[ 70, -24 ],
			[ 37, 11 ],
			[ 25, 9 ],
			[ 27, 12 ],
			[ 21, 15 ],
			[ 14, 16 ],
			[ 104, 180 ],
			[ 123, 74 ],
			[ 121, 99 ],
			[ 46, -19 ],
			[ 24, -8 ],
			[ 12, -1 ],
			[ 19, 2 ],
			[ 28, 4 ],
			[ 27, 8 ],
			[ 65, 18 ],
			[ 26, 117 ],
			[ 11, 54 ],
			[ 3, 21 ],
			[ 1, 21 ],
			[ -0, 19 ],
			[ -2, 20 ],
			[ -6, 30 ],
			[ -7, 20 ],
			[ -10, 20 ],
			[ -12, 20 ],
			[ -11, 16 ],
			[ -34, 40 ],
			[ -114, 108 ],
			[ -166, 149 ],
			[ -48, 37 ],
			[ -19, 13 ],
			[ -25, 16 ],
			[ -38, 22 ],
			[ -33, 15 ],
			[ -33, 13 ],
			[ -33, 11 ],
			[ -42, 11 ]
		],
		[
			[ 23894, 16919 ],
			[ -43, 8 ],
			[ -477, 87 ],
			[ -66, 12 ],
			[ -197, 36 ],
			[ -150, 23 ]
		],
		[
			[ 18687, 16170 ],
			[ -16, 20 ],
			[ -6, 8 ],
			[ -23, 61 ],
			[ -30, 84 ],
			[ -51, 145 ],
			[ -34, 91 ],
			[ -52, 155 ],
			[ -51, 140 ],
			[ -41, 113 ],
			[ -27, 63 ],
			[ -4, 8 ],
			[ -4, 8 ],
			[ -4, 7 ],
			[ -5, 7 ],
			[ -6, 8 ],
			[ -8, 10 ],
			[ -11, 12 ],
			[ -7, 7 ],
			[ -2, 2 ],
			[ -6, 7 ],
			[ -10, 9 ],
			[ -16, 13 ],
			[ -19, 13 ],
			[ -14, 9 ],
			[ -29, 19 ],
			[ -41, 28 ],
			[ -33, 23 ],
			[ -23, 16 ],
			[ -43, 30 ],
			[ -63, 41 ],
			[ -43, 26 ]
		],
		[
			[ 17965, 17351 ],
			[ -11, -7 ],
			[ -12, -8 ],
			[ -12, -7 ],
			[ -14, -8 ],
			[ -42, -22 ],
			[ -178, -119 ],
			[ -3, -2 ],
			[ -7, -4 ],
			[ -6, -3 ],
			[ -4, -2 ],
			[ -10, -6 ],
			[ -12, -6 ],
			[ -11, -5 ],
			[ -6, -3 ],
			[ -3, -1 ],
			[ -3, -1 ],
			[ -16, -6 ],
			[ -4, -1 ],
			[ -6, -2 ],
			[ -7, -2 ],
			[ -2, -1 ],
			[ -12, -4 ],
			[ -6, -2 ],
			[ -12, -3 ],
			[ -16, -4 ],
			[ -12, -3 ],
			[ -12, -3 ],
			[ -13, -3 ],
			[ -11, -2 ],
			[ -14, -3 ],
			[ -10, -2 ],
			[ -8, -2 ]
		],
		[
			[ 17473, 17104 ],
			[ 22, -44 ],
			[ 10, -19 ],
			[ 16, 4 ],
			[ 2, 0 ],
			[ 6, -12 ],
			[ 25, -54 ],
			[ 7, 2 ],
			[ 71, -154 ],
			[ -58, -17 ],
			[ -61, -24 ],
			[ -68, -26 ],
			[ -66, -22 ],
			[ -6, -2 ],
			[ -9, -4 ],
			[ -39, -16 ],
			[ -36, -16 ],
			[ -41, -22 ],
			[ 7, -7 ],
			[ 10, -175 ],
			[ 5, -19 ],
			[ 37, -106 ],
			[ 36, -117 ],
			[ 11, -33 ],
			[ 31, -93 ],
			[ 1, -2 ],
			[ 3, -12 ],
			[ 1, -4 ],
			[ 5, -19 ],
			[ 9, -45 ],
			[ 5, -29 ],
			[ 17, -101 ],
			[ 19, -112 ],
			[ 8, -30 ],
			[ -11, -22 ]
		],
		[
			[ 17473, 17104 ],
			[ -18, -3 ],
			[ -55, 43 ],
			[ -27, 21 ],
			[ -4, 3 ],
			[ -12, 9 ],
			[ -19, 18 ],
			[ -5, 4 ],
			[ -8, 8 ],
			[ -5, 5 ],
			[ -6, 6 ],
			[ -17, 19 ],
			[ -12, 15 ],
			[ -9, 12 ],
			[ -4, 7 ],
			[ -2, 4 ],
			[ -6, 12 ],
			[ -2, 3 ],
			[ -7, 15 ],
			[ -5, 13 ],
			[ -4, 14 ],
			[ -3, 12 ],
			[ -5, 25 ],
			[ -239, -10 ],
			[ -86, -3 ],
			[ -28, -1 ],
			[ -258, -8 ],
			[ -258, 1 ],
			[ -229, 1 ],
			[ -19, 3 ],
			[ -8, 3 ],
			[ -114, 38 ],
			[ -278, 89 ],
			[ -27, 9 ]
		],
		[
			[ 15692, 17490 ],
			[ -391, -205 ],
			[ -2, -101 ],
			[ -4, -22 ],
			[ -1, -7 ],
			[ -5, -18 ],
			[ -2, -8 ],
			[ -5, -20 ],
			[ -8, -28 ],
			[ -6, -22 ],
			[ -7, -30 ],
			[ -5, -16 ],
			[ -6, -19 ],
			[ -10, -33 ],
			[ -9, -25 ],
			[ -6, -13 ],
			[ -2, -5 ],
			[ -5, -9 ],
			[ -7, -15 ],
			[ -6, -10 ],
			[ -5, -8 ],
			[ -11, -17 ],
			[ -9, -14 ],
			[ -11, -15 ],
			[ -16, -22 ],
			[ -8, -10 ],
			[ -14, -14 ],
			[ -7, -4 ],
			[ -10, -4 ],
			[ -11, -2 ],
			[ -12, -0 ],
			[ -91, -95 ],
			[ -35, -36 ],
			[ 10, -19 ],
			[ 3, -9 ],
			[ 35, -107 ],
			[ 8, -8 ],
			[ 40, -95 ],
			[ -7, -2 ],
			[ 82, -170 ],
			[ 96, -10 ],
			[ 10, -2 ],
			[ 8, -3 ],
			[ 8, -3 ],
			[ 5, -3 ],
			[ 4, -3 ],
			[ 6, -6 ],
			[ 3, -3 ],
			[ 2, -4 ],
			[ 43, -80 ],
			[ 6, -12 ]
		],
		[
			[ 8878, 15713 ],
			[ -86, 25 ],
			[ -78, 22 ],
			[ -27, 8 ],
			[ -27, 7 ],
			[ -27, 8 ],
			[ -24, 7 ],
			[ -20, 6 ],
			[ -73, 21 ],
			[ -126, 36 ],
			[ -49, 14 ],
			[ -51, 15 ],
			[ -420, 120 ],
			[ -47, 13 ],
			[ -122, 35 ],
			[ -39, 11 ],
			[ -5, 2 ],
			[ -10, 3 ],
			[ -6, 2 ],
			[ -4, 1 ],
			[ -7, 2 ],
			[ -11, 3 ],
			[ -16, 4 ],
			[ -17, 5 ],
			[ -16, 5 ],
			[ -27, 8 ],
			[ -12, 3 ],
			[ -10, 3 ],
			[ -40, 12 ],
			[ -31, 9 ],
			[ -11, 3 ],
			[ -17, 5 ],
			[ -90, 26 ],
			[ -24, 7 ],
			[ -10, 3 ],
			[ -17, 5 ],
			[ -31, 9 ],
			[ -35, 10 ],
			[ -50, 14 ],
			[ -17, 5 ],
			[ -11, 3 ],
			[ -5, 1 ],
			[ -19, 5 ],
			[ -46, 13 ],
			[ -41, 12 ],
			[ -17, 5 ],
			[ -2, 1 ],
			[ -26, 8 ],
			[ -8, 2 ],
			[ -8, 2 ],
			[ -38, 11 ],
			[ -39, 11 ],
			[ -11, 3 ],
			[ -0, 0 ],
			[ -35, 10 ],
			[ -30, 9 ],
			[ -38, 11 ],
			[ -49, 14 ],
			[ -19, 6 ],
			[ -57, 16 ],
			[ -19, 6 ],
			[ -26, 7 ],
			[ -37, 11 ],
			[ -6, 2 ],
			[ -12, 3 ],
			[ -32, 9 ],
			[ -74, 21 ],
			[ -12, 3 ],
			[ -50, 14 ],
			[ -49, 14 ],
			[ -45, 13 ],
			[ -38, 11 ],
			[ -9, 3 ],
			[ -11, 3 ],
			[ -41, 12 ],
			[ -40, 11 ],
			[ -23, 6 ],
			[ -8, 2 ],
			[ -38, 10 ],
			[ -27, 8 ],
			[ -1, 0 ],
			[ -4, 1 ],
			[ -18, 5 ],
			[ -3, 1 ],
			[ -13, 4 ],
			[ -38, 11 ],
			[ -3, 1 ],
			[ -30, 8 ],
			[ -21, 6 ],
			[ -18, 5 ],
			[ -29, 8 ],
			[ -32, 9 ],
			[ -11, 3 ],
			[ -19, 5 ],
			[ -37, 11 ],
			[ -47, 13 ],
			[ -11, 3 ],
			[ -39, 12 ],
			[ -44, 12 ],
			[ -5, 1 ],
			[ -1, 0 ],
			[ -3, 1 ],
			[ -32, 8 ],
			[ -29, 8 ],
			[ -23, 7 ],
			[ -52, 15 ],
			[ -9, 3 ],
			[ -45, 13 ],
			[ -22, 6 ],
			[ -30, 9 ],
			[ -55, 16 ],
			[ -91, 26 ],
			[ -0, 0 ]
		],
		[
			[ 5231, 16751 ],
			[ -0, -0 ],
			[ -10, -49 ],
			[ -3, -16 ],
			[ -3, -17 ],
			[ -5, -24 ],
			[ -7, -33 ],
			[ -3, -19 ],
			[ -4, -25 ],
			[ -7, -37 ],
			[ -8, -32 ],
			[ -3, -12 ],
			[ -3, -12 ],
			[ -2, -11 ],
			[ -1, -6 ],
			[ -2, -11 ],
			[ -5, -25 ],
			[ -1, -6 ],
			[ -0, -1 ],
			[ -1, -4 ],
			[ -2, -11 ],
			[ -1, -8 ],
			[ -4, -20 ],
			[ -1, -4 ],
			[ 67, -62 ],
			[ 61, -23 ],
			[ -12, -18 ],
			[ -36, -55 ],
			[ -28, -42 ],
			[ -51, -78 ],
			[ 4, -1 ],
			[ -18, -36 ],
			[ -61, -166 ],
			[ -12, -316 ],
			[ 134, -79 ],
			[ 79, -70 ],
			[ 49, -43 ],
			[ 86, -95 ],
			[ 43, -47 ],
			[ 343, 152 ],
			[ 195, 38 ],
			[ 125, -21 ],
			[ 61, -10 ],
			[ 124, -61 ],
			[ 110, -56 ],
			[ 116, -13 ],
			[ 139, 6 ],
			[ 124, -25 ],
			[ 111, -10 ],
			[ 106, 10 ],
			[ 140, -3 ],
			[ 224, -69 ],
			[ 228, -4 ],
			[ 278, 53 ],
			[ 279, -81 ],
			[ 319, -45 ],
			[ 166, -95 ],
			[ 192, -171 ],
			[ 158, -116 ]
		],
		[
			[ 20373, 17022 ],
			[ -14, 17 ],
			[ -22, 17 ],
			[ -21, 12 ],
			[ -26, 10 ],
			[ -39, 10 ],
			[ -95, 22 ],
			[ -99, 27 ],
			[ -81, 32 ],
			[ -23, 9 ],
			[ -45, 18 ],
			[ -10, 4 ],
			[ -4, 2 ],
			[ -50, 20 ],
			[ -32, 13 ],
			[ -50, 20 ],
			[ -46, 19 ],
			[ -76, 30 ],
			[ -26, 10 ],
			[ -35, 14 ],
			[ -12, 5 ],
			[ -26, 10 ],
			[ -20, 8 ],
			[ -41, 16 ],
			[ -30, 12 ],
			[ -39, 15 ],
			[ -26, 12 ],
			[ -20, 10 ],
			[ -49, 27 ],
			[ -48, 33 ],
			[ -35, 29 ],
			[ -39, 38 ],
			[ -12, 13 ],
			[ -22, 26 ],
			[ -14, 22 ],
			[ -13, 21 ],
			[ -14, 28 ],
			[ -10, 22 ],
			[ -11, 29 ],
			[ -12, 37 ],
			[ -15, 61 ]
		],
		[
			[ 19071, 17802 ],
			[ -57, -16 ],
			[ -212, -63 ],
			[ -23, -10 ],
			[ -18, -8 ],
			[ -19, -9 ],
			[ -12, -7 ],
			[ -17, -11 ],
			[ -15, -9 ],
			[ -45, -29 ],
			[ -28, -19 ],
			[ -18, -10 ],
			[ -31, -15 ],
			[ -18, -8 ],
			[ -21, -8 ],
			[ -60, -18 ],
			[ -9, -3 ],
			[ -43, -13 ],
			[ -268, -78 ],
			[ -33, -11 ],
			[ -28, -13 ],
			[ -16, -9 ],
			[ -13, -8 ],
			[ -14, -8 ],
			[ -13, -9 ],
			[ -11, -8 ],
			[ -5, -4 ],
			[ -22, -19 ],
			[ -38, -29 ]
		],
		[
			[ 15692, 17490 ],
			[ -10, -2 ],
			[ -11, -1 ],
			[ -8, -0 ],
			[ -7, 2 ],
			[ -3, 3 ],
			[ -8, 6 ],
			[ -4, 3 ],
			[ -7, 7 ],
			[ -0, 0 ],
			[ -11, 8 ],
			[ -9, 6 ],
			[ -18, 8 ],
			[ -29, 11 ],
			[ -26, 13 ],
			[ -27, 15 ],
			[ -41, 13 ],
			[ -22, 16 ],
			[ -24, 32 ],
			[ -22, 24 ],
			[ -15, 10 ],
			[ -24, 9 ],
			[ -30, 15 ],
			[ -29, 6 ],
			[ -28, 7 ],
			[ -23, 6 ],
			[ -18, 6 ],
			[ -14, 7 ],
			[ -11, 5 ],
			[ -32, 11 ],
			[ -35, 11 ],
			[ -18, 8 ],
			[ -29, 22 ],
			[ -10, 4 ],
			[ -191, 64 ]
		],
		[
			[ 14898, 17848 ],
			[ -41, -38 ],
			[ -69, -65 ],
			[ -0, 0 ],
			[ -6, -6 ],
			[ -1, 0 ],
			[ -3, -3 ],
			[ -12, -11 ],
			[ -18, -17 ],
			[ -17, -16 ],
			[ -28, -26 ],
			[ -48, -23 ],
			[ -15, -63 ],
			[ -115, -174 ],
			[ -48, -46 ],
			[ -21, -20 ],
			[ -110, -190 ],
			[ 44, -73 ],
			[ 3, -5 ],
			[ 10, -13 ],
			[ 46, -24 ],
			[ 16, -8 ],
			[ 63, -34 ],
			[ 87, -45 ],
			[ 89, -41 ],
			[ 32, -15 ],
			[ -14, -9 ],
			[ -5, -3 ],
			[ -11, -7 ],
			[ -11, -7 ],
			[ -20, -12 ],
			[ -30, -19 ],
			[ -11, -7 ],
			[ -13, -8 ],
			[ -9, -6 ],
			[ -9, -6 ],
			[ -45, -27 ],
			[ -13, -8 ],
			[ -8, -5 ],
			[ -20, -13 ],
			[ -10, -7 ],
			[ -25, -16 ],
			[ -10, -6 ],
			[ -12, -8 ],
			[ -11, -7 ],
			[ -3, -2 ],
			[ -14, -8 ],
			[ -2, -1 ],
			[ -0, -0 ],
			[ -1, -1 ],
			[ -2, -1 ],
			[ -4, -3 ],
			[ -3, -2 ],
			[ -34, -22 ],
			[ -4, -2 ],
			[ -14, -9 ],
			[ -20, -12 ],
			[ -11, -7 ],
			[ -15, -9 ],
			[ -10, -7 ],
			[ -6, -4 ],
			[ -13, -8 ],
			[ -13, -8 ],
			[ -15, -9 ],
			[ -3, -2 ],
			[ -5, -3 ],
			[ -5, -3 ],
			[ -3, -2 ],
			[ -5, -3 ],
			[ -8, -5 ],
			[ -7, -5 ],
			[ -9, -6 ],
			[ -15, 12 ],
			[ -1, 1 ],
			[ -10, 7 ],
			[ -10, 6 ],
			[ -11, 6 ],
			[ -4, 2 ],
			[ -3, 2 ],
			[ -8, 4 ],
			[ -26, 10 ],
			[ -8, 3 ],
			[ -5, 2 ],
			[ -18, 4 ],
			[ -13, 3 ],
			[ -15, 2 ],
			[ -32, 3 ],
			[ -52, 2 ],
			[ -69, 0 ],
			[ -173, -1 ]
		],
		[
			[ 28705, 18939 ],
			[ -4, 1 ],
			[ -6, 1 ],
			[ -3, 0 ],
			[ -2, -0 ],
			[ -2, -1 ],
			[ -2, -1 ],
			[ -2, -1 ],
			[ -2, -2 ],
			[ -1, -1 ],
			[ -2, -3 ],
			[ -1, -3 ],
			[ -1, -3 ],
			[ -2, -5 ],
			[ -0, -1 ],
			[ -1, -1 ],
			[ -1, -1 ],
			[ -1, -0 ],
			[ -1, -0 ],
			[ -1, -0 ],
			[ -1, -0 ],
			[ -1, -0 ],
			[ -1, -0 ],
			[ -2, -0 ],
			[ -4, 0 ],
			[ -7, 1 ],
			[ -42, 6 ],
			[ 3, 11 ],
			[ -55, 31 ],
			[ -131, 126 ],
			[ 1, 1 ],
			[ -15, 9 ],
			[ -16, 13 ],
			[ -30, 23 ],
			[ -16, 14 ],
			[ -14, 15 ],
			[ -10, 11 ],
			[ -2, 2 ],
			[ -10, 11 ],
			[ -9, 10 ],
			[ -7, 10 ],
			[ -4, 11 ],
			[ -5, 17 ],
			[ -3, 15 ],
			[ -3, 17 ],
			[ -4, 23 ],
			[ -7, 26 ],
			[ -5, 18 ],
			[ -4, 6 ],
			[ -6, 7 ],
			[ -9, 9 ],
			[ -9, 9 ],
			[ -11, 9 ],
			[ -16, 12 ],
			[ -17, 10 ],
			[ -18, 7 ],
			[ -40, 15 ],
			[ -27, 12 ],
			[ -20, 10 ],
			[ -22, 12 ],
			[ -29, 17 ],
			[ -28, 18 ],
			[ -32, 22 ],
			[ -25, 16 ],
			[ -22, 17 ],
			[ -33, 26 ],
			[ -19, 18 ],
			[ -15, 16 ],
			[ -17, 15 ],
			[ -21, 19 ],
			[ -18, 17 ],
			[ -18, 13 ],
			[ -7, 5 ],
			[ -12, 7 ],
			[ -10, 3 ],
			[ -9, 0 ],
			[ -6, -0 ],
			[ -8, 1 ],
			[ -17, 2 ],
			[ -12, 1 ],
			[ -27, 5 ],
			[ -17, 3 ],
			[ -14, 3 ],
			[ -12, 4 ],
			[ -14, 6 ],
			[ -19, 8 ],
			[ -12, 5 ],
			[ -15, 8 ],
			[ -17, 10 ],
			[ -15, 8 ],
			[ -16, 11 ],
			[ -15, 10 ],
			[ -18, 13 ],
			[ -9, 7 ],
			[ -9, 8 ],
			[ -5, 5 ],
			[ -3, 5 ],
			[ -3, 5 ],
			[ -3, 7 ],
			[ -2, 8 ],
			[ 0, 8 ],
			[ 4, 18 ],
			[ -0, 4 ],
			[ -1, 2 ],
			[ -4, 3 ],
			[ -9, 4 ],
			[ -9, 2 ],
			[ -8, 1 ],
			[ -23, 6 ],
			[ -17, 5 ],
			[ -16, 4 ],
			[ -12, 1 ],
			[ -16, 1 ],
			[ -12, -1 ],
			[ -10, -1 ],
			[ -18, -3 ],
			[ -16, -3 ],
			[ -13, -4 ],
			[ -22, -6 ],
			[ -7, -2 ],
			[ -12, -4 ],
			[ -19, -6 ],
			[ -17, -6 ],
			[ -11, -3 ],
			[ -9, -2 ],
			[ -10, -2 ],
			[ -10, -3 ],
			[ -10, -3 ],
			[ -11, -5 ],
			[ -12, -6 ],
			[ -13, -6 ],
			[ -17, -8 ],
			[ -14, -8 ],
			[ -11, -4 ],
			[ -10, -2 ],
			[ -13, -1 ],
			[ -10, 0 ],
			[ -12, 1 ],
			[ -13, 1 ],
			[ -9, 1 ],
			[ -15, 3 ],
			[ -20, 3 ],
			[ -20, 3 ],
			[ -14, 2 ],
			[ -13, 1 ],
			[ -13, 0 ],
			[ -17, -0 ],
			[ -21, -1 ],
			[ -18, -2 ],
			[ -20, -2 ],
			[ -16, -2 ],
			[ -11, -1 ],
			[ -10, -1 ],
			[ -11, -2 ],
			[ -15, -4 ],
			[ -6, -2 ],
			[ -8, -2 ],
			[ -6, -3 ],
			[ -4, -2 ],
			[ -5, -3 ],
			[ -13, -9 ],
			[ -4, -2 ],
			[ -6, -5 ],
			[ -8, -8 ],
			[ -12, -10 ],
			[ -11, -10 ],
			[ -12, -13 ],
			[ -9, -7 ],
			[ -12, -8 ],
			[ -9, -4 ],
			[ -11, -5 ],
			[ -8, -3 ],
			[ -16, -5 ],
			[ -11, -4 ],
			[ -11, -3 ],
			[ -10, -1 ],
			[ -12, -1 ],
			[ -12, 0 ],
			[ -12, 1 ],
			[ -13, 2 ],
			[ -12, 3 ],
			[ -15, 6 ],
			[ -13, 5 ],
			[ -6, 3 ],
			[ -17, 6 ],
			[ -11, 4 ],
			[ -14, 3 ],
			[ -10, 1 ],
			[ -10, 1 ],
			[ -14, 1 ],
			[ -11, 3 ],
			[ -7, 2 ],
			[ -11, 4 ],
			[ -5, -1 ],
			[ -12, -1 ],
			[ -15, -3 ],
			[ -16, -2 ],
			[ -13, -1 ],
			[ -17, -1 ],
			[ -12, -4 ],
			[ -28, -8 ],
			[ -13, -4 ],
			[ -16, -6 ],
			[ -16, -7 ],
			[ -30, -13 ],
			[ -17, -7 ],
			[ -20, -8 ],
			[ -13, -3 ],
			[ -8, -4 ],
			[ -22, -13 ],
			[ -12, -6 ],
			[ -12, -4 ],
			[ -12, -4 ],
			[ -12, -3 ],
			[ -10, -1 ],
			[ -8, -0 ],
			[ -16, -1 ],
			[ -13, -1 ],
			[ -11, -0 ],
			[ -17, -1 ],
			[ -11, -0 ],
			[ -12, 1 ],
			[ -17, 2 ],
			[ -25, 3 ],
			[ -14, 2 ],
			[ -13, 1 ],
			[ -43, -0 ],
			[ -41, -0 ],
			[ -16, 0 ],
			[ -17, -0 ],
			[ -20, -4 ],
			[ -29, -3 ],
			[ -36, -15 ],
			[ -14, -4 ],
			[ -8, -3 ],
			[ -13, -6 ],
			[ -10, -7 ],
			[ -12, -8 ],
			[ -22, -11 ],
			[ -19, -9 ],
			[ -14, -5 ],
			[ -7, -1 ],
			[ -2, -0 ],
			[ -4, -0 ],
			[ -6, 1 ],
			[ -1, -2 ],
			[ -37, 17 ],
			[ -591, 6 ],
			[ -155, 12 ],
			[ 2, 5 ],
			[ -11, 3 ],
			[ -9, 3 ],
			[ -7, 2 ],
			[ -11, 1 ],
			[ -15, 1 ],
			[ -14, 1 ],
			[ -16, 2 ],
			[ -11, 1 ],
			[ -8, 1 ],
			[ -8, -0 ],
			[ -7, -1 ],
			[ -8, -1 ],
			[ -7, -1 ],
			[ -9, -2 ],
			[ -21, -5 ],
			[ -36, -10 ],
			[ -20, -6 ],
			[ -11, -1 ],
			[ -9, 1 ],
			[ -17, 3 ],
			[ -25, 4 ],
			[ -27, 5 ],
			[ -20, 6 ],
			[ -3, -6 ],
			[ -44, -16 ],
			[ -3, -1 ],
			[ -16, 8 ],
			[ -53, 26 ],
			[ -8, 4 ],
			[ -9, 6 ],
			[ -7, 4 ],
			[ -8, 6 ],
			[ -9, 8 ],
			[ -9, 8 ],
			[ -22, 20 ],
			[ -13, 12 ],
			[ -25, 24 ],
			[ -20, 19 ],
			[ -32, 31 ],
			[ -34, 39 ],
			[ -24, 21 ],
			[ -4, 3 ],
			[ -5, 4 ],
			[ -7, 5 ],
			[ -5, 3 ],
			[ -7, 3 ],
			[ -9, 4 ],
			[ -11, 4 ],
			[ -25, 10 ],
			[ -17, 7 ],
			[ -14, 5 ],
			[ -11, 3 ],
			[ -9, 2 ],
			[ -6, 1 ],
			[ -7, 1 ],
			[ -11, 1 ],
			[ -36, 3 ],
			[ -29, 3 ],
			[ -52, 5 ],
			[ -47, 5 ],
			[ -73, 7 ],
			[ -10, 1 ],
			[ -10, 2 ],
			[ -20, 3 ],
			[ -12, 1 ],
			[ -9, 0 ],
			[ -7, 0 ],
			[ -7, -0 ],
			[ -11, -1 ],
			[ 7, 32 ],
			[ -215, 135 ],
			[ -164, 31 ],
			[ -144, -138 ]
		],
		[
			[ 23134, 19965 ],
			[ -0, -0 ],
			[ -14, -25 ],
			[ -11, -24 ],
			[ -9, -21 ],
			[ -6, -15 ],
			[ -6, -19 ],
			[ -7, -23 ],
			[ -3, -14 ],
			[ -4, -21 ],
			[ -3, -18 ],
			[ -2, -16 ],
			[ -2, -16 ],
			[ -1, -14 ],
			[ -0, -8 ],
			[ -0, -6 ],
			[ -0, -19 ],
			[ -0, -14 ],
			[ 1, -22 ],
			[ 0, -18 ],
			[ 1, -20 ],
			[ 1, -20 ],
			[ 1, -19 ],
			[ 2, -23 ],
			[ 1, -19 ],
			[ 1, -17 ],
			[ 2, -41 ],
			[ 3, -41 ],
			[ 1, -40 ],
			[ 1, -36 ],
			[ -1, -33 ],
			[ -3, -28 ],
			[ -4, -26 ],
			[ -9, -35 ],
			[ -6, -21 ],
			[ -7, -18 ],
			[ -10, -20 ],
			[ -8, -17 ],
			[ -9, -18 ],
			[ -9, -16 ],
			[ -11, -17 ],
			[ -18, -26 ],
			[ -9, -13 ],
			[ -37, -48 ],
			[ -47, -58 ],
			[ -36, -44 ],
			[ -66, -78 ],
			[ -45, -51 ],
			[ -25, -28 ],
			[ -49, -53 ],
			[ -62, -59 ],
			[ -58, -50 ],
			[ -65, -54 ],
			[ -75, -62 ],
			[ -115, -93 ],
			[ -49, -39 ],
			[ -49, -39 ],
			[ -13, -10 ],
			[ -47, -37 ],
			[ -31, -25 ],
			[ -65, -51 ],
			[ -71, -55 ],
			[ -77, -62 ],
			[ -17, -13 ],
			[ -28, -24 ],
			[ -18, -15 ],
			[ -34, -31 ],
			[ -20, -20 ],
			[ -26, -28 ],
			[ -19, -24 ],
			[ -17, -23 ],
			[ -15, -23 ],
			[ -15, -24 ],
			[ -11, -21 ],
			[ -13, -26 ],
			[ -12, -25 ],
			[ -14, -34 ],
			[ -11, -31 ],
			[ -9, -28 ],
			[ -4, -14 ],
			[ -6, -23 ],
			[ -9, -39 ],
			[ -8, -43 ],
			[ -8, -52 ],
			[ -3, -22 ],
			[ -5, -47 ],
			[ -11, -113 ],
			[ -3, -36 ],
			[ -6, -70 ],
			[ -4, -50 ]
		],
		[
			[ 28724, 17295 ],
			[ -1, 44 ],
			[ -1, 72 ],
			[ -0, 49 ],
			[ -3, 71 ],
			[ -4, 55 ],
			[ -4, 102 ],
			[ -1, 37 ],
			[ -0, 25 ],
			[ -0, 17 ],
			[ 0, 9 ],
			[ -0, 10 ],
			[ -0, 23 ],
			[ 0, 23 ],
			[ 1, 21 ],
			[ 1, 30 ],
			[ 1, 39 ],
			[ 0, 5 ],
			[ 1, 42 ],
			[ 4, 113 ],
			[ 1, 49 ],
			[ -0, 16 ],
			[ -0, 15 ],
			[ 0, 32 ],
			[ 1, 61 ],
			[ -1, 35 ],
			[ -1, 26 ],
			[ -1, 71 ],
			[ -2, 46 ],
			[ -2, 49 ],
			[ -3, 50 ],
			[ -2, 44 ],
			[ -1, 39 ],
			[ -1, 50 ],
			[ -1, 66 ],
			[ 0, 103 ],
			[ 2, 107 ]
		],
		[
			[ 23134, 19965 ],
			[ -0, -0 ],
			[ -27, -26 ],
			[ -71, 21 ],
			[ -53, 182 ],
			[ -3, 11 ],
			[ -231, 367 ],
			[ -140, 277 ]
		],
		[
			[ 22609, 20796 ],
			[ -48, -19 ],
			[ -74, -27 ],
			[ -152, -55 ],
			[ -41, -17 ],
			[ -31, -16 ],
			[ -26, -15 ],
			[ -47, -30 ],
			[ -54, -39 ],
			[ -39, -28 ],
			[ -33, -23 ],
			[ -26, -16 ],
			[ -38, -22 ],
			[ -39, -20 ],
			[ -40, -17 ],
			[ -46, -17 ],
			[ -119, -47 ],
			[ -214, -96 ],
			[ -111, -49 ],
			[ -34, -15 ],
			[ -21, -8 ],
			[ -19, -7 ],
			[ -27, -8 ],
			[ -199, -47 ],
			[ -27, -7 ],
			[ -110, -31 ],
			[ -328, -77 ],
			[ -42, -10 ],
			[ -49, -14 ],
			[ -26, -9 ],
			[ -24, -11 ],
			[ -22, -12 ],
			[ -15, -11 ],
			[ -19, -15 ],
			[ -50, -41 ],
			[ -75, -63 ],
			[ -12, -7 ],
			[ -11, -5 ],
			[ -10, -3 ],
			[ -9, -1 ],
			[ -9, -1 ],
			[ -11, 0 ],
			[ -10, 1 ],
			[ -11, 2 ],
			[ -66, 16 ],
			[ -108, -52 ],
			[ -39, -19 ],
			[ -11, -7 ],
			[ -35, -21 ],
			[ -2, -1 ],
			[ -54, -37 ],
			[ -15, -13 ],
			[ -4, -3 ],
			[ -17, -16 ],
			[ -8, -8 ],
			[ -52, -60 ],
			[ -33, -37 ],
			[ -32, -37 ],
			[ -116, -139 ],
			[ -16, -19 ],
			[ -18, -21 ],
			[ -124, -149 ],
			[ -233, -277 ]
		],
		[
			[ 19277, 18944 ],
			[ -34, -42 ],
			[ -39, -45 ],
			[ -23, -24 ],
			[ -20, -19 ],
			[ -31, -25 ],
			[ -42, -30 ],
			[ -36, -23 ],
			[ -37, -24 ],
			[ -43, -29 ],
			[ -22, -18 ],
			[ -23, -22 ],
			[ -24, -27 ],
			[ -23, -31 ],
			[ -20, -29 ],
			[ -18, -27 ],
			[ -15, -26 ],
			[ -9, -22 ],
			[ -8, -25 ],
			[ -4, -21 ],
			[ -3, -23 ],
			[ -0, -22 ],
			[ 2, -27 ],
			[ 4, -23 ],
			[ 5, -18 ],
			[ 4, -13 ],
			[ 8, -18 ],
			[ 11, -20 ],
			[ 16, -26 ],
			[ 14, -18 ],
			[ 23, -25 ],
			[ 22, -24 ],
			[ 39, -43 ],
			[ 23, -27 ],
			[ 20, -27 ],
			[ 14, -24 ],
			[ 10, -20 ],
			[ 11, -26 ],
			[ 6, -20 ],
			[ 5, -22 ],
			[ 9, -57 ],
			[ 7, -38 ],
			[ 14, -75 ]
		],
		[
			[ 19277, 18944 ],
			[ -84, 57 ],
			[ -36, 28 ],
			[ -27, 29 ],
			[ -1, 2 ],
			[ -58, 100 ],
			[ -84, -26 ],
			[ -78, -13 ],
			[ -62, -3 ],
			[ -85, -0 ],
			[ -114, 5 ],
			[ -223, 13 ],
			[ -1, 0 ],
			[ -214, 11 ],
			[ -2, 0 ],
			[ -281, 15 ],
			[ -121, 7 ],
			[ -27, 1 ],
			[ -23, -2 ],
			[ -25, -3 ],
			[ -28, -7 ],
			[ -27, -10 ],
			[ -47, -25 ],
			[ -50, -8 ],
			[ -50, 5 ],
			[ -14, 3 ],
			[ -34, 9 ],
			[ -35, 14 ],
			[ -39, 14 ],
			[ -24, 9 ],
			[ -33, 11 ],
			[ -160, 50 ],
			[ -50, 18 ],
			[ -57, 23 ],
			[ -94, 39 ],
			[ -84, 42 ],
			[ -58, 31 ],
			[ -40, 19 ],
			[ -23, 9 ],
			[ -21, 6 ],
			[ -31, 7 ],
			[ -32, 7 ],
			[ -80, 16 ],
			[ -31, 5 ],
			[ -32, 3 ],
			[ -74, 6 ],
			[ -14, 1 ],
			[ -12, 3 ],
			[ -11, 4 ],
			[ -12, 5 ],
			[ -127, 74 ],
			[ -8, 5 ],
			[ -13, 10 ],
			[ -45, 40 ],
			[ -9, 6 ],
			[ -10, 6 ],
			[ -16, 6 ],
			[ -19, 5 ],
			[ -127, 25 ],
			[ -170, 33 ],
			[ -101, 20 ],
			[ -76, 15 ],
			[ -13, 3 ],
			[ -12, 4 ],
			[ -21, 7 ],
			[ -14, 6 ],
			[ -20, 12 ],
			[ -384, 259 ],
			[ -17, 10 ],
			[ -28, 12 ],
			[ -105, 38 ],
			[ -116, 41 ],
			[ -28, 8 ]
		],
		[
			[ 14954, 20124 ],
			[ -27, -44 ],
			[ -96, -162 ],
			[ -9, -15 ],
			[ -3, -4 ],
			[ -3, -6 ],
			[ -4, -6 ],
			[ -2, -4 ],
			[ -2, -3 ],
			[ -4, -7 ],
			[ -3, -4 ],
			[ -1, -1 ],
			[ -1, -1 ],
			[ -2, -4 ],
			[ -2, -4 ],
			[ -2, -4 ],
			[ -3, -5 ],
			[ -1, -2 ],
			[ -2, -3 ],
			[ -3, -5 ],
			[ -3, -5 ],
			[ -2, -4 ],
			[ -3, -4 ],
			[ -6, -10 ],
			[ -2, -3 ],
			[ -2, -4 ],
			[ -4, -7 ],
			[ -1, -1 ],
			[ -1, -2 ],
			[ -2, -3 ],
			[ -2, -4 ],
			[ -2, -3 ],
			[ -7, -12 ],
			[ -2, -4 ],
			[ -2, -4 ],
			[ -2, -4 ],
			[ -8, -13 ],
			[ -2, -4 ],
			[ -3, -4 ],
			[ -2, -4 ],
			[ -3, -4 ],
			[ -2, -3 ],
			[ -1, -2 ],
			[ -1, -2 ],
			[ -3, -5 ],
			[ -2, -3 ],
			[ -2, -3 ],
			[ -2, -3 ],
			[ -2, -3 ],
			[ -3, -4 ],
			[ -2, -4 ],
			[ -2, -3 ],
			[ -2, -3 ],
			[ -2, -4 ],
			[ -5, -7 ],
			[ 66, -20 ],
			[ 9, -3 ],
			[ 15, -4 ],
			[ 20, -6 ],
			[ 100, -30 ],
			[ 21, -6 ],
			[ 23, -7 ],
			[ 29, -9 ],
			[ 14, -4 ],
			[ 11, -3 ],
			[ 16, -4 ],
			[ 13, -4 ],
			[ 12, -4 ],
			[ 16, -5 ],
			[ 10, -3 ],
			[ 8, -2 ],
			[ 12, -3 ],
			[ 13, -4 ],
			[ 13, -4 ],
			[ 6, -2 ],
			[ 17, -5 ],
			[ 18, -5 ],
			[ 13, -4 ],
			[ 15, -5 ],
			[ 5, -1 ],
			[ 10, -3 ],
			[ 14, -4 ],
			[ 7, -2 ],
			[ 15, -4 ],
			[ 14, -4 ],
			[ 11, -3 ],
			[ 25, -7 ],
			[ 24, -7 ],
			[ 18, -5 ],
			[ 20, -5 ],
			[ 17, -5 ],
			[ 9, -3 ],
			[ 14, -4 ],
			[ 14, -4 ],
			[ 14, 22 ],
			[ 3, 5 ],
			[ 3, 4 ],
			[ 3, 4 ],
			[ 3, 4 ],
			[ 2, 4 ],
			[ 4, 7 ],
			[ 3, 5 ],
			[ 4, 6 ],
			[ 2, 4 ],
			[ 4, 6 ],
			[ 3, 5 ],
			[ 4, 6 ],
			[ 4, 6 ],
			[ 31, -10 ],
			[ 7, -2 ],
			[ 11, -4 ],
			[ 4, -1 ],
			[ 18, -6 ],
			[ 10, -3 ],
			[ 13, -4 ],
			[ 4, -1 ],
			[ 15, -2 ],
			[ 28, -11 ],
			[ 7, -12 ],
			[ 3, -5 ],
			[ -10, -13 ],
			[ -10, -61 ],
			[ 29, -7 ],
			[ 7, -42 ],
			[ 0, -2 ],
			[ 1, -5 ],
			[ 1, -5 ],
			[ 0, -1 ],
			[ 17, -45 ],
			[ 0, -1 ],
			[ 1, -4 ],
			[ 1, -5 ],
			[ 1, -3 ],
			[ 0, -1 ],
			[ 1, -4 ],
			[ 1, -4 ],
			[ 1, -4 ],
			[ 1, -3 ],
			[ 1, -3 ],
			[ 1, -3 ],
			[ 1, -4 ],
			[ 1, -5 ],
			[ 0, -1 ],
			[ 1, -5 ],
			[ 1, -5 ],
			[ 1, -5 ],
			[ 0, -3 ],
			[ 1, -4 ],
			[ 0, -3 ],
			[ 0, -3 ],
			[ 0, -3 ],
			[ 1, -4 ],
			[ 0, -3 ],
			[ 0, -3 ],
			[ 0, -3 ],
			[ 0, -4 ],
			[ 1, -4 ],
			[ 1, -5 ],
			[ 1, -5 ],
			[ 5, -36 ],
			[ -39, -43 ],
			[ -36, -26 ],
			[ -59, -43 ],
			[ -32, -23 ],
			[ -54, -39 ],
			[ -34, -91 ],
			[ -55, -147 ],
			[ -47, -127 ],
			[ -29, -77 ],
			[ -1, -4 ],
			[ -4, -10 ],
			[ -11, -29 ],
			[ -11, -24 ],
			[ -2, -4 ],
			[ -6, -13 ],
			[ -5, -10 ],
			[ -9, -18 ],
			[ -10, -21 ],
			[ -10, -19 ],
			[ -8, -15 ],
			[ -19, -36 ],
			[ -5, -10 ],
			[ -6, -13 ],
			[ -12, -25 ],
			[ -5, -11 ],
			[ -5, -11 ],
			[ -5, -11 ],
			[ -7, -13 ],
			[ -7, -15 ],
			[ -7, -13 ],
			[ -5, -10 ],
			[ -5, -10 ],
			[ -5, -11 ],
			[ -5, -9 ],
			[ -0, -0 ],
			[ -7, -15 ],
			[ -2, -5 ],
			[ -1, -1 ],
			[ -1, -1 ],
			[ -1, -1 ],
			[ -2, -3 ],
			[ -15, -29 ],
			[ -1, -2 ],
			[ -14, -29 ],
			[ -6, -12 ],
			[ -18, -36 ],
			[ -15, -30 ],
			[ -30, -61 ],
			[ -34, -68 ],
			[ -60, -55 ]
		],
		[
			[ 18737, 26646 ],
			[ -0, -0 ],
			[ -207, 3 ],
			[ -659, -5 ],
			[ -23, -0 ],
			[ -1, -7 ],
			[ -5, -19 ],
			[ -3, -14 ],
			[ -2, -9 ],
			[ -4, -15 ],
			[ -7, -28 ],
			[ -4, -24 ],
			[ -12, -60 ],
			[ -6, -26 ],
			[ -3, -18 ],
			[ -4, -15 ],
			[ -9, -41 ],
			[ -6, -24 ],
			[ -12, -60 ],
			[ -6, -29 ],
			[ -13, -53 ],
			[ -15, -63 ],
			[ -14, -62 ],
			[ -33, -47 ],
			[ -11, -30 ],
			[ -5, -16 ],
			[ -9, -20 ],
			[ -21, -32 ],
			[ -3, -6 ],
			[ -17, -24 ],
			[ -40, -49 ],
			[ -16, -21 ],
			[ -41, -51 ],
			[ -34, -47 ],
			[ -45, -59 ],
			[ -39, -53 ],
			[ -24, -33 ],
			[ -81, -120 ],
			[ -10, -15 ],
			[ -3, -4 ],
			[ 2, -2 ],
			[ -6, -26 ],
			[ -11, -46 ],
			[ -8, -34 ],
			[ -7, -32 ],
			[ -0, -2 ],
			[ 1, -10 ],
			[ 1, -6 ],
			[ 3, -21 ],
			[ 1, -8 ],
			[ 1, -12 ],
			[ 2, -15 ],
			[ 1, -11 ],
			[ 8, -54 ],
			[ 10, -68 ],
			[ 1, -3 ],
			[ 6, -18 ],
			[ 3, -10 ],
			[ 4, -12 ],
			[ 3, -7 ],
			[ 8, -23 ],
			[ 3, -10 ],
			[ 7, -19 ],
			[ 1, -3 ],
			[ 7, -23 ],
			[ 12, -36 ],
			[ 8, -24 ],
			[ 2, -4 ],
			[ 2, -6 ],
			[ 7, -24 ],
			[ 6, -13 ],
			[ 5, -18 ],
			[ 9, -25 ],
			[ 6, -18 ],
			[ 11, -32 ],
			[ 33, -104 ],
			[ -19, -32 ],
			[ -19, -30 ],
			[ -15, -25 ],
			[ -4, -7 ],
			[ 23, -19 ],
			[ 39, -32 ],
			[ 50, -43 ],
			[ 18, -15 ],
			[ 30, -87 ],
			[ 2, -6 ],
			[ 7, -20 ],
			[ 22, -68 ],
			[ 21, -63 ],
			[ 19, -60 ],
			[ 34, -104 ],
			[ 59, -182 ],
			[ 33, -101 ],
			[ 29, -87 ],
			[ 10, -28 ],
			[ 7, -24 ],
			[ 13, -37 ],
			[ 26, -80 ],
			[ 4, -12 ],
			[ 6, -16 ],
			[ 3, -9 ],
			[ 9, -19 ],
			[ 13, -29 ],
			[ 17, -32 ],
			[ 3, -5 ],
			[ 11, -21 ],
			[ 16, -30 ],
			[ 12, -22 ],
			[ 7, -13 ],
			[ 14, -25 ],
			[ 12, -24 ],
			[ 4, -8 ],
			[ 12, -21 ],
			[ 6, -12 ],
			[ 1, -3 ],
			[ 12, -22 ],
			[ 7, -14 ],
			[ 5, -9 ],
			[ 13, -24 ],
			[ 33, -62 ],
			[ 6, -10 ],
			[ 3, -6 ],
			[ 7, -11 ],
			[ 11, -20 ],
			[ 5, -8 ],
			[ 7, -12 ],
			[ 11, -20 ],
			[ 11, -20 ],
			[ 5, -9 ],
			[ 4, -7 ],
			[ 3, -5 ],
			[ 1, -1 ],
			[ 9, -13 ],
			[ 13, -17 ],
			[ 34, -45 ],
			[ 4, -4 ],
			[ 11, -12 ],
			[ 5, -5 ],
			[ 6, -6 ],
			[ 4, -4 ],
			[ 5, -4 ],
			[ 12, -11 ],
			[ 4, -3 ],
			[ 6, -5 ],
			[ 11, -10 ],
			[ 14, -12 ],
			[ 11, -8 ],
			[ 14, -10 ],
			[ 19, -14 ],
			[ 42, -30 ],
			[ 20, -14 ],
			[ -11, -15 ],
			[ -17, -21 ],
			[ -12, -16 ],
			[ -16, -19 ],
			[ -25, -32 ],
			[ -22, -27 ],
			[ -39, -50 ],
			[ -11, -14 ],
			[ -9, -12 ],
			[ -7, -9 ],
			[ -22, -27 ],
			[ -13, -17 ],
			[ -10, -11 ],
			[ -18, -17 ],
			[ -96, -89 ],
			[ -39, -36 ],
			[ -30, -28 ],
			[ -32, -30 ],
			[ -21, -19 ],
			[ -16, -16 ],
			[ -22, -21 ],
			[ -50, -46 ],
			[ -42, -39 ],
			[ -9, -8 ],
			[ -18, -16 ],
			[ -8, -7 ],
			[ -10, -10 ],
			[ -2, -2 ],
			[ -2, -1 ],
			[ -11, -4 ],
			[ -9, -3 ],
			[ -7, -3 ],
			[ -3, -1 ],
			[ -6, -2 ],
			[ -12, -4 ],
			[ -17, -6 ],
			[ -17, -6 ],
			[ -16, -6 ],
			[ -16, -6 ],
			[ -17, -6 ],
			[ -13, -5 ],
			[ -10, -3 ],
			[ -23, -8 ],
			[ -19, -6 ],
			[ -18, -6 ],
			[ -17, -6 ],
			[ -17, -6 ],
			[ -16, -5 ],
			[ -7, -2 ],
			[ -20, -7 ],
			[ -16, -6 ],
			[ -18, -6 ],
			[ -16, -6 ],
			[ -15, -5 ],
			[ -85, -29 ],
			[ -123, -42 ],
			[ -133, -46 ],
			[ -79, -27 ],
			[ -105, -22 ],
			[ -42, -9 ],
			[ -118, -49 ],
			[ -43, -18 ],
			[ -71, -30 ],
			[ -61, -25 ],
			[ -65, -27 ],
			[ -47, -20 ],
			[ -53, -23 ],
			[ -85, -36 ],
			[ -73, -31 ],
			[ -59, -25 ],
			[ -10, -17 ],
			[ -6, -10 ],
			[ -8, -15 ],
			[ -10, -19 ],
			[ -2, -4 ],
			[ -19, -33 ],
			[ -15, -26 ],
			[ -10, -18 ],
			[ -10, -18 ],
			[ -10, -17 ],
			[ -20, -35 ],
			[ -10, -17 ],
			[ -42, -75 ],
			[ -20, -36 ],
			[ -3, -4 ],
			[ -30, -40 ],
			[ -7, -0 ],
			[ -7, -0 ],
			[ -27, -2 ],
			[ -27, -2 ],
			[ -57, -5 ],
			[ -18, -1 ],
			[ -17, -2 ],
			[ -21, -2 ],
			[ -11, -1 ],
			[ -5, -1 ],
			[ -15, -3 ],
			[ -14, -3 ],
			[ -15, -3 ],
			[ -5, -1 ],
			[ -12, -3 ],
			[ -10, -2 ],
			[ -2, -3 ],
			[ -1, -1 ],
			[ -1, -1 ],
			[ -2, -3 ],
			[ -3, -4 ],
			[ -2, -3 ],
			[ -2, -2 ],
			[ -1, -2 ],
			[ -6, -8 ],
			[ -7, -10 ],
			[ -4, -5 ],
			[ -8, -12 ],
			[ -19, -26 ],
			[ -12, -18 ],
			[ -3, -5 ],
			[ -5, -7 ],
			[ -8, -12 ],
			[ -5, -8 ],
			[ -5, -7 ],
			[ -5, -7 ],
			[ -22, -32 ],
			[ -5, -7 ],
			[ -2, -2 ],
			[ -3, -4 ],
			[ -5, -8 ],
			[ -6, -8 ],
			[ -6, -8 ],
			[ -7, -9 ],
			[ -10, -14 ],
			[ -1, -2 ],
			[ -3, -4 ],
			[ -12, -18 ],
			[ -5, -6 ],
			[ -8, -11 ],
			[ -9, -13 ],
			[ -20, -29 ],
			[ -5, -7 ],
			[ -9, -13 ],
			[ -11, -15 ],
			[ -9, -13 ],
			[ -9, -13 ],
			[ -7, -9 ],
			[ -7, -10 ],
			[ -5, -8 ],
			[ -12, -17 ],
			[ -5, -7 ],
			[ -12, -16 ],
			[ -8, -10 ],
			[ -12, -18 ],
			[ -9, -13 ],
			[ -9, -13 ],
			[ -7, -9 ],
			[ -14, -19 ],
			[ -7, -10 ],
			[ -25, -35 ],
			[ -24, -32 ],
			[ -24, -33 ],
			[ -17, -24 ],
			[ -9, -13 ],
			[ -35, -48 ],
			[ -21, -28 ],
			[ -22, -29 ],
			[ -45, -61 ],
			[ -12, -17 ],
			[ 0, -0 ],
			[ -4, -6 ],
			[ -4, -7 ],
			[ -5, -8 ],
			[ -12, -19 ],
			[ -7, -12 ],
			[ -14, -23 ],
			[ -9, -16 ],
			[ -4, -6 ]
		],
		[
			[ 22609, 20796 ],
			[ -333, 108 ],
			[ -4, 1 ],
			[ 6, 10 ],
			[ 11, 18 ],
			[ 7, 16 ],
			[ 3, 8 ],
			[ 3, 16 ],
			[ 4, 22 ],
			[ 5, 15 ],
			[ 13, 39 ],
			[ 5, 20 ],
			[ 3, 15 ],
			[ 1, 3 ],
			[ 0, 2 ],
			[ 0, 4 ],
			[ -1, 4 ],
			[ -1, 4 ],
			[ -1, 6 ],
			[ -2, 10 ],
			[ -3, 10 ],
			[ -3, 7 ],
			[ -7, 16 ],
			[ -7, 12 ],
			[ -9, 20 ],
			[ -1, 4 ],
			[ -1, 6 ],
			[ -0, 8 ],
			[ -0, 19 ],
			[ 2, 22 ],
			[ -3, 0 ],
			[ -167, 53 ],
			[ -240, -29 ],
			[ -198, -35 ],
			[ -304, 121 ],
			[ -52, 54 ],
			[ -162, 87 ],
			[ 68, 25 ],
			[ 80, 114 ],
			[ 339, 249 ],
			[ 132, 119 ],
			[ 167, 228 ],
			[ 3, 4 ],
			[ -20, 13 ],
			[ -27, 18 ],
			[ -13, 8 ],
			[ -13, 9 ],
			[ -8, 7 ],
			[ -9, 9 ],
			[ -11, 13 ],
			[ -14, 14 ],
			[ -17, 20 ],
			[ -6, 10 ],
			[ -5, 11 ],
			[ -4, 11 ],
			[ -4, 7 ],
			[ -10, 17 ],
			[ -7, 11 ],
			[ -10, 14 ],
			[ -15, 18 ],
			[ -15, 16 ],
			[ -13, 15 ],
			[ -11, 16 ],
			[ -8, 11 ],
			[ -11, 12 ],
			[ -12, 11 ],
			[ -9, 8 ],
			[ -12, 6 ],
			[ -8, 2 ],
			[ -15, 4 ],
			[ -23, 5 ],
			[ -31, 6 ],
			[ -15, 3 ],
			[ -9, 2 ],
			[ -11, 4 ],
			[ -14, 8 ],
			[ -24, 13 ],
			[ -12, 7 ],
			[ -12, 9 ],
			[ -17, 12 ],
			[ -4, 4 ],
			[ -9, 12 ],
			[ -5, 8 ],
			[ -7, 10 ],
			[ -1, 9 ],
			[ -4, 12 ],
			[ -6, 17 ],
			[ -3, 9 ],
			[ -5, 10 ],
			[ -7, 11 ],
			[ -10, 18 ],
			[ -4, 8 ],
			[ -6, 13 ],
			[ -7, 11 ],
			[ -12, 18 ],
			[ -8, 10 ],
			[ -11, 15 ],
			[ -12, 17 ],
			[ -25, 38 ],
			[ -7, 9 ],
			[ -9, 11 ],
			[ -7, 6 ],
			[ -10, 10 ],
			[ -6, 6 ],
			[ -3, 2 ],
			[ -13, 9 ],
			[ -19, 10 ],
			[ -19, 10 ],
			[ -12, 8 ],
			[ -10, 8 ],
			[ -24, 20 ],
			[ -7, 8 ],
			[ -25, 27 ],
			[ -19, 21 ],
			[ -18, 26 ],
			[ -7, 8 ],
			[ -12, 14 ],
			[ -13, 13 ],
			[ -3, 4 ],
			[ -5, 12 ],
			[ -13, 25 ],
			[ -2, 3 ],
			[ -1, 5 ],
			[ 2, 0 ],
			[ -58, 193 ],
			[ 12, 112 ],
			[ 2, 0 ],
			[ -1, 3 ],
			[ -11, 20 ],
			[ -4, 9 ],
			[ -3, 6 ],
			[ -14, 22 ],
			[ -5, 7 ],
			[ -4, 6 ],
			[ -4, 3 ],
			[ -10, 9 ],
			[ -14, 11 ],
			[ -8, 7 ],
			[ -5, 6 ],
			[ -13, 16 ],
			[ -7, 8 ],
			[ -6, 8 ],
			[ -14, 21 ],
			[ -13, 19 ],
			[ -11, 17 ],
			[ -6, 10 ],
			[ -5, 8 ],
			[ -6, 7 ],
			[ -7, 4 ],
			[ -7, 3 ],
			[ -23, 10 ],
			[ -20, 9 ],
			[ -33, 21 ],
			[ -18, 14 ],
			[ -12, 11 ],
			[ -4, 5 ],
			[ -13, 14 ],
			[ -13, 13 ],
			[ -12, 14 ],
			[ -4, 7 ],
			[ -4, 25 ],
			[ -3, 12 ],
			[ -4, 11 ],
			[ -9, 21 ],
			[ -13, 13 ],
			[ -12, 21 ],
			[ -8, 18 ],
			[ -5, 12 ],
			[ -2, 24 ],
			[ 16, 41 ],
			[ 5, 12 ],
			[ 1, 10 ],
			[ 8, 36 ],
			[ 3, 11 ],
			[ 4, 16 ],
			[ 2, 9 ],
			[ -3, 0 ],
			[ -26, 92 ],
			[ -252, 426 ],
			[ -82, 155 ],
			[ -91, 275 ],
			[ -31, 75 ],
			[ -95, 180 ],
			[ -98, 219 ],
			[ -5, 2 ],
			[ 1, 3 ],
			[ 1, 4 ],
			[ -0, 4 ],
			[ -1, 7 ],
			[ -1, 6 ],
			[ -2, 6 ],
			[ -6, 15 ],
			[ -9, 23 ],
			[ -8, 17 ],
			[ -9, 24 ],
			[ -6, 14 ],
			[ -5, 9 ],
			[ -6, 6 ],
			[ -5, 6 ],
			[ -3, 7 ],
			[ -0, 13 ],
			[ 0, 17 ],
			[ 0, 10 ],
			[ -2, 39 ],
			[ -1, 17 ],
			[ -1, 11 ],
			[ 1, 10 ],
			[ 2, 12 ],
			[ 4, 12 ],
			[ 4, 8 ],
			[ 9, 17 ],
			[ -5, -1 ],
			[ -10, -3 ],
			[ -19, -7 ],
			[ -13, -6 ],
			[ -14, -8 ],
			[ -22, -15 ],
			[ -8, -5 ],
			[ -9, -8 ],
			[ -8, -8 ],
			[ -8, -13 ],
			[ -5, -11 ],
			[ -3, -12 ],
			[ -2, -13 ],
			[ -0, -3 ],
			[ -0, -1 ],
			[ -1, -5 ],
			[ -4, 0 ],
			[ -2, -1 ],
			[ -0, 0 ],
			[ -11, 11 ],
			[ -14, 17 ],
			[ -8, 10 ],
			[ -6, 6 ],
			[ -5, 4 ],
			[ -6, 3 ],
			[ -6, 2 ],
			[ -5, 2 ],
			[ -15, 5 ],
			[ -8, 2 ],
			[ -6, 2 ],
			[ -4, 2 ],
			[ -4, 3 ],
			[ -4, 4 ],
			[ -11, 16 ],
			[ -19, 26 ],
			[ -11, 13 ],
			[ -15, 17 ],
			[ -6, 7 ],
			[ -3, 5 ],
			[ -4, 7 ],
			[ -3, 7 ],
			[ -2, 8 ],
			[ -3, 10 ],
			[ -2, 7 ],
			[ -1, 8 ],
			[ -2, 19 ],
			[ -4, 16 ],
			[ -0, 1 ],
			[ -3, -0 ],
			[ -6, -4 ],
			[ -5, 4 ],
			[ -23, 13 ],
			[ -2, 1 ],
			[ -1, 1 ],
			[ -2, 1 ],
			[ -0, 0 ],
			[ -0, 0 ],
			[ -3, 1 ],
			[ -3, 1 ],
			[ -4, 3 ],
			[ -8, 5 ],
			[ -9, 7 ],
			[ -11, 9 ],
			[ -8, 7 ],
			[ -17, 18 ],
			[ -24, 27 ],
			[ -11, 13 ],
			[ -15, 17 ],
			[ -35, 41 ],
			[ -17, 20 ],
			[ -19, 21 ],
			[ -4, 4 ],
			[ -2, 1 ],
			[ -3, 2 ],
			[ -5, 2 ],
			[ -46, 19 ],
			[ -63, 28 ],
			[ -14, 7 ],
			[ -4, 3 ],
			[ -8, 5 ],
			[ -10, 8 ],
			[ -36, 27 ],
			[ -7, 6 ],
			[ -5, 4 ],
			[ -3, 3 ],
			[ -4, 5 ],
			[ -3, 7 ],
			[ -5, 12 ],
			[ -5, 12 ],
			[ -3, 6 ],
			[ -2, 6 ],
			[ -1, 3 ],
			[ -1, 3 ],
			[ -0, 2 ],
			[ -2, 11 ],
			[ -2, 13 ],
			[ -0, 3 ],
			[ 0, 2 ],
			[ 0, 6 ],
			[ 0, 4 ],
			[ 0, 14 ],
			[ 0, 9 ],
			[ -3, 3 ],
			[ -10, 8 ],
			[ -7, 5 ],
			[ -11, 9 ],
			[ -12, 10 ],
			[ -6, 4 ],
			[ -7, 6 ],
			[ -7, 9 ],
			[ -14, 18 ],
			[ -7, 9 ],
			[ -6, 7 ],
			[ -6, 4 ],
			[ -5, 3 ],
			[ -12, 7 ],
			[ -9, 5 ],
			[ -14, 8 ],
			[ -8, 5 ],
			[ -7, 5 ],
			[ -4, 4 ],
			[ -14, 15 ],
			[ -8, 8 ],
			[ -5, 5 ],
			[ -11, 9 ],
			[ -3, 2 ],
			[ -1, 1 ],
			[ -8, 6 ],
			[ -12, 9 ],
			[ -26, 18 ],
			[ -13, 8 ],
			[ -7, 4 ],
			[ -9, 6 ],
			[ -8, 3 ],
			[ -4, 2 ],
			[ -10, 4 ],
			[ -2, 1 ],
			[ -8, 0 ],
			[ -24, 0 ],
			[ -27, -0 ],
			[ -17, 0 ],
			[ -37, 0 ],
			[ -11, 0 ],
			[ -6, 0 ],
			[ 0, 22 ]
		],
		[
			[ 35727, 13493 ],
			[ 34, 9 ],
			[ -21, 22 ],
			[ -26, 29 ],
			[ -16, 21 ],
			[ -19, 30 ],
			[ -16, 27 ],
			[ -24, 44 ],
			[ -23, 37 ],
			[ -18, 35 ],
			[ -11, 26 ],
			[ -13, 31 ],
			[ -12, 25 ],
			[ -12, 20 ],
			[ -10, 13 ],
			[ -35, 40 ],
			[ -28, 35 ],
			[ -19, 24 ],
			[ -8, 11 ],
			[ -5, 11 ],
			[ -5, 13 ],
			[ -2, 11 ],
			[ -1, 12 ],
			[ 2, 13 ],
			[ 3, 9 ],
			[ 14, 18 ],
			[ 16, 20 ],
			[ 23, 29 ],
			[ 44, 47 ],
			[ 39, 41 ],
			[ 21, 19 ],
			[ 13, 10 ],
			[ 16, 11 ],
			[ 10, 6 ],
			[ 16, 8 ],
			[ 12, 5 ],
			[ 12, 5 ],
			[ 9, 3 ],
			[ 11, 3 ],
			[ 9, 2 ],
			[ 9, 0 ],
			[ 24, -0 ],
			[ 20, -0 ],
			[ 11, -0 ],
			[ 8, -1 ],
			[ 8, -2 ],
			[ 6, -2 ],
			[ 9, -4 ],
			[ 8, -4 ],
			[ 30, -15 ],
			[ 6, -2 ],
			[ 8, -2 ],
			[ 16, -4 ],
			[ 12, -2 ],
			[ 10, -1 ],
			[ 12, -1 ],
			[ 9, -0 ],
			[ 37, -0 ],
			[ 35, 1 ],
			[ 32, 3 ],
			[ 33, 3 ],
			[ 21, 3 ],
			[ 17, 3 ],
			[ 15, 4 ],
			[ 13, 4 ],
			[ 16, 5 ],
			[ 15, 5 ],
			[ 14, 6 ],
			[ 14, 6 ],
			[ 10, 5 ],
			[ 22, 13 ],
			[ 9, 6 ],
			[ 5, 4 ],
			[ 5, 5 ],
			[ 7, 8 ],
			[ 7, 10 ],
			[ 6, 10 ],
			[ 2, 6 ],
			[ 1, 5 ],
			[ 0, 7 ],
			[ -1, 10 ],
			[ -1, 7 ],
			[ -2, 7 ],
			[ -7, 18 ],
			[ -7, 15 ],
			[ -9, 16 ],
			[ -19, 27 ],
			[ -10, 13 ],
			[ -14, 15 ],
			[ -24, 21 ],
			[ -15, 12 ],
			[ -19, 16 ],
			[ -40, 32 ],
			[ -50, 41 ],
			[ -37, 32 ],
			[ -3, 8 ],
			[ -12, 39 ],
			[ -12, 37 ],
			[ -11, 40 ],
			[ -10, 44 ],
			[ -6, 37 ],
			[ 1, 32 ],
			[ 4, 29 ],
			[ 7, 32 ],
			[ 11, 37 ],
			[ 11, 32 ],
			[ 16, 50 ],
			[ 11, 42 ],
			[ 13, 34 ],
			[ 14, 29 ],
			[ 17, 26 ],
			[ 26, 38 ],
			[ 22, 29 ],
			[ 25, 31 ],
			[ 13, 14 ],
			[ 20, 19 ],
			[ 32, 29 ],
			[ 26, 23 ],
			[ 28, 21 ],
			[ 16, 13 ],
			[ 12, 12 ],
			[ 22, 23 ],
			[ 21, 25 ],
			[ 28, 37 ],
			[ 18, 19 ],
			[ 15, 16 ],
			[ 11, 13 ],
			[ 7, 12 ],
			[ 5, 12 ],
			[ 4, 14 ],
			[ 7, 34 ],
			[ 4, 31 ],
			[ 2, 26 ],
			[ -0, 12 ],
			[ -1, 8 ],
			[ -2, 8 ],
			[ -2, 7 ],
			[ -3, 7 ],
			[ -5, 7 ],
			[ -5, 6 ],
			[ -10, 10 ],
			[ -16, 13 ],
			[ -22, 16 ],
			[ -21, 14 ],
			[ -23, 14 ],
			[ -28, 16 ],
			[ -34, 16 ],
			[ -18, 8 ],
			[ -13, 4 ],
			[ -17, 4 ],
			[ -23, 4 ],
			[ -29, 4 ],
			[ -50, 8 ],
			[ -39, 7 ],
			[ -31, 7 ],
			[ -34, 8 ],
			[ -40, 9 ],
			[ -43, 11 ],
			[ -42, 11 ],
			[ -40, 13 ],
			[ -33, 1 ],
			[ -54, 2 ],
			[ -72, 5 ],
			[ -22, 2 ],
			[ -22, 4 ],
			[ -21, 5 ],
			[ -17, 6 ],
			[ -19, 8 ],
			[ -11, 6 ],
			[ -16, 10 ],
			[ -16, 13 ],
			[ -8, 9 ],
			[ -6, 9 ],
			[ -11, 18 ],
			[ -6, 13 ],
			[ -8, 21 ],
			[ -5, 19 ],
			[ -4, 16 ],
			[ -1, 22 ],
			[ -5, 59 ],
			[ -1, 54 ],
			[ -5, 70 ],
			[ -2, 61 ],
			[ -6, 87 ],
			[ -3, 45 ],
			[ -5, 37 ],
			[ -1, 4 ],
			[ -2, 13 ],
			[ -7, 28 ],
			[ -3, 14 ],
			[ -3, 22 ],
			[ -1, 18 ],
			[ 1, 11 ],
			[ 2, 9 ],
			[ 2, 9 ],
			[ 1, 6 ],
			[ 0, 9 ],
			[ -2, 10 ],
			[ -1, 6 ],
			[ -2, 7 ],
			[ -10, 20 ],
			[ -3, 7 ],
			[ -1, 6 ],
			[ 1, 5 ],
			[ 3, 10 ],
			[ 4, 15 ],
			[ 1, 9 ],
			[ -0, 6 ],
			[ -4, 19 ],
			[ -15, 47 ],
			[ -8, 27 ],
			[ -26, 62 ],
			[ -21, 48 ],
			[ -23, 47 ],
			[ -5, 8 ],
			[ -15, 18 ],
			[ -81, 105 ],
			[ -25, 38 ],
			[ -13, 27 ],
			[ -5, 11 ],
			[ -3, 9 ],
			[ -2, 13 ],
			[ -0, 14 ],
			[ 1, 15 ],
			[ 6, 35 ],
			[ 8, 35 ],
			[ 5, 17 ],
			[ 9, 24 ],
			[ 8, 20 ],
			[ 1, 6 ],
			[ 1, 8 ],
			[ -1, 7 ],
			[ -1, 5 ],
			[ -1, 5 ],
			[ -4, 5 ],
			[ -5, 6 ],
			[ -10, 9 ],
			[ -12, 10 ],
			[ -14, 9 ],
			[ -15, 9 ],
			[ -63, 33 ],
			[ -48, 23 ],
			[ -73, 37 ],
			[ -7, 4 ],
			[ -41, 21 ],
			[ -14, 7 ],
			[ -14, 5 ],
			[ -33, 10 ],
			[ -29, 8 ],
			[ -5, 2 ],
			[ -5, 3 ],
			[ -4, 4 ],
			[ -3, 4 ],
			[ -4, 6 ],
			[ -3, 6 ],
			[ -3, 7 ],
			[ -1, 7 ],
			[ -3, 27 ],
			[ -3, 25 ],
			[ -5, 35 ],
			[ -5, 49 ],
			[ -2, 40 ],
			[ 1, 50 ],
			[ -0, 29 ],
			[ -2, 17 ],
			[ -2, 9 ],
			[ -5, 11 ],
			[ -6, 11 ],
			[ -10, 14 ],
			[ -14, 21 ],
			[ -6, 13 ],
			[ -5, 15 ],
			[ -4, 13 ],
			[ -4, 19 ],
			[ -1, 14 ],
			[ -0, 19 ],
			[ 2, 21 ],
			[ 6, 38 ],
			[ 2, 11 ],
			[ -0, 10 ],
			[ -2, 8 ],
			[ -6, 11 ],
			[ -8, 10 ],
			[ -11, 9 ],
			[ -14, 9 ],
			[ -14, 10 ],
			[ -23, 13 ],
			[ -24, 15 ],
			[ -27, 16 ],
			[ -33, 22 ],
			[ -33, 23 ],
			[ -32, 22 ],
			[ -8, 4 ],
			[ -11, 5 ],
			[ -16, 7 ],
			[ -17, 5 ],
			[ -15, 5 ],
			[ -59, 16 ],
			[ -31, 11 ],
			[ -36, 16 ],
			[ -59, 29 ],
			[ -36, 16 ],
			[ -37, 12 ],
			[ -29, 8 ],
			[ -41, 11 ],
			[ -179, 55 ],
			[ -52, 19 ],
			[ -39, 17 ],
			[ -47, 23 ],
			[ -70, 44 ],
			[ -21, 14 ],
			[ -41, 25 ],
			[ -35, 27 ],
			[ -8, 7 ],
			[ -10, 11 ],
			[ -9, 10 ],
			[ -14, 18 ],
			[ -6, 10 ],
			[ -5, 10 ],
			[ -3, 6 ],
			[ -2, 7 ],
			[ -2, 11 ],
			[ -4, 38 ],
			[ -3, 40 ],
			[ -3, 17 ],
			[ -4, 14 ],
			[ -4, 20 ],
			[ -4, 15 ],
			[ -3, 17 ],
			[ -2, 17 ],
			[ 1, 8 ],
			[ 2, 7 ],
			[ 2, 6 ],
			[ 15, 30 ],
			[ -181, 69 ],
			[ 27, 230 ],
			[ -18, 311 ],
			[ 87, 277 ],
			[ -412, -8 ],
			[ -328, -57 ],
			[ -9, 47 ],
			[ -324, 90 ],
			[ -229, 11 ],
			[ -476, 24 ],
			[ -383, -199 ],
			[ -207, -4 ],
			[ -495, -191 ],
			[ -181, -174 ],
			[ -211, -134 ],
			[ -229, -86 ],
			[ -411, -298 ],
			[ -4, -13 ],
			[ -29, 4 ],
			[ -14, 2 ],
			[ -3, -0 ],
			[ -5, -0 ],
			[ -3, -0 ],
			[ -3, -0 ],
			[ -4, -1 ],
			[ -7, -2 ],
			[ -10, -3 ],
			[ -4, -1 ],
			[ -2, -1 ],
			[ -2, -1 ],
			[ -1, -1 ],
			[ -1, -1 ],
			[ -3, -4 ],
			[ -2, -2 ],
			[ -2, -2 ],
			[ -1, -1 ],
			[ -1, -1 ],
			[ -1, -0 ],
			[ -1, -0 ],
			[ -2, -0 ],
			[ -2, -0 ],
			[ -2, -0 ],
			[ -18, -0 ],
			[ -4, -0 ],
			[ -5, -1 ],
			[ -5, -1 ],
			[ -5, -1 ],
			[ -7, -2 ],
			[ -2, -0 ],
			[ -3, -0 ],
			[ -2, 0 ],
			[ -1, 0 ],
			[ -2, 0 ],
			[ -1, 0 ],
			[ -2, 0 ],
			[ -5, 2 ],
			[ -7, 2 ],
			[ -9, 3 ],
			[ -9, 2 ],
			[ -5, 1 ],
			[ -8, 1 ],
			[ -9, 1 ],
			[ -7, 1 ],
			[ -10, 0 ],
			[ -8, 0 ],
			[ -5, -0 ],
			[ -2, -0 ],
			[ -3, -0 ],
			[ -3, -1 ],
			[ -5, -1 ],
			[ -5, -1 ],
			[ -11, -3 ],
			[ -18, -5 ],
			[ -2, -1 ],
			[ -3, -0 ],
			[ -4, -0 ],
			[ -4, -0 ],
			[ -22, -0 ],
			[ -17, 0 ],
			[ -4, 0 ],
			[ -18, 2 ],
			[ -5, 0 ],
			[ -6, 0 ],
			[ -23, -0 ],
			[ -5, 0 ],
			[ -16, 2 ],
			[ -9, 1 ],
			[ -4, 0 ],
			[ -12, -1 ],
			[ -3, -0 ],
			[ -5, 0 ],
			[ -6, 0 ],
			[ -4, 0 ],
			[ -10, 1 ],
			[ -9, 1 ],
			[ -9, 1 ],
			[ -11, 2 ],
			[ -5, 1 ],
			[ -4, 1 ],
			[ -3, 1 ],
			[ -6, 2 ],
			[ -2, 1 ],
			[ -2, 1 ],
			[ -12, 6 ],
			[ -1, 1 ],
			[ -1, 0 ],
			[ -2, 0 ],
			[ -2, 0 ],
			[ -4, 0 ],
			[ -7, -0 ],
			[ -7, -0 ],
			[ -5, 2 ],
			[ -10, 6 ],
			[ -8, 5 ],
			[ -12, 5 ],
			[ -8, 3 ],
			[ -2, 1 ],
			[ -1, 1 ],
			[ -2, 1 ],
			[ -3, 2 ],
			[ -1, 1 ],
			[ -1, 1 ],
			[ -1, 0 ],
			[ -1, 0 ],
			[ -1, 0 ],
			[ -2, 0 ],
			[ -2, -0 ],
			[ -1, -0 ],
			[ -2, -0 ],
			[ -2, -0 ],
			[ -2, -0 ],
			[ -3, -1 ],
			[ -3, -1 ],
			[ -2, -1 ],
			[ -2, -1 ],
			[ -8, -4 ],
			[ -8, 1 ],
			[ -20, 11 ],
			[ -2, 1 ],
			[ -2, 1 ],
			[ -3, 1 ],
			[ -2, 0 ],
			[ -2, 0 ],
			[ -2, 0 ],
			[ -3, 0 ],
			[ -2, 0 ],
			[ -2, -0 ],
			[ -2, -0 ],
			[ -3, -1 ],
			[ -2, -1 ],
			[ -9, -3 ],
			[ -23, -7 ],
			[ -2, -1 ],
			[ -5, -1 ],
			[ -4, -1 ],
			[ -3, -0 ],
			[ -4, -0 ],
			[ -3, 0 ],
			[ -4, 0 ],
			[ -3, 0 ],
			[ -2, 0 ],
			[ -3, 1 ],
			[ -3, 1 ],
			[ -4, 1 ],
			[ -4, 1 ],
			[ -3, 1 ],
			[ -3, 1 ],
			[ -3, 1 ],
			[ -3, 0 ],
			[ -3, 0 ],
			[ -2, 0 ],
			[ -2, 0 ],
			[ -2, 0 ],
			[ -2, -0 ],
			[ -2, -0 ],
			[ -2, -0 ],
			[ -2, -1 ],
			[ -2, -1 ],
			[ -3, -2 ],
			[ -4, -3 ],
			[ -5, -4 ],
			[ -11, -11 ],
			[ -3, -2 ],
			[ -3, -2 ],
			[ -2, -1 ],
			[ -2, -1 ],
			[ -3, -1 ],
			[ -3, -0 ],
			[ -4, -0 ],
			[ -4, 0 ],
			[ -7, 1 ],
			[ -2, 0 ]
		],
		[
			[ 18737, 26646 ],
			[ 0, 4 ],
			[ 0, 6 ],
			[ 2, -0 ],
			[ 54, -0 ],
			[ 63, -0 ],
			[ 97, 0 ],
			[ 65, 18 ],
			[ 72, 20 ],
			[ 63, 18 ],
			[ 51, 14 ],
			[ 54, 16 ],
			[ 54, 15 ],
			[ 12, 2 ],
			[ 79, 11 ],
			[ 51, 7 ],
			[ 63, 11 ],
			[ 28, 5 ],
			[ 11, 2 ],
			[ 98, 27 ],
			[ 57, 16 ],
			[ 12, 5 ],
			[ 56, 25 ],
			[ 47, 21 ],
			[ 11, 8 ],
			[ 84, 72 ],
			[ 44, 37 ],
			[ 51, 34 ],
			[ 19, 13 ],
			[ 0, 0 ],
			[ 1, -0 ],
			[ 14, -0 ],
			[ 17, -1 ],
			[ 45, -1 ],
			[ 22, -0 ],
			[ 16, -0 ],
			[ 20, -1 ],
			[ 139, 33 ],
			[ 96, 45 ],
			[ 62, 29 ],
			[ 11, 7 ],
			[ 24, 15 ],
			[ 30, 19 ],
			[ 21, 13 ],
			[ 22, 14 ],
			[ 22, 14 ],
			[ 30, 18 ],
			[ 34, 21 ],
			[ 12, 7 ],
			[ 2, 2 ],
			[ 84, 40 ],
			[ 46, 22 ],
			[ 65, 30 ],
			[ 44, 21 ],
			[ 51, 24 ],
			[ 47, 22 ],
			[ 24, 11 ],
			[ 25, 12 ],
			[ 21, 11 ],
			[ 49, 25 ],
			[ 37, 18 ],
			[ 39, 20 ],
			[ 53, 27 ],
			[ 33, 17 ],
			[ 72, 36 ],
			[ 74, 36 ],
			[ 36, 17 ],
			[ 3, 2 ],
			[ 1, 0 ],
			[ 507, 239 ],
			[ 17, 8 ],
			[ 99, 46 ],
			[ 49, 22 ],
			[ 22, 10 ],
			[ 19, 2 ],
			[ 9, 1 ],
			[ 9, 1 ],
			[ 20, 2 ],
			[ 52, 5 ],
			[ 25, 2 ],
			[ 24, 2 ],
			[ 16, 2 ],
			[ 10, 1 ],
			[ 9, 1 ],
			[ 13, 1 ],
			[ 10, -0 ],
			[ 24, 0 ],
			[ 28, -1 ],
			[ 36, 1 ],
			[ 26, -0 ],
			[ 15, -0 ],
			[ 139, -14 ],
			[ 22, -5 ],
			[ 36, -8 ],
			[ 39, -10 ],
			[ 33, -9 ],
			[ 20, -5 ],
			[ 53, -14 ],
			[ 23, -21 ],
			[ 42, -39 ],
			[ 31, -25 ],
			[ 40, -31 ],
			[ 17, -10 ],
			[ 25, -15 ],
			[ 27, -16 ],
			[ 34, -20 ],
			[ 21, -13 ],
			[ 11, -7 ],
			[ 13, -7 ],
			[ 35, -18 ],
			[ 84, -44 ],
			[ 9, -12 ],
			[ 11, -14 ],
			[ 12, -16 ],
			[ 18, -25 ],
			[ 19, -24 ],
			[ 14, -18 ],
			[ 18, -22 ],
			[ 9, -19 ],
			[ 9, -20 ],
			[ 7, -14 ],
			[ 5, -11 ],
			[ 6, -14 ],
			[ 11, -22 ],
			[ 10, -21 ],
			[ 5, -10 ],
			[ 9, -17 ],
			[ 6, -11 ],
			[ 5, -15 ],
			[ 2, -8 ],
			[ 2, -8 ],
			[ 3, -9 ],
			[ 5, -16 ],
			[ 3, -10 ],
			[ 3, -10 ],
			[ 5, -16 ],
			[ 6, -20 ],
			[ 4, -11 ],
			[ 9, -23 ],
			[ 7, -18 ],
			[ 7, -19 ],
			[ 18, -47 ],
			[ 5, -14 ],
			[ 4, -11 ],
			[ 20, -54 ],
			[ 5, -14 ],
			[ 8, -23 ],
			[ 3, -7 ],
			[ 6, -16 ],
			[ 3, -10 ],
			[ 12, -32 ],
			[ 12, -32 ],
			[ 6, -17 ],
			[ 9, -24 ],
			[ 6, -17 ],
			[ 12, -20 ],
			[ 7, -12 ],
			[ 7, -12 ],
			[ 11, -19 ],
			[ 12, -19 ],
			[ 9, -15 ],
			[ 12, -21 ],
			[ 9, -18 ],
			[ 8, -13 ],
			[ 7, -12 ],
			[ 16, -27 ],
			[ 16, -28 ],
			[ 10, -18 ],
			[ 14, -24 ],
			[ 10, -17 ],
			[ 14, -25 ],
			[ 4, -7 ],
			[ 3, -4 ],
			[ 13, -11 ],
			[ 26, -24 ],
			[ 21, -20 ],
			[ 3, -1 ],
			[ 43, -14 ],
			[ 27, -9 ],
			[ 12, -1 ],
			[ 80, -9 ],
			[ 49, -5 ],
			[ 32, -4 ],
			[ 31, -3 ],
			[ 52, -2 ],
			[ 54, -2 ],
			[ 51, -2 ],
			[ 49, -2 ],
			[ 58, -2 ],
			[ 12, -0 ],
			[ 8, -2 ],
			[ 93, -19 ],
			[ 113, -24 ],
			[ 36, -20 ],
			[ 13, -8 ],
			[ 59, -33 ],
			[ 47, -18 ],
			[ 46, -18 ],
			[ 90, -34 ],
			[ 127, -18 ],
			[ 126, -17 ],
			[ 38, -5 ],
			[ 45, -7 ],
			[ 100, -9 ],
			[ 24, -3 ],
			[ 47, -5 ],
			[ 48, -0 ],
			[ 16, -0 ],
			[ 27, -0 ],
			[ 20, 0 ],
			[ 19, 1 ],
			[ 45, 2 ],
			[ 26, 1 ],
			[ 20, 0 ],
			[ 62, 17 ],
			[ 39, 10 ],
			[ 32, 9 ],
			[ 55, -28 ],
			[ 36, -13 ],
			[ 44, -16 ],
			[ 70, -36 ],
			[ 35, -18 ],
			[ 74, -16 ],
			[ 170, -8 ],
			[ 124, 9 ],
			[ 4, 0 ],
			[ 2, 2 ],
			[ 75, 59 ],
			[ 30, 22 ],
			[ 12, 9 ],
			[ 20, 15 ],
			[ 13, 10 ],
			[ 48, 35 ],
			[ 34, 24 ],
			[ 43, 31 ],
			[ 53, 50 ],
			[ 20, 19 ],
			[ 11, 11 ],
			[ 87, 69 ],
			[ 84, 66 ],
			[ 50, 40 ],
			[ 51, 40 ],
			[ 46, 38 ],
			[ 184, 148 ],
			[ 142, 49 ],
			[ 60, 18 ],
			[ 99, 30 ],
			[ 28, 9 ],
			[ 116, 35 ],
			[ 109, 62 ],
			[ 98, 60 ],
			[ 8, 4 ],
			[ 6, 3 ],
			[ 4, 7 ],
			[ 7, 0 ],
			[ 23, 15 ],
			[ 32, 14 ],
			[ 12, 18 ],
			[ 14, 19 ],
			[ 26, -3 ],
			[ 4, -0 ],
			[ 4, 0 ],
			[ 3, 1 ],
			[ 197, 118 ],
			[ 3, 2 ],
			[ 2, 2 ],
			[ 3, 4 ],
			[ 14, 18 ],
			[ 3, 5 ],
			[ 1, 3 ],
			[ 4, 8 ],
			[ 9, 17 ],
			[ 6, 13 ],
			[ 12, 23 ],
			[ 19, 37 ],
			[ 27, 55 ],
			[ 5, 9 ],
			[ 15, 29 ],
			[ 10, 21 ],
			[ 4, 9 ],
			[ 6, 13 ],
			[ 1, 1 ],
			[ 8, 7 ],
			[ 3, 3 ],
			[ 8, 7 ],
			[ 6, 5 ],
			[ 8, 7 ],
			[ 23, 18 ],
			[ 4, 3 ],
			[ 5, 4 ],
			[ 11, 9 ],
			[ 2, 1 ],
			[ 15, 6 ],
			[ 21, 9 ],
			[ 6, 2 ],
			[ 40, 16 ],
			[ 2, 2 ],
			[ 2, 1 ],
			[ 38, 25 ],
			[ 24, 36 ],
			[ 20, 29 ],
			[ 32, 48 ],
			[ 8, 21 ],
			[ 4, 11 ],
			[ 4, 12 ],
			[ 10, 28 ],
			[ 5, 15 ],
			[ 3, 26 ],
			[ 1, 8 ],
			[ 2, 14 ],
			[ 2, 18 ],
			[ 2, 14 ],
			[ 1, 8 ],
			[ 3, 22 ],
			[ -3, 11 ],
			[ -4, 19 ],
			[ -6, 3 ],
			[ -8, 3 ],
			[ -79, 33 ],
			[ -32, 13 ],
			[ -21, 8 ],
			[ -7, 4 ],
			[ -3, 2 ],
			[ -12, 11 ],
			[ -9, 6 ],
			[ -13, 10 ],
			[ -6, 5 ],
			[ -5, 4 ],
			[ -8, 7 ],
			[ -6, 4 ],
			[ -6, 5 ],
			[ -2, 1 ],
			[ -3, 3 ],
			[ -5, 5 ],
			[ -4, 4 ],
			[ -7, 8 ],
			[ -4, 5 ],
			[ -13, 13 ],
			[ -14, 14 ],
			[ -2, 2 ],
			[ -14, 15 ],
			[ -3, 3 ],
			[ -0, 1 ],
			[ -0, 5 ],
			[ -1, 10 ],
			[ -0, 6 ],
			[ -0, 4 ],
			[ -3, 31 ],
			[ -0, 6 ],
			[ -0, 4 ],
			[ -0, 5 ],
			[ -0, 3 ],
			[ -0, 8 ],
			[ 0, 5 ],
			[ 10, 62 ],
			[ -26, 36 ],
			[ -3, 4 ],
			[ -5, 7 ],
			[ -5, 7 ],
			[ -5, 7 ],
			[ -3, 4 ],
			[ -1, 2 ],
			[ -13, 3 ],
			[ -4, 1 ],
			[ -96, 21 ],
			[ -50, 11 ],
			[ -9, 2 ],
			[ -5, 4 ],
			[ -11, 8 ],
			[ -7, 5 ],
			[ -42, 32 ],
			[ -11, 8 ],
			[ -3, 2 ],
			[ -20, 16 ],
			[ -9, 9 ],
			[ -6, 7 ],
			[ -8, 9 ],
			[ -7, 7 ],
			[ -53, 55 ],
			[ -183, 31 ],
			[ -105, 70 ],
			[ -132, 44 ],
			[ -132, 68 ],
			[ -103, 13 ],
			[ -106, 81 ],
			[ -12, 55 ],
			[ 39, 98 ],
			[ -30, 71 ],
			[ -5, 10 ],
			[ -42, 76 ],
			[ -24, 53 ],
			[ -5, 88 ],
			[ 36, 93 ],
			[ -51, 64 ],
			[ -109, 135 ],
			[ 24, 49 ],
			[ 19, 42 ],
			[ 13, 27 ],
			[ 2, 3 ],
			[ -13, 59 ],
			[ -4, 25 ],
			[ -2, 25 ],
			[ -27, 9 ],
			[ -34, 12 ],
			[ -63, 22 ],
			[ -46, 16 ],
			[ -16, 5 ],
			[ -15, 16 ],
			[ -12, 12 ],
			[ -7, 9 ],
			[ -10, 10 ],
			[ -17, 19 ],
			[ -7, 10 ],
			[ -6, 11 ],
			[ -65, 119 ],
			[ -10, 19 ],
			[ -3, 7 ],
			[ -8, 14 ],
			[ -26, 51 ],
			[ -4, 6 ],
			[ -23, 27 ],
			[ -59, 71 ],
			[ -58, 26 ],
			[ -35, 16 ],
			[ -6, 3 ],
			[ -9, 4 ],
			[ -22, 10 ],
			[ -2, 1 ],
			[ -10, 2 ],
			[ -14, 2 ],
			[ -64, 9 ],
			[ -36, 5 ],
			[ -65, 9 ],
			[ -2, 0 ],
			[ -10, 1 ],
			[ -20, 3 ],
			[ -68, 9 ],
			[ -13, 2 ],
			[ -47, 26 ],
			[ -42, 23 ],
			[ -41, 22 ],
			[ -5, 2 ],
			[ -8, 12 ],
			[ -17, 26 ],
			[ -6, 9 ],
			[ -0, 2 ],
			[ -0, 1 ],
			[ -0, 21 ],
			[ -3, 54 ],
			[ -2, 51 ],
			[ -12, 16 ],
			[ -28, 39 ],
			[ -33, 46 ],
			[ -10, 15 ],
			[ 33, 90 ],
			[ 20, 55 ],
			[ 11, 32 ],
			[ -55, 145 ],
			[ -21, 54 ],
			[ -44, 110 ],
			[ -16, 38 ],
			[ 16, 28 ],
			[ 19, 34 ],
			[ 21, 38 ],
			[ -2, 22 ],
			[ -3, 33 ],
			[ -19, 39 ],
			[ -25, 54 ],
			[ -56, 43 ],
			[ -41, 32 ],
			[ -53, 48 ],
			[ -27, 24 ],
			[ -9, 8 ],
			[ -38, 34 ],
			[ -40, 37 ],
			[ -15, 14 ],
			[ -15, 25 ],
			[ -20, 33 ],
			[ -61, 103 ],
			[ -56, 94 ],
			[ -10, 18 ],
			[ -2, 3 ],
			[ -1, 2 ],
			[ -3, 3 ],
			[ -8, 8 ],
			[ -20, 20 ],
			[ -14, 13 ],
			[ -9, 9 ],
			[ -16, 15 ],
			[ -26, 24 ],
			[ -24, 22 ],
			[ -13, 14 ],
			[ -7, 9 ],
			[ -21, 25 ],
			[ -4, 6 ],
			[ -10, 32 ],
			[ -5, 16 ],
			[ -9, 32 ],
			[ -9, 29 ],
			[ -5, 21 ],
			[ -10, 34 ],
			[ -13, 2 ],
			[ -6, 7 ],
			[ -13, 15 ],
			[ -24, 27 ],
			[ -29, 34 ],
			[ -2, 3 ],
			[ -5, 5 ],
			[ -6, 4 ],
			[ -11, 7 ],
			[ -58, 34 ],
			[ -16, 10 ],
			[ -27, 16 ],
			[ -112, 4 ],
			[ -6, 0 ],
			[ -10, 0 ],
			[ -6, -1 ],
			[ -26, -4 ],
			[ -45, -8 ],
			[ -48, -8 ],
			[ -66, -11 ],
			[ -43, -7 ],
			[ -203, 5 ],
			[ -39, 25 ],
			[ -16, 11 ],
			[ -20, 15 ],
			[ -70, 52 ],
			[ -93, 69 ],
			[ -7, 5 ],
			[ -6, 4 ],
			[ -4, 3 ],
			[ -7, 6 ],
			[ -13, 12 ],
			[ -39, 36 ],
			[ -27, 23 ],
			[ -34, 31 ],
			[ -12, 10 ],
			[ -2, 1 ],
			[ -12, 8 ],
			[ -5, 3 ],
			[ -11, 8 ],
			[ -8, 6 ],
			[ -3, 2 ],
			[ -11, 4 ],
			[ -0, 0 ],
			[ -26, 11 ],
			[ -49, 20 ],
			[ -67, 24 ],
			[ -65, 24 ],
			[ -39, 14 ],
			[ -21, 7 ],
			[ -40, 14 ],
			[ -28, 8 ],
			[ -40, 6 ],
			[ -19, 3 ],
			[ -84, 15 ],
			[ -130, 24 ],
			[ -48, 9 ],
			[ -28, 5 ],
			[ -17, -3 ],
			[ -2, -0 ],
			[ -6, -1 ],
			[ -19, -29 ],
			[ -6, -3 ],
			[ -26, -10 ],
			[ -29, -11 ],
			[ -30, -11 ],
			[ -34, -13 ],
			[ -28, -11 ],
			[ -36, -13 ],
			[ -46, -17 ],
			[ -54, -43 ],
			[ -21, -18 ],
			[ -8, -7 ],
			[ -8, -6 ],
			[ -35, -27 ],
			[ -51, -41 ],
			[ -19, -15 ],
			[ -34, -27 ],
			[ -31, -25 ],
			[ -25, -20 ],
			[ -33, -26 ],
			[ -1, -1 ],
			[ -6, -8 ],
			[ -6, -8 ],
			[ -9, -11 ],
			[ -9, -30 ],
			[ -1, -2 ],
			[ -15, -47 ],
			[ -3, -9 ],
			[ -4, -12 ],
			[ -3, -8 ],
			[ -5, -10 ],
			[ -5, -8 ],
			[ -5, -8 ],
			[ -5, -6 ],
			[ -0, -0 ],
			[ -38, -43 ],
			[ -20, -23 ],
			[ -7, -8 ],
			[ -17, -19 ],
			[ -82, -93 ],
			[ -21, -24 ],
			[ -14, -19 ],
			[ -104, -134 ],
			[ -27, -41 ],
			[ -146, -246 ],
			[ -8, -14 ],
			[ -9, -18 ],
			[ -16, -36 ],
			[ -44, -96 ],
			[ -2, -6 ],
			[ -33, -71 ],
			[ -3, -25 ],
			[ -5, -33 ],
			[ -12, -87 ],
			[ -1, -9 ],
			[ 4, -34 ],
			[ 0, -88 ],
			[ -0, -23 ],
			[ 13, -28 ],
			[ 16, -34 ],
			[ 53, -114 ],
			[ 28, -59 ],
			[ 6, -13 ],
			[ 25, -53 ],
			[ 5, -10 ],
			[ 2, -6 ],
			[ 7, -22 ],
			[ 4, -21 ],
			[ 7, -41 ],
			[ 2, -11 ],
			[ 4, -25 ],
			[ 5, -30 ],
			[ 11, -60 ],
			[ 4, -23 ],
			[ 6, -37 ],
			[ -9, -23 ],
			[ -7, -9 ],
			[ -12, -16 ],
			[ -0, -0 ],
			[ -174, -84 ],
			[ -235, -113 ],
			[ -21, -10 ],
			[ -7, -3 ],
			[ -5, -2 ],
			[ -12, -3 ],
			[ -10, -3 ],
			[ -10, -3 ],
			[ -31, -8 ],
			[ -32, -9 ],
			[ -91, -25 ],
			[ -45, -12 ],
			[ -12, -5 ],
			[ -66, -24 ],
			[ -17, -7 ],
			[ -7, -3 ],
			[ -6, -3 ],
			[ -12, -9 ],
			[ -21, -22 ],
			[ -33, -36 ],
			[ -0, -0 ],
			[ 0, -1 ],
			[ 0, -1 ],
			[ 1, -3 ],
			[ 0, -1 ],
			[ -0, -1 ],
			[ -1, -1 ],
			[ -1, -1 ],
			[ -2, -2 ],
			[ -26, -28 ],
			[ -23, -25 ],
			[ -9, -2 ],
			[ -24, -27 ],
			[ -8, -10 ],
			[ -3, -4 ],
			[ -2, -7 ],
			[ -2, -3 ],
			[ -19, -21 ],
			[ -18, -22 ],
			[ -15, -18 ],
			[ -47, -55 ],
			[ -48, -55 ],
			[ -38, -45 ],
			[ -22, -25 ],
			[ -23, -27 ],
			[ -17, -19 ],
			[ -19, -22 ],
			[ -16, -19 ],
			[ -8, -10 ],
			[ -10, -7 ],
			[ -15, -10 ],
			[ -19, -14 ],
			[ -13, -5 ],
			[ -23, -9 ],
			[ -25, -10 ],
			[ -36, -15 ],
			[ -39, -16 ],
			[ -28, -11 ],
			[ -58, -23 ],
			[ -34, -14 ],
			[ -16, -6 ],
			[ -4, -2 ],
			[ -25, -10 ],
			[ -64, -25 ],
			[ -39, -15 ],
			[ -37, -14 ],
			[ -52, -21 ],
			[ -17, -7 ],
			[ -31, -16 ],
			[ -24, -20 ],
			[ -25, -21 ],
			[ -50, -39 ],
			[ -40, -31 ],
			[ -57, -45 ],
			[ -20, -16 ],
			[ -17, -13 ],
			[ -19, -23 ],
			[ -17, -31 ],
			[ -13, -24 ],
			[ -16, -29 ],
			[ -14, -26 ],
			[ -11, -18 ],
			[ -5, -8 ],
			[ -7, -12 ],
			[ -43, -72 ],
			[ -19, -32 ],
			[ -24, -41 ],
			[ -26, -44 ],
			[ -76, -129 ],
			[ -8, -14 ],
			[ -10, -17 ],
			[ -10, -16 ],
			[ -7, -15 ],
			[ -3, -7 ],
			[ -2, -6 ],
			[ -11, -33 ],
			[ -89, -262 ],
			[ -9, -25 ],
			[ -8, -24 ],
			[ -3, -7 ],
			[ -8, -17 ],
			[ -4, -9 ],
			[ -7, -12 ],
			[ -76, -133 ],
			[ -5, -9 ],
			[ -115, -201 ],
			[ -14, -24 ],
			[ -11, -19 ],
			[ -13, -23 ],
			[ -15, -27 ],
			[ -11, -19 ],
			[ -13, -23 ],
			[ -12, -21 ],
			[ -14, -26 ],
			[ -17, -29 ],
			[ -16, -28 ],
			[ -18, -32 ],
			[ -17, -30 ],
			[ -23, -40 ],
			[ -10, -18 ],
			[ -13, -21 ],
			[ -8, -11 ],
			[ -3, -4 ],
			[ -14, -9 ],
			[ -27, -15 ],
			[ -16, -8 ],
			[ -20, -11 ],
			[ -39, -20 ],
			[ -41, -21 ],
			[ -44, -22 ],
			[ -41, -21 ],
			[ -27, -14 ],
			[ -42, -22 ],
			[ -39, -20 ],
			[ -52, -27 ],
			[ -7, -5 ],
			[ -37, -18 ],
			[ -33, -17 ],
			[ -28, -14 ],
			[ -17, -9 ],
			[ -21, -11 ],
			[ -9, -5 ],
			[ -9, -5 ],
			[ -8, -5 ],
			[ -19, -12 ],
			[ -26, -19 ],
			[ -46, -33 ],
			[ -35, -26 ],
			[ -41, -29 ],
			[ -46, -33 ],
			[ -23, -16 ],
			[ -30, -22 ],
			[ -8, -6 ],
			[ -23, -10 ],
			[ -18, -7 ],
			[ -19, -9 ],
			[ -1, -90 ],
			[ -0, -25 ],
			[ -0, -56 ],
			[ -47, 3 ],
			[ -177, 14 ],
			[ -25, 61 ],
			[ -70, -24 ],
			[ -225, -40 ],
			[ -18, -2 ],
			[ -18, -2 ],
			[ -15, -2 ],
			[ -13, -1 ],
			[ -16, 3 ],
			[ -135, 22 ],
			[ -71, -29 ],
			[ -83, -35 ],
			[ -150, 14 ],
			[ -44, 4 ],
			[ -77, 6 ],
			[ -104, -37 ],
			[ -37, -13 ],
			[ -76, -27 ],
			[ -124, 9 ],
			[ -77, 38 ],
			[ -56, 16 ],
			[ -145, 41 ],
			[ -15, 4 ],
			[ -111, 32 ],
			[ -35, 10 ],
			[ -96, 27 ],
			[ -45, 13 ],
			[ -21, 6 ],
			[ -62, 18 ],
			[ -47, 14 ],
			[ -43, 13 ],
			[ -96, 33 ],
			[ -66, 23 ],
			[ -21, 2 ],
			[ -20, 3 ],
			[ -24, 3 ],
			[ -18, 2 ],
			[ -40, 5 ],
			[ -126, 15 ],
			[ -48, -7 ],
			[ -38, -5 ],
			[ -40, 6 ],
			[ -14, 2 ],
			[ -28, 3 ],
			[ -27, 8 ],
			[ -9, 2 ],
			[ -12, 2 ],
			[ -10, 2 ],
			[ -42, 8 ],
			[ -18, 3 ],
			[ -16, 3 ],
			[ -20, 2 ],
			[ -31, 3 ],
			[ -72, 19 ],
			[ -71, 17 ],
			[ -47, 20 ],
			[ -43, 20 ],
			[ -39, 47 ],
			[ -42, 86 ],
			[ -19, 25 ],
			[ -52, 124 ],
			[ -113, 134 ],
			[ -144, 38 ],
			[ -147, 38 ],
			[ -64, 17 ],
			[ -102, 31 ],
			[ -41, 31 ],
			[ -1, 0 ],
			[ -345, 51 ],
			[ -89, -27 ],
			[ -38, 35 ],
			[ -167, 156 ],
			[ -2, 2 ],
			[ -8, 5 ],
			[ -66, 36 ],
			[ -69, -1 ],
			[ -68, 24 ],
			[ -278, 97 ],
			[ -27, 10 ],
			[ -30, -1 ],
			[ -17, 0 ],
			[ -61, 4 ],
			[ -1, 0 ],
			[ -1, 0 ],
			[ -36, 27 ],
			[ -16, 12 ],
			[ -5, 4 ],
			[ -20, 14 ],
			[ -21, 12 ],
			[ -39, 22 ],
			[ -38, 9 ],
			[ -44, 10 ],
			[ -21, 5 ],
			[ -67, 26 ],
			[ -61, 24 ],
			[ -5, 2 ],
			[ -90, 25 ],
			[ -46, 13 ],
			[ -36, 10 ],
			[ -27, 7 ],
			[ -103, 8 ],
			[ -9, 3 ],
			[ -64, 21 ],
			[ -31, 15 ],
			[ -102, 51 ],
			[ -32, 15 ],
			[ -54, 21 ],
			[ -88, 10 ],
			[ -41, 5 ],
			[ -50, 6 ],
			[ -36, 5 ],
			[ -28, 3 ],
			[ -40, 5 ],
			[ -40, 5 ],
			[ -50, 6 ],
			[ -57, 7 ],
			[ -31, 6 ],
			[ -46, 9 ],
			[ -55, 11 ],
			[ -52, 10 ],
			[ -40, 10 ],
			[ -31, 9 ],
			[ -37, 10 ],
			[ -4, 1 ],
			[ -34, 9 ],
			[ -76, 22 ],
			[ -64, 18 ],
			[ -109, 38 ],
			[ -67, 1 ],
			[ -85, -58 ],
			[ -70, -15 ],
			[ -53, -10 ],
			[ -62, -11 ],
			[ -63, 65 ],
			[ -54, 25 ],
			[ -68, 5 ],
			[ -51, -35 ],
			[ -47, -34 ],
			[ -56, -60 ],
			[ -63, -8 ],
			[ -67, -2 ],
			[ -92, -43 ],
			[ -84, -39 ],
			[ -97, -46 ],
			[ -86, -11 ],
			[ -40, 5 ],
			[ -54, 8 ],
			[ -31, 4 ],
			[ -83, 12 ],
			[ -29, 5 ],
			[ -64, 14 ],
			[ -121, 31 ],
			[ -42, 5 ],
			[ -76, 9 ],
			[ -42, -1 ],
			[ -30, 0 ],
			[ -71, -2 ],
			[ -50, -18 ],
			[ -42, -29 ],
			[ -21, -16 ],
			[ -63, -44 ],
			[ -13, -7 ],
			[ -49, -25 ],
			[ -65, 10 ],
			[ -14, 3 ],
			[ -62, 15 ],
			[ -58, 12 ],
			[ -148, -0 ],
			[ -40, -1 ],
			[ -36, 0 ],
			[ -17, 11 ],
			[ 3, 7 ],
			[ 18, 35 ],
			[ 13, 25 ],
			[ 8, 15 ],
			[ 13, 26 ],
			[ 5, 8 ],
			[ 2, 5 ],
			[ 31, 58 ],
			[ 8, 16 ],
			[ 12, 23 ],
			[ 17, 32 ],
			[ 17, 29 ],
			[ 27, 49 ],
			[ 25, 42 ],
			[ 13, 22 ],
			[ 31, 55 ],
			[ 11, 19 ],
			[ 39, 67 ],
			[ 31, 53 ],
			[ 0, 1 ],
			[ -21, 106 ],
			[ -117, 45 ],
			[ -48, -4 ],
			[ -86, 29 ],
			[ -29, 10 ],
			[ -64, 21 ],
			[ -87, 28 ],
			[ -4, 1 ],
			[ -8, 5 ],
			[ -61, 39 ],
			[ -16, 10 ],
			[ -13, 8 ],
			[ -6, 3 ],
			[ -19, 7 ],
			[ -13, 12 ],
			[ -1, 36 ],
			[ -18, 25 ],
			[ 3, 10 ],
			[ 23, 34 ],
			[ 3, 4 ],
			[ 9, 13 ],
			[ 0, 1 ],
			[ -0, 1 ],
			[ -1, 1 ],
			[ -12, 22 ],
			[ -1, -0 ],
			[ -30, -5 ],
			[ -20, -3 ],
			[ -24, -6 ],
			[ -2, -1 ],
			[ -30, -11 ],
			[ -12, -4 ],
			[ -39, -1 ],
			[ -21, -1 ],
			[ -12, -1 ],
			[ -12, -1 ],
			[ -19, 3 ],
			[ -24, 4 ],
			[ -9, 1 ],
			[ -27, 4 ],
			[ -9, 1 ],
			[ -7, 1 ],
			[ -9, 9 ],
			[ -8, 10 ],
			[ -4, 19 ],
			[ -3, 18 ],
			[ -19, -0 ],
			[ -8, -3 ],
			[ -5, -3 ],
			[ -6, -9 ],
			[ -5, -7 ],
			[ -9, -13 ],
			[ -1, -2 ],
			[ -1, -6 ],
			[ -13, 3 ],
			[ -6, 1 ],
			[ -3, 0 ],
			[ -7, -0 ],
			[ -4, -2 ],
			[ -0, -0 ],
			[ -8, -1 ],
			[ -13, -1 ],
			[ -22, -2 ],
			[ -8, -2 ],
			[ -2, -0 ],
			[ -13, -10 ],
			[ -11, -13 ],
			[ -13, -15 ],
			[ -11, -12 ],
			[ -7, -8 ],
			[ -8, -10 ],
			[ -10, -2 ],
			[ -8, 1 ],
			[ -16, 2 ],
			[ -11, -7 ],
			[ -4, -1 ],
			[ -6, -2 ],
			[ -9, -3 ],
			[ -19, -7 ],
			[ -6, -2 ],
			[ -5, -2 ],
			[ -6, -5 ],
			[ -15, -7 ],
			[ -15, -5 ],
			[ -6, -3 ],
			[ 3, -12 ],
			[ 28, -28 ],
			[ 21, -12 ],
			[ 54, -32 ],
			[ 30, -18 ],
			[ 10, -5 ],
			[ 7, -2 ],
			[ 15, -2 ],
			[ 9, -2 ],
			[ 10, -3 ],
			[ 6, -2 ],
			[ 5, -2 ],
			[ 6, -2 ],
			[ 6, -3 ],
			[ 6, -3 ],
			[ 9, -5 ],
			[ 4, -2 ],
			[ 5, -3 ],
			[ 11, -6 ],
			[ 4, -2 ],
			[ 2, -1 ],
			[ 3, -2 ],
			[ 3, -3 ],
			[ 2, -2 ],
			[ 2, -3 ],
			[ 5, -5 ],
			[ 2, -3 ],
			[ 2, -3 ],
			[ 2, -4 ],
			[ 4, -6 ],
			[ 2, -3 ],
			[ 22, -38 ],
			[ 5, -8 ],
			[ -9, -9 ],
			[ 6, -12 ],
			[ 5, 4 ],
			[ 5, 3 ],
			[ -0, -5 ],
			[ -0, -2 ],
			[ 0, -2 ],
			[ 0, -4 ],
			[ 2, -6 ],
			[ 0, -1 ],
			[ 15, -30 ],
			[ 12, -27 ],
			[ 3, -9 ],
			[ 14, -21 ],
			[ 11, -17 ],
			[ 26, -37 ],
			[ 13, -21 ],
			[ 102, -155 ],
			[ 78, -122 ],
			[ 62, -95 ],
			[ 30, -47 ],
			[ -14, -7 ],
			[ -16, -7 ],
			[ -82, -39 ],
			[ -81, -38 ],
			[ -340, -159 ],
			[ -118, -46 ],
			[ -10, -6 ],
			[ -130, -71 ],
			[ -51, -72 ],
			[ -170, -41 ],
			[ -125, 1 ],
			[ -150, 0 ],
			[ -140, -1 ],
			[ -81, -20 ],
			[ -58, -15 ],
			[ -49, -12 ],
			[ -58, -15 ],
			[ -125, 12 ],
			[ -95, 9 ],
			[ -145, 14 ],
			[ -74, -3 ],
			[ -24, -1 ],
			[ -17, -1 ],
			[ -52, -9 ],
			[ -57, -15 ],
			[ -32, -9 ],
			[ -60, -16 ],
			[ -51, -13 ],
			[ -10, -3 ],
			[ -73, -7 ],
			[ -57, -6 ],
			[ -46, -5 ],
			[ -32, -8 ],
			[ -30, -7 ],
			[ -19, -5 ],
			[ -49, -12 ],
			[ -4, -1 ],
			[ -6, -2 ],
			[ -6, -3 ],
			[ -44, -30 ],
			[ -56, -38 ],
			[ -35, -23 ],
			[ -66, -45 ],
			[ -5, -2 ],
			[ -35, -15 ],
			[ -34, -14 ],
			[ -55, -23 ],
			[ -12, -3 ],
			[ -89, -19 ],
			[ -78, 29 ],
			[ -124, 46 ],
			[ -84, 31 ],
			[ -85, 20 ],
			[ -29, 6 ],
			[ -75, -13 ],
			[ -32, -5 ],
			[ -32, -6 ],
			[ -33, -6 ],
			[ -24, -9 ],
			[ -61, -22 ],
			[ -37, -13 ],
			[ -61, -34 ],
			[ -41, -23 ],
			[ -63, -10 ],
			[ -44, -7 ],
			[ -69, -11 ],
			[ -20, -3 ],
			[ -49, -7 ],
			[ -15, -2 ],
			[ -51, 0 ],
			[ -61, -20 ],
			[ -87, -31 ],
			[ -22, -11 ],
			[ -7, -4 ],
			[ -43, -21 ],
			[ -23, -12 ],
			[ -22, -10 ],
			[ -27, -14 ],
			[ -47, -24 ],
			[ -26, -13 ],
			[ -20, -10 ],
			[ -16, -8 ],
			[ -16, -8 ],
			[ -5, -2 ],
			[ -49, -16 ],
			[ -25, -8 ],
			[ -38, -30 ],
			[ -9, -7 ],
			[ -7, -4 ],
			[ -32, -23 ],
			[ -23, -15 ],
			[ -6, -3 ],
			[ -13, -2 ],
			[ -44, 22 ],
			[ -59, -8 ],
			[ -20, -2 ],
			[ -94, -10 ],
			[ -58, -6 ],
			[ -32, -3 ],
			[ -23, -1 ],
			[ -24, -1 ],
			[ -32, 6 ],
			[ -47, 9 ],
			[ -47, 9 ],
			[ -17, 3 ],
			[ -18, 9 ],
			[ -44, 23 ],
			[ -24, 12 ],
			[ -29, 15 ],
			[ -23, 12 ],
			[ -61, 17 ],
			[ -46, 13 ],
			[ -40, 11 ],
			[ -41, 11 ],
			[ -35, 9 ],
			[ -7, 5 ],
			[ -33, 22 ],
			[ -32, 21 ],
			[ -32, 21 ],
			[ -33, 22 ],
			[ -12, 18 ],
			[ -16, 25 ],
			[ -19, 30 ],
			[ -9, 14 ],
			[ -7, 8 ],
			[ -13, 13 ],
			[ -13, 13 ],
			[ -6, 6 ],
			[ -10, 11 ],
			[ -29, 6 ],
			[ -29, 6 ],
			[ -35, 6 ],
			[ -41, 17 ],
			[ -8, 3 ],
			[ -23, -2 ],
			[ -22, -2 ],
			[ -25, -2 ],
			[ -29, -3 ],
			[ -29, -2 ],
			[ -27, -5 ],
			[ -31, -6 ],
			[ -28, -6 ],
			[ -23, -5 ],
			[ -33, -7 ],
			[ -70, -15 ],
			[ -20, -4 ],
			[ -23, -5 ],
			[ -29, -6 ],
			[ -22, -5 ],
			[ -14, -3 ],
			[ -61, -8 ],
			[ -25, -4 ],
			[ -14, -2 ],
			[ -14, -2 ],
			[ -34, -2 ],
			[ -26, -2 ],
			[ -32, -3 ],
			[ -17, -9 ],
			[ -21, -12 ],
			[ -15, -9 ],
			[ -16, -10 ],
			[ -25, -14 ],
			[ -16, -7 ],
			[ -29, -11 ],
			[ -29, -12 ],
			[ -12, -5 ],
			[ -20, -9 ],
			[ -27, -20 ],
			[ -1, -15 ],
			[ -1, -17 ],
			[ 3, -13 ],
			[ 5, -25 ],
			[ -32, -28 ],
			[ -26, -22 ],
			[ -16, -14 ],
			[ -37, -14 ],
			[ -41, -16 ],
			[ -29, -11 ],
			[ -22, -9 ],
			[ -18, -7 ],
			[ -30, -18 ],
			[ -32, -19 ],
			[ -12, -7 ],
			[ -13, -8 ],
			[ -8, -4 ],
			[ -19, -11 ],
			[ -24, -14 ],
			[ -13, -7 ],
			[ -19, -11 ],
			[ -7, -4 ],
			[ -26, -15 ],
			[ -30, -15 ],
			[ -30, -15 ],
			[ -27, -13 ],
			[ -21, -11 ],
			[ -18, -9 ],
			[ -26, -13 ],
			[ -23, -12 ],
			[ -36, -18 ],
			[ -36, -18 ],
			[ -36, -18 ],
			[ -31, -16 ],
			[ -20, 1 ],
			[ -1, -9 ],
			[ -0, -8 ],
			[ -2, -29 ],
			[ -1, -19 ],
			[ -1, -22 ],
			[ -1, -20 ],
			[ -2, -28 ],
			[ -2, -27 ],
			[ -1, -18 ],
			[ -1, -8 ],
			[ 8, -17 ],
			[ 12, -28 ],
			[ 7, -15 ],
			[ 5, -12 ],
			[ 5, -13 ],
			[ -4, -6 ],
			[ -11, -18 ],
			[ -11, -19 ],
			[ -12, -21 ],
			[ -9, -16 ],
			[ -7, -13 ],
			[ -9, -15 ],
			[ -2, -3 ],
			[ -8, -13 ],
			[ 2, -10 ],
			[ 1, -9 ],
			[ 2, -9 ],
			[ 16, -42 ],
			[ 19, -27 ],
			[ 0, -7 ],
			[ 1, -14 ],
			[ 1, -16 ],
			[ 1, -22 ],
			[ 1, -20 ],
			[ 0, -13 ],
			[ 1, -30 ],
			[ -11, -27 ],
			[ -9, -25 ],
			[ -19, -49 ],
			[ -14, -37 ],
			[ -6, -17 ],
			[ -3, -9 ],
			[ -8, -20 ],
			[ -11, -30 ],
			[ -8, -19 ],
			[ -12, -33 ],
			[ -13, -35 ],
			[ -17, -44 ],
			[ -15, -39 ],
			[ -8, -21 ],
			[ -5, -11 ],
			[ -17, -34 ],
			[ -8, -16 ],
			[ -8, -15 ],
			[ -3, -6 ],
			[ -6, -12 ],
			[ -11, -8 ],
			[ -18, -13 ],
			[ -14, -10 ],
			[ -26, -19 ],
			[ -21, -15 ],
			[ -20, -14 ],
			[ -24, -17 ],
			[ -15, -10 ],
			[ -27, -19 ],
			[ -20, -14 ],
			[ -17, -12 ],
			[ -19, -13 ],
			[ -16, -12 ],
			[ -19, -13 ],
			[ -4, -8 ],
			[ -10, -20 ],
			[ -11, -21 ],
			[ -23, -65 ],
			[ -8, -23 ],
			[ 11, -25 ],
			[ 9, -21 ],
			[ 10, -22 ],
			[ 18, -37 ],
			[ 14, -29 ],
			[ 10, -19 ],
			[ 13, -20 ],
			[ 8, -12 ],
			[ 9, -36 ],
			[ 2, -15 ],
			[ 2, -21 ],
			[ 10, -21 ],
			[ 10, -22 ],
			[ 11, -25 ],
			[ 3, -6 ],
			[ 18, -39 ],
			[ 8, -18 ],
			[ 9, -21 ],
			[ 12, -30 ],
			[ 17, -21 ],
			[ 11, -13 ],
			[ 6, -4 ],
			[ 18, -11 ],
			[ 12, -7 ],
			[ 29, -18 ],
			[ 5, -3 ],
			[ 3, -2 ],
			[ 7, -5 ],
			[ 6, -4 ],
			[ 6, -5 ],
			[ 14, -10 ],
			[ 32, -25 ],
			[ 16, -13 ],
			[ 18, -14 ],
			[ 19, -15 ],
			[ 21, -16 ],
			[ 22, -18 ],
			[ 13, -10 ],
			[ 9, -8 ],
			[ 4, -3 ],
			[ 12, -11 ],
			[ 16, -16 ],
			[ 9, -9 ],
			[ -2, -15 ],
			[ -1, -11 ],
			[ -1, -10 ],
			[ -2, -20 ],
			[ -2, -13 ],
			[ -11, -15 ],
			[ -10, -13 ],
			[ -3, -4 ],
			[ -4, -5 ],
			[ -10, -14 ],
			[ -6, -8 ],
			[ -12, -15 ],
			[ -13, -18 ],
			[ -10, -14 ],
			[ -19, -27 ],
			[ -5, -8 ],
			[ -3, -42 ],
			[ -2, -30 ],
			[ 17, -19 ],
			[ 18, -11 ],
			[ 10, -6 ],
			[ 14, -9 ],
			[ 9, -5 ],
			[ 10, -7 ],
			[ 16, -6 ],
			[ 25, -10 ],
			[ 22, -9 ],
			[ 35, -13 ],
			[ 28, -11 ],
			[ 26, -10 ],
			[ 15, -6 ],
			[ 16, -6 ],
			[ 13, -5 ],
			[ 16, -7 ],
			[ 76, -1 ],
			[ 73, -2 ],
			[ 41, -1 ],
			[ 46, -1 ],
			[ 35, -1 ],
			[ 43, -0 ],
			[ 37, -7 ],
			[ 78, -14 ],
			[ 23, -8 ],
			[ 27, -9 ],
			[ 15, -5 ],
			[ 47, -11 ],
			[ 21, -4 ],
			[ 29, -6 ],
			[ 63, -13 ],
			[ 11, -2 ],
			[ 12, -29 ],
			[ 10, -21 ],
			[ 9, -19 ],
			[ 69, -23 ],
			[ 15, -5 ],
			[ 25, -8 ],
			[ 3, -2 ],
			[ 3, -5 ],
			[ 14, -11 ],
			[ 2, -6 ],
			[ 7, -21 ],
			[ 4, -11 ],
			[ 5, -15 ],
			[ 5, -14 ],
			[ 6, -16 ],
			[ 9, -19 ],
			[ 5, -10 ],
			[ 8, -18 ],
			[ 5, -11 ],
			[ 8, -17 ],
			[ 1, -3 ],
			[ 2, -10 ],
			[ 1, -3 ],
			[ 1, -6 ],
			[ 6, -14 ],
			[ 4, -9 ],
			[ 2, -5 ],
			[ 6, -16 ],
			[ 4, -8 ],
			[ 0, -1 ],
			[ -0, -1 ],
			[ -0, -3 ],
			[ -6, -29 ],
			[ -5, -21 ],
			[ 6, -31 ],
			[ 7, -32 ],
			[ 9, -41 ],
			[ 5, -24 ],
			[ 17, -30 ],
			[ 21, -38 ],
			[ 18, -32 ],
			[ 7, -14 ],
			[ 29, -25 ],
			[ 26, -22 ],
			[ 26, -21 ],
			[ 18, -14 ],
			[ 16, -13 ],
			[ 16, -13 ],
			[ 8, -7 ],
			[ 10, -18 ],
			[ 6, -10 ],
			[ 8, -13 ],
			[ 7, -12 ],
			[ 6, -10 ],
			[ 13, -20 ],
			[ 12, -19 ],
			[ 12, -22 ],
			[ 12, -21 ],
			[ 18, -31 ],
			[ 22, -41 ],
			[ 24, -41 ],
			[ 13, -23 ],
			[ 8, -14 ],
			[ -13, -26 ],
			[ -14, -32 ],
			[ -10, -21 ],
			[ 16, -16 ],
			[ 14, -14 ],
			[ 20, -20 ],
			[ 24, -21 ],
			[ 16, -13 ],
			[ 21, -18 ],
			[ 24, -21 ],
			[ 18, -15 ],
			[ 12, -10 ],
			[ 15, -13 ],
			[ 17, -14 ],
			[ 14, -13 ],
			[ 4, -4 ],
			[ 10, -12 ],
			[ 16, -20 ],
			[ 5, -6 ],
			[ 4, -4 ],
			[ 9, -11 ],
			[ 2, -2 ],
			[ 8, -10 ],
			[ 12, -16 ],
			[ 24, -30 ],
			[ 6, -8 ],
			[ 14, -18 ],
			[ 11, -14 ],
			[ 21, -28 ],
			[ 11, -14 ],
			[ 7, -9 ],
			[ 6, -7 ],
			[ 3, -12 ],
			[ 2, -13 ],
			[ 3, -19 ],
			[ 3, -15 ],
			[ 0, -4 ],
			[ 1, -11 ],
			[ 4, -28 ],
			[ 36, -39 ],
			[ 13, -17 ],
			[ 6, -18 ],
			[ 8, -23 ],
			[ 3, -10 ],
			[ 7, -21 ],
			[ 6, -17 ],
			[ 6, -18 ],
			[ 4, -10 ],
			[ 5, -16 ],
			[ 5, -14 ],
			[ 5, -14 ],
			[ 4, -14 ],
			[ 3, -11 ],
			[ 3, -10 ],
			[ 3, -9 ],
			[ 2, -5 ],
			[ 4, -11 ],
			[ 5, -5 ],
			[ 5, -5 ],
			[ 7, -6 ],
			[ 4, -4 ],
			[ 7, -7 ],
			[ 11, -11 ],
			[ 1, -11 ],
			[ 1, -41 ],
			[ -2, -60 ],
			[ -1, -37 ],
			[ 0, -12 ],
			[ 1, -9 ],
			[ 2, -7 ],
			[ 19, -63 ],
			[ 12, -41 ],
			[ 7, -24 ],
			[ 14, -49 ],
			[ 19, -62 ],
			[ 5, -18 ],
			[ 6, -19 ],
			[ 1, -5 ],
			[ 27, -18 ],
			[ 27, -17 ],
			[ 14, -9 ],
			[ 17, -12 ],
			[ 20, -19 ],
			[ 18, -18 ],
			[ 7, -7 ],
			[ 8, -8 ],
			[ 20, -19 ],
			[ 6, -7 ],
			[ 26, -18 ],
			[ 17, -9 ],
			[ 31, -16 ],
			[ 20, -28 ],
			[ 45, -66 ],
			[ 20, -32 ],
			[ 15, -24 ],
			[ 7, -12 ],
			[ 8, -8 ],
			[ 24, -22 ],
			[ 7, -6 ],
			[ 10, -9 ],
			[ 18, -16 ],
			[ 18, -17 ],
			[ 10, -10 ],
			[ 12, -7 ],
			[ 22, -13 ],
			[ 12, -7 ],
			[ -6, -10 ],
			[ -17, -24 ],
			[ 3, -14 ],
			[ 2, -13 ],
			[ 3, -17 ],
			[ 3, -13 ],
			[ 1, -5 ],
			[ 9, -18 ],
			[ 7, -12 ],
			[ 9, -17 ],
			[ 8, -15 ],
			[ 7, -14 ],
			[ 3, -7 ],
			[ 4, -16 ],
			[ 3, -15 ],
			[ 2, -13 ],
			[ 27, -16 ],
			[ 21, -12 ],
			[ 28, -17 ],
			[ 25, -15 ],
			[ 58, -35 ],
			[ 108, -130 ],
			[ 28, -11 ],
			[ 11, -12 ],
			[ 19, -19 ],
			[ 76, -79 ],
			[ -6, -14 ],
			[ -3, -12 ],
			[ -4, -6 ],
			[ -27, -74 ],
			[ -11, -33 ],
			[ -10, -28 ],
			[ -6, -17 ],
			[ 0, -100 ],
			[ -1, -19 ],
			[ 0, -1 ],
			[ 0, -1 ],
			[ 1, -1 ],
			[ 11, -20 ],
			[ 5, -8 ],
			[ 30, -50 ],
			[ 25, -42 ],
			[ 34, -63 ],
			[ 159, -124 ],
			[ 45, -63 ],
			[ -25, -48 ],
			[ -1, -3 ],
			[ -19, -22 ],
			[ -14, -18 ],
			[ -35, -126 ],
			[ -113, -94 ],
			[ -66, -254 ],
			[ 12, -20 ],
			[ 21, -35 ],
			[ 18, -26 ],
			[ 25, -31 ],
			[ 33, -40 ],
			[ 35, -55 ],
			[ 4, -15 ],
			[ 31, -20 ],
			[ 250, -76 ],
			[ 2, -1 ],
			[ 55, 21 ],
			[ 407, -106 ],
			[ 288, -74 ],
			[ 199, -52 ],
			[ 104, -27 ],
			[ 12, -3 ],
			[ 47, -12 ],
			[ 149, -39 ],
			[ -26, -71 ],
			[ -18, -51 ],
			[ -9, -24 ],
			[ -9, -19 ],
			[ -14, -27 ],
			[ -11, -17 ],
			[ -28, -41 ],
			[ -22, -33 ],
			[ -16, -24 ],
			[ -50, -225 ],
			[ -9, -42 ],
			[ -17, -77 ],
			[ 15, -15 ],
			[ 64, -65 ],
			[ 92, -94 ],
			[ 21, -25 ],
			[ 30, -36 ],
			[ 34, -40 ],
			[ 46, -53 ],
			[ 46, -53 ],
			[ 25, -30 ],
			[ 47, -41 ],
			[ 26, -23 ],
			[ 25, -22 ],
			[ 18, -22 ],
			[ 10, -14 ],
			[ 5, -43 ],
			[ 11, -98 ],
			[ 7, -66 ],
			[ 1, -5 ],
			[ 17, -44 ],
			[ 12, -31 ],
			[ 7, -18 ],
			[ 5, -14 ],
			[ 5, -16 ],
			[ 9, -27 ],
			[ 6, -18 ],
			[ 7, -19 ],
			[ 8, -24 ],
			[ 2, -17 ],
			[ 24, -183 ],
			[ 0, -6 ],
			[ -2, -22 ],
			[ -4, -43 ],
			[ -4, -40 ],
			[ -6, -56 ],
			[ 3, -19 ],
			[ -12, -19 ],
			[ -18, -30 ],
			[ -16, -27 ],
			[ -2, -6 ],
			[ -4, -10 ],
			[ -5, -12 ],
			[ -6, -16 ],
			[ -6, -16 ],
			[ -20, -51 ],
			[ -3, -7 ],
			[ -17, -29 ],
			[ -2, -3 ],
			[ -15, -26 ],
			[ -19, -34 ],
			[ -24, -43 ],
			[ -7, -14 ],
			[ -1, -1 ],
			[ -20, -11 ],
			[ -19, -10 ],
			[ -16, -9 ],
			[ -22, -12 ],
			[ -14, -8 ],
			[ -18, -27 ],
			[ -6, -8 ],
			[ -6, -35 ],
			[ -1, -4 ],
			[ -1, -4 ],
			[ -0, -8 ],
			[ -1, -1 ],
			[ -12, -12 ],
			[ -8, -8 ],
			[ -13, -13 ],
			[ 0, -1 ],
			[ 15, -18 ],
			[ 4, -4 ],
			[ 2, -4 ],
			[ -2, -4 ],
			[ -7, -46 ],
			[ -9, -50 ],
			[ -0, -0 ]
		]
	],
	"objects" : {
		"Barrios" : {
			"type" : "GeometryCollection",
			"geometries" : [
				{
					"type" : "Polygon",
					"arcs" : [
						[ 0, 1, 2, 3, 4 ]
					],
					"properties" : {
						"CODDIS" : "17",
						"NOMDIS" : "Villaverde",
						"COD_BAR" : "171",
						"NOMBRE" : "Villaverde Alto - Casco Histórico de Villaverde",
						"COD_DIS_TX" : "17",
						"BARRIO_MAY" : "VILLAVERDE ALTO - CASCO HISTORICO DE VILLAVERDE",
						"COD_DISBAR" : "171",
						"NUM_BAR" : "1",
						"BARRIO_MT" : "VILLAVERDE ALTO - CASCO HISTÓRICO DE VILLAVERDE",
						"COD_DISB" : "17-1",
						"Area" : null
					}
				},
				{
					"type" : "Polygon",
					"arcs" : [
						[ 5, 6, -5 ]
					],
					"properties" : {
						"CODDIS" : "17",
						"NOMDIS" : "Villaverde",
						"COD_BAR" : "172",
						"NOMBRE" : "San Cristóbal",
						"COD_DIS_TX" : "17",
						"BARRIO_MAY" : "SAN CRISTOBAL",
						"COD_DISBAR" : "172",
						"NUM_BAR" : "2",
						"BARRIO_MT" : "SAN CRISTÓBAL",
						"COD_DISB" : "17-2",
						"Area" : null
					}
				},
				{
					"type" : "Polygon",
					"arcs" : [
						[ 7, 8, -6, -4, 9 ]
					],
					"properties" : {
						"CODDIS" : "17",
						"NOMDIS" : "Villaverde",
						"COD_BAR" : "173",
						"NOMBRE" : "Butarque",
						"COD_DIS_TX" : "17",
						"BARRIO_MAY" : "BUTARQUE",
						"COD_DISBAR" : "173",
						"NUM_BAR" : "3",
						"BARRIO_MT" : "BUTARQUE",
						"COD_DISB" : "17-3",
						"Area" : null
					}
				},
				{
					"type" : "Polygon",
					"arcs" : [
						[ -9, 10, 11, 12, -7 ]
					],
					"properties" : {
						"CODDIS" : "17",
						"NOMDIS" : "Villaverde",
						"COD_BAR" : "174",
						"NOMBRE" : "Los Rosales",
						"COD_DIS_TX" : "17",
						"BARRIO_MAY" : "LOS ROSALES",
						"COD_DISBAR" : "174",
						"NUM_BAR" : "4",
						"BARRIO_MT" : "LOS ROSALES",
						"COD_DISB" : "17-4",
						"Area" : null
					}
				},
				{
					"type" : "Polygon",
					"arcs" : [
						[ 13, 14, -1, -13 ]
					],
					"properties" : {
						"CODDIS" : "17",
						"NOMDIS" : "Villaverde",
						"COD_BAR" : "175",
						"NOMBRE" : "Ángeles",
						"COD_DIS_TX" : "17",
						"BARRIO_MAY" : "ANGELES",
						"COD_DISBAR" : "175",
						"NUM_BAR" : "5",
						"BARRIO_MT" : "ÁNGELES",
						"COD_DISB" : "17-5",
						"Area" : null
					}
				},
				{
					"type" : "Polygon",
					"arcs" : [
						[ 15, 16, 17, 18, 19, 20, 21, 22, 23 ]
					],
					"properties" : {
						"CODDIS" : "18",
						"NOMDIS" : "Villa de Vallecas",
						"COD_BAR" : "183",
						"NOMBRE" : "Ensanche de Vallecas",
						"COD_DIS_TX" : "18",
						"BARRIO_MAY" : "ENSANCHE DE VALLECAS",
						"COD_DISBAR" : "183",
						"NUM_BAR" : "3",
						"BARRIO_MT" : "ENSANCHE DE VALLECAS",
						"COD_DISB" : "18-3",
						"Area" : null
					}
				},
				{
					"type" : "Polygon",
					"arcs" : [
						[ 24, 25, 26, 27, 28, 29, 30, 31 ]
					],
					"properties" : {
						"CODDIS" : "11",
						"NOMDIS" : "Carabanchel",
						"COD_BAR" : "116",
						"NOMBRE" : "Buenavista",
						"COD_DIS_TX" : "11",
						"BARRIO_MAY" : "BUENAVISTA",
						"COD_DISBAR" : "116",
						"NUM_BAR" : "6",
						"BARRIO_MT" : "BUENAVISTA",
						"COD_DISB" : "11-6",
						"Area" : null
					}
				},
				{
					"type" : "Polygon",
					"arcs" : [
						[ 32, 33, 34, -11, -8, 35, 36, -23, 37, -21, 38, -19, 39, -17 ]
					],
					"properties" : {
						"CODDIS" : "18",
						"NOMDIS" : "Villa de Vallecas",
						"COD_BAR" : "181",
						"NOMBRE" : "Casco Histórico de Vallecas",
						"COD_DIS_TX" : "18",
						"BARRIO_MAY" : "CASCO HISTORICO DE VALLECAS",
						"COD_DISBAR" : "181",
						"NUM_BAR" : "1",
						"BARRIO_MT" : "CASCO HISTÓRICO DE VALLECAS",
						"COD_DISB" : "18-1",
						"Area" : null
					}
				},
				{
					"type" : "Polygon",
					"arcs" : [
						[ 40, 41, 42, -31, 43, 44, -2, -15 ]
					],
					"properties" : {
						"CODDIS" : "12",
						"NOMDIS" : "Usera",
						"COD_BAR" : "121",
						"NOMBRE" : "Orcasitas",
						"COD_DIS_TX" : "12",
						"BARRIO_MAY" : "ORCASITAS",
						"COD_DISBAR" : "121",
						"NUM_BAR" : "1",
						"BARRIO_MT" : "ORCASITAS",
						"COD_DISB" : "12-1",
						"Area" : null
					}
				},
				{
					"type" : "Polygon",
					"arcs" : [
						[ -14, 45, 46, 47, 48, -41 ]
					],
					"properties" : {
						"CODDIS" : "12",
						"NOMDIS" : "Usera",
						"COD_BAR" : "122",
						"NOMBRE" : "Orcasur",
						"COD_DIS_TX" : "12",
						"BARRIO_MAY" : "ORCASUR",
						"COD_DISBAR" : "122",
						"NUM_BAR" : "2",
						"BARRIO_MT" : "ORCASUR",
						"COD_DISB" : "12-2",
						"Area" : null
					}
				},
				{
					"type" : "Polygon",
					"arcs" : [
						[ 49, -46, -12 ]
					],
					"properties" : {
						"CODDIS" : "12",
						"NOMDIS" : "Usera",
						"COD_BAR" : "123",
						"NOMBRE" : "San Fermín",
						"COD_DIS_TX" : "12",
						"BARRIO_MAY" : "SAN FERMIN",
						"COD_DISBAR" : "123",
						"NUM_BAR" : "3",
						"BARRIO_MT" : "SAN FERMÍN",
						"COD_DISB" : "12-3",
						"Area" : null
					}
				},
				{
					"type" : "Polygon",
					"arcs" : [
						[ 50, 51, 52, 53, -50, -35, 54 ]
					],
					"properties" : {
						"CODDIS" : "13",
						"NOMDIS" : "Puente de Vallecas",
						"COD_BAR" : "131",
						"NOMBRE" : "Entrevías",
						"COD_DIS_TX" : "13",
						"BARRIO_MAY" : "ENTREVIAS",
						"COD_DISBAR" : "131",
						"NUM_BAR" : "1",
						"BARRIO_MT" : "ENTREVÍAS",
						"COD_DISB" : "13-1",
						"Area" : null
					}
				},
				{
					"type" : "Polygon",
					"arcs" : [
						[ -28, 55, 56, 57 ]
					],
					"properties" : {
						"CODDIS" : "10",
						"NOMDIS" : "Latina",
						"COD_BAR" : "106",
						"NOMBRE" : "Cuatro Vientos",
						"COD_DIS_TX" : "10",
						"BARRIO_MAY" : "CUATRO VIENTOS",
						"COD_DISBAR" : "106",
						"NUM_BAR" : "6",
						"BARRIO_MT" : "CUATRO VIENTOS",
						"COD_DISB" : "10-6",
						"Area" : null
					}
				},
				{
					"type" : "Polygon",
					"arcs" : [
						[ 58, 59, 60, -25 ]
					],
					"properties" : {
						"CODDIS" : "11",
						"NOMDIS" : "Carabanchel",
						"COD_BAR" : "115",
						"NOMBRE" : "Puerta Bonita",
						"COD_DIS_TX" : "11",
						"BARRIO_MAY" : "PUERTA BONITA",
						"COD_DISBAR" : "115",
						"NUM_BAR" : "5",
						"BARRIO_MT" : "PUERTA BONITA",
						"COD_DISB" : "11-5",
						"Area" : null
					}
				},
				{
					"type" : "Polygon",
					"arcs" : [
						[ 61, -59, -32, 62 ]
					],
					"properties" : {
						"CODDIS" : "11",
						"NOMDIS" : "Carabanchel",
						"COD_BAR" : "117",
						"NOMBRE" : "Abrantes",
						"COD_DIS_TX" : "11",
						"BARRIO_MAY" : "ABRANTES",
						"COD_DISBAR" : "117",
						"NUM_BAR" : "7",
						"BARRIO_MT" : "ABRANTES",
						"COD_DISB" : "11-7",
						"Area" : null
					}
				},
				{
					"type" : "Polygon",
					"arcs" : [
						[ 63, 64, -56, -27, 65 ]
					],
					"properties" : {
						"CODDIS" : "10",
						"NOMDIS" : "Latina",
						"COD_BAR" : "107",
						"NOMBRE" : "Águilas",
						"COD_DIS_TX" : "10",
						"BARRIO_MAY" : "AGUILAS",
						"COD_DISBAR" : "107",
						"NUM_BAR" : "7",
						"BARRIO_MT" : "ÁGUILAS",
						"COD_DISB" : "10-7",
						"Area" : null
					}
				},
				{
					"type" : "Polygon",
					"arcs" : [
						[ -61, 66, 67, 68, -66, -26 ]
					],
					"properties" : {
						"CODDIS" : "11",
						"NOMDIS" : "Carabanchel",
						"COD_BAR" : "114",
						"NOMBRE" : "Vista Alegre",
						"COD_DIS_TX" : "11",
						"BARRIO_MAY" : "VISTA ALEGRE",
						"COD_DISBAR" : "114",
						"NUM_BAR" : "4",
						"BARRIO_MT" : "VISTA ALEGRE",
						"COD_DISB" : "11-4",
						"Area" : null
					}
				},
				{
					"type" : "Polygon",
					"arcs" : [
						[ 69, 70, 71, -33, -16 ]
					],
					"properties" : {
						"CODDIS" : "18",
						"NOMDIS" : "Villa de Vallecas",
						"COD_BAR" : "182",
						"NOMBRE" : "Santa Eugenia",
						"COD_DIS_TX" : "18",
						"BARRIO_MAY" : "SANTA EUGENIA",
						"COD_DISBAR" : "182",
						"NUM_BAR" : "2",
						"BARRIO_MT" : "SANTA EUGENIA",
						"COD_DISB" : "18-2",
						"Area" : null
					}
				},
				{
					"type" : "Polygon",
					"arcs" : [
						[ 72, 73, 74, -51, 75 ]
					],
					"properties" : {
						"CODDIS" : "13",
						"NOMDIS" : "Puente de Vallecas",
						"COD_BAR" : "133",
						"NOMBRE" : "Palomeras Bajas",
						"COD_DIS_TX" : "13",
						"BARRIO_MAY" : "PALOMERAS  BAJAS",
						"COD_DISBAR" : "133",
						"NUM_BAR" : "3",
						"BARRIO_MT" : "PALOMERAS BAJAS",
						"COD_DISB" : "13-3",
						"Area" : null
					}
				},
				{
					"type" : "Polygon",
					"arcs" : [
						[ 76, 77, -57, -65, 78 ]
					],
					"properties" : {
						"CODDIS" : "10",
						"NOMDIS" : "Latina",
						"COD_BAR" : "105",
						"NOMBRE" : "Campamento",
						"COD_DIS_TX" : "10",
						"BARRIO_MAY" : "CAMPAMENTO",
						"COD_DISBAR" : "105",
						"NUM_BAR" : "5",
						"BARRIO_MT" : "CAMPAMENTO",
						"COD_DISB" : "10-5",
						"Area" : null
					}
				},
				{
					"type" : "Polygon",
					"arcs" : [
						[ 79, 80, -63, -43 ]
					],
					"properties" : {
						"CODDIS" : "12",
						"NOMDIS" : "Usera",
						"COD_BAR" : "126",
						"NOMBRE" : "Zofío",
						"COD_DIS_TX" : "12",
						"BARRIO_MAY" : "ZOFIO",
						"COD_DISBAR" : "126",
						"NUM_BAR" : "6",
						"BARRIO_MT" : "ZOFÍO",
						"COD_DISB" : "12-6",
						"Area" : null
					}
				},
				{
					"type" : "Polygon",
					"arcs" : [
						[ 81, 82, -80, -42, -49 ]
					],
					"properties" : {
						"CODDIS" : "12",
						"NOMDIS" : "Usera",
						"COD_BAR" : "127",
						"NOMBRE" : "Pradolongo",
						"COD_DIS_TX" : "12",
						"BARRIO_MAY" : "PRADOLONGO",
						"COD_DISBAR" : "127",
						"NUM_BAR" : "7",
						"BARRIO_MT" : "PRADOLONGO",
						"COD_DISB" : "12-7",
						"Area" : null
					}
				},
				{
					"type" : "Polygon",
					"arcs" : [
						[ -34, -72, 83, 84, 85, -76, -55 ]
					],
					"properties" : {
						"CODDIS" : "13",
						"NOMDIS" : "Puente de Vallecas",
						"COD_BAR" : "134",
						"NOMBRE" : "Palomeras Sureste",
						"COD_DIS_TX" : "13",
						"BARRIO_MAY" : "PALOMERAS SURESTE",
						"COD_DISBAR" : "134",
						"NUM_BAR" : "4",
						"BARRIO_MT" : "PALOMERAS SURESTE",
						"COD_DISB" : "13-4",
						"Area" : null
					}
				},
				{
					"type" : "Polygon",
					"arcs" : [
						[ -48, 86, 87, -82 ]
					],
					"properties" : {
						"CODDIS" : "12",
						"NOMDIS" : "Usera",
						"COD_BAR" : "124",
						"NOMBRE" : "Almendrales",
						"COD_DIS_TX" : "12",
						"BARRIO_MAY" : "ALMENDRALES",
						"COD_DISBAR" : "124",
						"NUM_BAR" : "4",
						"BARRIO_MT" : "ALMENDRALES",
						"COD_DISB" : "12-4",
						"Area" : null
					}
				},
				{
					"type" : "Polygon",
					"arcs" : [
						[ -75, 88, 89, -52 ]
					],
					"properties" : {
						"CODDIS" : "13",
						"NOMDIS" : "Puente de Vallecas",
						"COD_BAR" : "132",
						"NOMBRE" : "San Diego",
						"COD_DIS_TX" : "13",
						"BARRIO_MAY" : "SAN DIEGO",
						"COD_DISBAR" : "132",
						"NUM_BAR" : "2",
						"BARRIO_MT" : "SAN DIEGO",
						"COD_DISB" : "13-2",
						"Area" : null
					}
				},
				{
					"type" : "Polygon",
					"arcs" : [
						[ -86, 90, 91, -73 ]
					],
					"properties" : {
						"CODDIS" : "13",
						"NOMDIS" : "Puente de Vallecas",
						"COD_BAR" : "135",
						"NOMBRE" : "Portazgo",
						"COD_DIS_TX" : "13",
						"BARRIO_MAY" : "PORTAZGO",
						"COD_DISBAR" : "135",
						"NUM_BAR" : "5",
						"BARRIO_MT" : "PORTAZGO",
						"COD_DISB" : "13-5",
						"Area" : null
					}
				},
				{
					"type" : "Polygon",
					"arcs" : [
						[ 92, 93, -79, -64, -69, 94 ]
					],
					"properties" : {
						"CODDIS" : "10",
						"NOMDIS" : "Latina",
						"COD_BAR" : "104",
						"NOMBRE" : "Aluche",
						"COD_DIS_TX" : "10",
						"BARRIO_MAY" : "ALUCHE",
						"COD_DISBAR" : "104",
						"NUM_BAR" : "4",
						"BARRIO_MT" : "ALUCHE",
						"COD_DISB" : "10-4",
						"Area" : null
					}
				},
				{
					"type" : "Polygon",
					"arcs" : [
						[ -83, -88, 95, 96, -81 ]
					],
					"properties" : {
						"CODDIS" : "12",
						"NOMDIS" : "Usera",
						"COD_BAR" : "125",
						"NOMBRE" : "Moscardó",
						"COD_DIS_TX" : "12",
						"BARRIO_MAY" : "MOSCARDO",
						"COD_DISBAR" : "125",
						"NUM_BAR" : "5",
						"BARRIO_MT" : "MOSCARDÓ",
						"COD_DISB" : "12-5",
						"Area" : null
					}
				},
				{
					"type" : "Polygon",
					"arcs" : [
						[ 97, 98, -87, -47, -54, 99 ]
					],
					"properties" : {
						"CODDIS" : "2",
						"NOMDIS" : "Arganzuela",
						"COD_BAR" : "024",
						"NOMBRE" : "Legazpi",
						"COD_DIS_TX" : "02",
						"BARRIO_MAY" : "LEGAZPI",
						"COD_DISBAR" : "24",
						"NUM_BAR" : "4",
						"BARRIO_MT" : "LEGAZPI",
						"COD_DISB" : "2-4",
						"Area" : null
					}
				},
				{
					"type" : "Polygon",
					"arcs" : [
						[ 100, 101, -67, -60, -62 ]
					],
					"properties" : {
						"CODDIS" : "11",
						"NOMDIS" : "Carabanchel",
						"COD_BAR" : "112",
						"NOMBRE" : "Opañel",
						"COD_DIS_TX" : "11",
						"BARRIO_MAY" : "OPAÑEL",
						"COD_DISBAR" : "112",
						"NUM_BAR" : "2",
						"BARRIO_MT" : "OPAÑEL",
						"COD_DISB" : "11-2",
						"Area" : null
					}
				},
				{
					"type" : "Polygon",
					"arcs" : [
						[ -97, 102, 103, -101 ]
					],
					"properties" : {
						"CODDIS" : "11",
						"NOMDIS" : "Carabanchel",
						"COD_BAR" : "111",
						"NOMBRE" : "Comillas",
						"COD_DIS_TX" : "11",
						"BARRIO_MAY" : "COMILLAS",
						"COD_DISBAR" : "111",
						"NUM_BAR" : "1",
						"BARRIO_MT" : "COMILLAS",
						"COD_DISB" : "11-1",
						"Area" : null
					}
				},
				{
					"type" : "Polygon",
					"arcs" : [
						[ 104, 105, -68, -102, -104 ]
					],
					"properties" : {
						"CODDIS" : "11",
						"NOMDIS" : "Carabanchel",
						"COD_BAR" : "113",
						"NOMBRE" : "San Isidro",
						"COD_DIS_TX" : "11",
						"BARRIO_MAY" : "SAN ISIDRO",
						"COD_DISBAR" : "113",
						"NUM_BAR" : "3",
						"BARRIO_MT" : "SAN ISIDRO",
						"COD_DISB" : "11-3",
						"Area" : null
					}
				},
				{
					"type" : "Polygon",
					"arcs" : [
						[ 106, 107, -98, 108 ]
					],
					"properties" : {
						"CODDIS" : "2",
						"NOMDIS" : "Arganzuela",
						"COD_BAR" : "025",
						"NOMBRE" : "Delicias",
						"COD_DIS_TX" : "02",
						"BARRIO_MAY" : "DELICIAS",
						"COD_DISBAR" : "25",
						"NUM_BAR" : "5",
						"BARRIO_MT" : "DELICIAS",
						"COD_DISB" : "2-5",
						"Area" : null
					}
				},
				{
					"type" : "Polygon",
					"arcs" : [
						[ -108, 109, -96, -99 ]
					],
					"properties" : {
						"CODDIS" : "2",
						"NOMDIS" : "Arganzuela",
						"COD_BAR" : "023",
						"NOMBRE" : "Chopera",
						"COD_DIS_TX" : "02",
						"BARRIO_MAY" : "CHOPERA",
						"COD_DISBAR" : "23",
						"NUM_BAR" : "3",
						"BARRIO_MT" : "CHOPERA",
						"COD_DISB" : "2-3",
						"Area" : null
					}
				},
				{
					"type" : "Polygon",
					"arcs" : [
						[ -92, 110, 111, -89, -74 ]
					],
					"properties" : {
						"CODDIS" : "13",
						"NOMDIS" : "Puente de Vallecas",
						"COD_BAR" : "136",
						"NOMBRE" : "Numancia",
						"COD_DIS_TX" : "13",
						"BARRIO_MAY" : "NUMANCIA",
						"COD_DISBAR" : "136",
						"NUM_BAR" : "6",
						"BARRIO_MT" : "NUMANCIA",
						"COD_DISB" : "13-6",
						"Area" : null
					}
				},
				{
					"type" : "Polygon",
					"arcs" : [
						[ 112, 113, 114, -95, -106 ]
					],
					"properties" : {
						"CODDIS" : "10",
						"NOMDIS" : "Latina",
						"COD_BAR" : "101",
						"NOMBRE" : "Los Cármenes",
						"COD_DIS_TX" : "10",
						"BARRIO_MAY" : "LOS CARMENES",
						"COD_DISBAR" : "101",
						"NUM_BAR" : "1",
						"BARRIO_MT" : "LOS CÁRMENES",
						"COD_DISB" : "10-1",
						"Area" : null
					}
				},
				{
					"type" : "Polygon",
					"arcs" : [
						[ 115, 116, 117, 118, 119, -84, -71 ]
					],
					"properties" : {
						"CODDIS" : "19",
						"NOMDIS" : "Vicálvaro",
						"COD_BAR" : "192",
						"NOMBRE" : "Valdebernardo",
						"COD_DIS_TX" : "19",
						"BARRIO_MAY" : "VALDEBERNARDO",
						"COD_DISBAR" : "192",
						"NUM_BAR" : "2",
						"BARRIO_MT" : "VALDEBERNARDO",
						"COD_DISB" : "19-2",
						"Area" : null
					}
				},
				{
					"type" : "Polygon",
					"arcs" : [
						[ 120, -117 ]
					],
					"properties" : {
						"CODDIS" : "19",
						"NOMDIS" : "Vicálvaro",
						"COD_BAR" : "193",
						"NOMBRE" : "Valderrivas",
						"COD_DIS_TX" : "19",
						"BARRIO_MAY" : "VALDERRIVAS",
						"COD_DISBAR" : "193",
						"NUM_BAR" : "3",
						"BARRIO_MT" : "VALDERRIVAS",
						"COD_DISB" : "19-3",
						"Area" : null
					}
				},
				{
					"type" : "Polygon",
					"arcs" : [
						[ 121, 122, 123, -85, -120 ]
					],
					"properties" : {
						"CODDIS" : "14",
						"NOMDIS" : "Moratalaz",
						"COD_BAR" : "141",
						"NOMBRE" : "Pavones",
						"COD_DIS_TX" : "14",
						"BARRIO_MAY" : "PAVONES",
						"COD_DISBAR" : "141",
						"NUM_BAR" : "1",
						"BARRIO_MT" : "PAVONES",
						"COD_DISB" : "14-1",
						"Area" : null
					}
				},
				{
					"type" : "Polygon",
					"arcs" : [
						[ 124, 125, -93, -115 ]
					],
					"properties" : {
						"CODDIS" : "10",
						"NOMDIS" : "Latina",
						"COD_BAR" : "103",
						"NOMBRE" : "Lucero",
						"COD_DIS_TX" : "10",
						"BARRIO_MAY" : "LUCERO",
						"COD_DISBAR" : "103",
						"NUM_BAR" : "3",
						"BARRIO_MT" : "LUCERO",
						"COD_DISB" : "10-3",
						"Area" : null
					}
				},
				{
					"type" : "Polygon",
					"arcs" : [
						[ 126, 127, -111, -91, -124, 128 ]
					],
					"properties" : {
						"CODDIS" : "14",
						"NOMDIS" : "Moratalaz",
						"COD_BAR" : "145",
						"NOMBRE" : "Fontarrón",
						"COD_DIS_TX" : "14",
						"BARRIO_MAY" : "FONTARRON",
						"COD_DISBAR" : "145",
						"NUM_BAR" : "5",
						"BARRIO_MT" : "FONTARRÓN",
						"COD_DISB" : "14-5",
						"Area" : null
					}
				},
				{
					"type" : "Polygon",
					"arcs" : [
						[ 129, 130, -103, -110, 131 ]
					],
					"properties" : {
						"CODDIS" : "2",
						"NOMDIS" : "Arganzuela",
						"COD_BAR" : "022",
						"NOMBRE" : "Acacias",
						"COD_DIS_TX" : "02",
						"BARRIO_MAY" : "ACACIAS",
						"COD_DISBAR" : "22",
						"NUM_BAR" : "2",
						"BARRIO_MT" : "ACACIAS",
						"COD_DISB" : "2-2",
						"Area" : null
					}
				},
				{
					"type" : "Polygon",
					"arcs" : [
						[ -90, -112, 132, 133, 134 ]
					],
					"properties" : {
						"CODDIS" : "3",
						"NOMDIS" : "Retiro",
						"COD_BAR" : "032",
						"NOMBRE" : "Adelfas",
						"COD_DIS_TX" : "03",
						"BARRIO_MAY" : "ADELFAS",
						"COD_DISBAR" : "32",
						"NUM_BAR" : "2",
						"BARRIO_MT" : "ADELFAS",
						"COD_DISB" : "3-2",
						"Area" : null
					}
				},
				{
					"type" : "Polygon",
					"arcs" : [
						[ 135, 136 ]
					],
					"properties" : {
						"CODDIS" : "19",
						"NOMDIS" : "Vicálvaro",
						"COD_BAR" : "194",
						"NOMBRE" : "El Cañaveral",
						"COD_DIS_TX" : "19",
						"BARRIO_MAY" : "EL CAÑAVERAL",
						"COD_DISBAR" : "194",
						"NUM_BAR" : "4",
						"BARRIO_MT" : "EL CAÑAVERAL",
						"COD_DISB" : "19-4",
						"Area" : null
					}
				},
				{
					"type" : "Polygon",
					"arcs" : [
						[ 137, 138, -132, -107 ]
					],
					"properties" : {
						"CODDIS" : "2",
						"NOMDIS" : "Arganzuela",
						"COD_BAR" : "026",
						"NOMBRE" : "Palos de la Frontera",
						"COD_DIS_TX" : "02",
						"BARRIO_MAY" : "PALOS DE LA FRONTERA",
						"COD_DISBAR" : "26",
						"NUM_BAR" : "6",
						"BARRIO_MT" : "PALOS DE LA FRONTERA",
						"COD_DISB" : "2-6",
						"Area" : null
					}
				},
				{
					"type" : "Polygon",
					"arcs" : [
						[ 139, 140, 141, 142, -118, -121, -116, -70, -24, -37, 143, -137 ]
					],
					"properties" : {
						"CODDIS" : "19",
						"NOMDIS" : "Vicálvaro",
						"COD_BAR" : "191",
						"NOMBRE" : "Casco Histórico de Vicálvaro",
						"COD_DIS_TX" : "19",
						"BARRIO_MAY" : "CASCO HISTORICO DE VICALVARO",
						"COD_DISBAR" : "191",
						"NUM_BAR" : "1",
						"BARRIO_MT" : "CASCO HISTÓRICO DE VICÁLVARO",
						"COD_DISB" : "19-1",
						"Area" : null
					}
				},
				{
					"type" : "Polygon",
					"arcs" : [
						[ -134, 144, 145, 146 ]
					],
					"properties" : {
						"CODDIS" : "3",
						"NOMDIS" : "Retiro",
						"COD_BAR" : "031",
						"NOMBRE" : "Pacífico",
						"COD_DIS_TX" : "03",
						"BARRIO_MAY" : "PACIFICO",
						"COD_DISBAR" : "31",
						"NUM_BAR" : "1",
						"BARRIO_MT" : "PACÍFICO",
						"COD_DISB" : "3-1",
						"Area" : null
					}
				},
				{
					"type" : "Polygon",
					"arcs" : [
						[ 147, -129, -123 ]
					],
					"properties" : {
						"CODDIS" : "14",
						"NOMDIS" : "Moratalaz",
						"COD_BAR" : "146",
						"NOMBRE" : "Vinateros",
						"COD_DIS_TX" : "14",
						"BARRIO_MAY" : "VINATEROS",
						"COD_DISBAR" : "146",
						"NUM_BAR" : "6",
						"BARRIO_MT" : "VINATEROS",
						"COD_DISB" : "14-6",
						"Area" : null
					}
				},
				{
					"type" : "Polygon",
					"arcs" : [
						[ -131, 148, 149, -113, -105 ]
					],
					"properties" : {
						"CODDIS" : "2",
						"NOMDIS" : "Arganzuela",
						"COD_BAR" : "021",
						"NOMBRE" : "Imperial",
						"COD_DIS_TX" : "02",
						"BARRIO_MAY" : "IMPERIAL",
						"COD_DISBAR" : "21",
						"NUM_BAR" : "1",
						"BARRIO_MT" : "IMPERIAL",
						"COD_DISB" : "2-1",
						"Area" : null
					}
				},
				{
					"type" : "Polygon",
					"arcs" : [
						[ -150, 150, 151, -125, -114 ]
					],
					"properties" : {
						"CODDIS" : "10",
						"NOMDIS" : "Latina",
						"COD_BAR" : "102",
						"NOMBRE" : "Puerta del Ángel",
						"COD_DIS_TX" : "10",
						"BARRIO_MAY" : "PUERTA DEL ANGEL",
						"COD_DISBAR" : "102",
						"NUM_BAR" : "2",
						"BARRIO_MT" : "PUERTA DEL ÁNGEL",
						"COD_DISB" : "10-2",
						"Area" : null
					}
				},
				{
					"type" : "Polygon",
					"arcs" : [
						[ 152, 153, 154, -127 ]
					],
					"properties" : {
						"CODDIS" : "14",
						"NOMDIS" : "Moratalaz",
						"COD_BAR" : "144",
						"NOMBRE" : "Media Legua",
						"COD_DIS_TX" : "14",
						"BARRIO_MAY" : "MEDIA LEGUA",
						"COD_DISBAR" : "144",
						"NUM_BAR" : "4",
						"BARRIO_MT" : "MEDIA LEGUA",
						"COD_DISB" : "14-4",
						"Area" : null
					}
				},
				{
					"type" : "Polygon",
					"arcs" : [
						[ 155, 156, -122, -119, -143 ]
					],
					"properties" : {
						"CODDIS" : "14",
						"NOMDIS" : "Moratalaz",
						"COD_BAR" : "142",
						"NOMBRE" : "Horcajo",
						"COD_DIS_TX" : "14",
						"BARRIO_MAY" : "HORCAJO",
						"COD_DISBAR" : "142",
						"NUM_BAR" : "2",
						"BARRIO_MT" : "HORCAJO",
						"COD_DISB" : "14-2",
						"Area" : null
					}
				},
				{
					"type" : "Polygon",
					"arcs" : [
						[ 157, 158, -130, -139, 159, 160, 161 ]
					],
					"properties" : {
						"CODDIS" : "1",
						"NOMDIS" : "Centro",
						"COD_BAR" : "012",
						"NOMBRE" : "Embajadores",
						"COD_DIS_TX" : "01",
						"BARRIO_MAY" : "EMBAJADORES",
						"COD_DISBAR" : "12",
						"NUM_BAR" : "2",
						"BARRIO_MT" : "EMBAJADORES",
						"COD_DISB" : "1-2",
						"Area" : null
					}
				},
				{
					"type" : "Polygon",
					"arcs" : [
						[ 162, -153, -148, -157 ]
					],
					"properties" : {
						"CODDIS" : "14",
						"NOMDIS" : "Moratalaz",
						"COD_BAR" : "143",
						"NOMBRE" : "Marroquina",
						"COD_DIS_TX" : "14",
						"BARRIO_MAY" : "MARROQUINA",
						"COD_DISBAR" : "143",
						"NUM_BAR" : "3",
						"BARRIO_MT" : "MARROQUINA",
						"COD_DISB" : "14-3",
						"Area" : null
					}
				},
				{
					"type" : "Polygon",
					"arcs" : [
						[ 163, 164, 165, 166, -161, 167, -146 ]
					],
					"properties" : {
						"CODDIS" : "3",
						"NOMDIS" : "Retiro",
						"COD_BAR" : "035",
						"NOMBRE" : "Los Jerónimos",
						"COD_DIS_TX" : "03",
						"BARRIO_MAY" : "LOS JERONIMOS",
						"COD_DISBAR" : "35",
						"NUM_BAR" : "5",
						"BARRIO_MT" : "LOS JERÓNIMOS",
						"COD_DISB" : "3-5",
						"Area" : null
					}
				},
				{
					"type" : "Polygon",
					"arcs" : [
						[ -128, -155, 168, 169, 170, -133 ]
					],
					"properties" : {
						"CODDIS" : "3",
						"NOMDIS" : "Retiro",
						"COD_BAR" : "033",
						"NOMBRE" : "Estrella",
						"COD_DIS_TX" : "03",
						"BARRIO_MAY" : "ESTRELLA",
						"COD_DISBAR" : "33",
						"NUM_BAR" : "3",
						"BARRIO_MT" : "ESTRELLA",
						"COD_DISB" : "3-3",
						"Area" : null
					}
				},
				{
					"type" : "Polygon",
					"arcs" : [
						[ -171, 171, -164, -145 ]
					],
					"properties" : {
						"CODDIS" : "3",
						"NOMDIS" : "Retiro",
						"COD_BAR" : "036",
						"NOMBRE" : "Niño Jesús",
						"COD_DIS_TX" : "03",
						"BARRIO_MAY" : "NIÑO JESUS",
						"COD_DISBAR" : "36",
						"NUM_BAR" : "6",
						"BARRIO_MT" : "NIÑO JESÚS",
						"COD_DISB" : "3-6",
						"Area" : null
					}
				},
				{
					"type" : "Polygon",
					"arcs" : [
						[ -168, -160, -138, -109, -100, -53, -135, -147 ]
					],
					"properties" : {
						"CODDIS" : "2",
						"NOMDIS" : "Arganzuela",
						"COD_BAR" : "027",
						"NOMBRE" : "Atocha",
						"COD_DIS_TX" : "02",
						"BARRIO_MAY" : "ATOCHA",
						"COD_DISBAR" : "27",
						"NUM_BAR" : "7",
						"BARRIO_MT" : "ATOCHA",
						"COD_DISB" : "2-7",
						"Area" : null
					}
				},
				{
					"type" : "Polygon",
					"arcs" : [
						[ 172, 173, 174, -151, -149, -159, 175 ]
					],
					"properties" : {
						"CODDIS" : "1",
						"NOMDIS" : "Centro",
						"COD_BAR" : "011",
						"NOMBRE" : "Palacio",
						"COD_DIS_TX" : "01",
						"BARRIO_MAY" : "PALACIO",
						"COD_DISBAR" : "11",
						"NUM_BAR" : "1",
						"BARRIO_MT" : "PALACIO",
						"COD_DISB" : "1-1",
						"Area" : null
					}
				},
				{
					"type" : "Polygon",
					"arcs" : [
						[ 176, 177, -162, -167 ]
					],
					"properties" : {
						"CODDIS" : "1",
						"NOMDIS" : "Centro",
						"COD_BAR" : "013",
						"NOMBRE" : "Cortes",
						"COD_DIS_TX" : "01",
						"BARRIO_MAY" : "CORTES",
						"COD_DISBAR" : "13",
						"NUM_BAR" : "3",
						"BARRIO_MT" : "CORTES",
						"COD_DISB" : "1-3",
						"Area" : null
					}
				},
				{
					"type" : "Polygon",
					"arcs" : [
						[ 178, -176, -158, -178, 179 ]
					],
					"properties" : {
						"CODDIS" : "1",
						"NOMDIS" : "Centro",
						"COD_BAR" : "016",
						"NOMBRE" : "Sol",
						"COD_DIS_TX" : "01",
						"BARRIO_MAY" : "SOL",
						"COD_DISBAR" : "16",
						"NUM_BAR" : "8",
						"BARRIO_MT" : "SOL",
						"COD_DISB" : "1-6",
						"Area" : null
					}
				},
				{
					"type" : "Polygon",
					"arcs" : [
						[ -170, 180, -165, -172 ]
					],
					"properties" : {
						"CODDIS" : "3",
						"NOMDIS" : "Retiro",
						"COD_BAR" : "034",
						"NOMBRE" : "Ibiza",
						"COD_DIS_TX" : "03",
						"BARRIO_MAY" : "IBIZA",
						"COD_DISBAR" : "34",
						"NUM_BAR" : "4",
						"BARRIO_MT" : "IBIZA",
						"COD_DISB" : "3-4",
						"Area" : null
					}
				},
				{
					"type" : "Polygon",
					"arcs" : [
						[ 181, 182, 183, 184, 185, -156 ]
					],
					"properties" : {
						"CODDIS" : "15",
						"NOMDIS" : "Ciudad Lineal",
						"COD_BAR" : "152",
						"NOMBRE" : "Pueblo Nuevo",
						"COD_DIS_TX" : "15",
						"BARRIO_MAY" : "PUEBLO NUEVO",
						"COD_DISBAR" : "152",
						"NUM_BAR" : "2",
						"BARRIO_MT" : "PUEBLO NUEVO",
						"COD_DISB" : "15-2",
						"Area" : null
					}
				},
				{
					"type" : "Polygon",
					"arcs" : [
						[ 186, 187, 188, -182, -142 ]
					],
					"properties" : {
						"CODDIS" : "20",
						"NOMDIS" : "San Blas - Canillejas",
						"COD_BAR" : "204",
						"NOMBRE" : "Arcos",
						"COD_DIS_TX" : "20",
						"BARRIO_MAY" : "ARCOS",
						"COD_DISBAR" : "204",
						"NUM_BAR" : "4",
						"BARRIO_MT" : "ARCOS",
						"COD_DISB" : "20-4",
						"Area" : null
					}
				},
				{
					"type" : "Polygon",
					"arcs" : [
						[ -177, 189, 190, 191, 192, -180 ]
					],
					"properties" : {
						"CODDIS" : "1",
						"NOMDIS" : "Centro",
						"COD_BAR" : "014",
						"NOMBRE" : "Justicia",
						"COD_DIS_TX" : "01",
						"BARRIO_MAY" : "JUSTICIA",
						"COD_DISBAR" : "14",
						"NUM_BAR" : "4",
						"BARRIO_MT" : "JUSTICIA",
						"COD_DISB" : "1-4",
						"Area" : null
					}
				},
				{
					"type" : "Polygon",
					"arcs" : [
						[ -174, 193, 194, 195, 196 ]
					],
					"properties" : {
						"CODDIS" : "9",
						"NOMDIS" : "Moncloa - Aravaca",
						"COD_BAR" : "092",
						"NOMBRE" : "Argüelles",
						"COD_DIS_TX" : "09",
						"BARRIO_MAY" : "ARGÜELLES",
						"COD_DISBAR" : "92",
						"NUM_BAR" : "2",
						"BARRIO_MT" : "ARGÜELLES",
						"COD_DISB" : "9-2",
						"Area" : null
					}
				},
				{
					"type" : "Polygon",
					"arcs" : [
						[ 197, 198, 199, 200, 201, -187, -141 ]
					],
					"properties" : {
						"CODDIS" : "20",
						"NOMDIS" : "San Blas - Canillejas",
						"COD_BAR" : "205",
						"NOMBRE" : "Rosas",
						"COD_DIS_TX" : "20",
						"BARRIO_MAY" : "ROSAS",
						"COD_DISBAR" : "205",
						"NUM_BAR" : "5",
						"BARRIO_MT" : "ROSAS",
						"COD_DISB" : "20-5",
						"Area" : null
					}
				},
				{
					"type" : "Polygon",
					"arcs" : [
						[ -193, 202, 203, 204, -194, -173, -179 ]
					],
					"properties" : {
						"CODDIS" : "1",
						"NOMDIS" : "Centro",
						"COD_BAR" : "015",
						"NOMBRE" : "Universidad",
						"COD_DIS_TX" : "01",
						"BARRIO_MAY" : "UNIVERSIDAD",
						"COD_DISBAR" : "15",
						"NUM_BAR" : "5",
						"BARRIO_MT" : "UNIVERSIDAD",
						"COD_DISB" : "1-5",
						"Area" : null
					}
				},
				{
					"type" : "Polygon",
					"arcs" : [
						[ -186, 205, 206, 207, -154, -163 ]
					],
					"properties" : {
						"CODDIS" : "15",
						"NOMDIS" : "Ciudad Lineal",
						"COD_BAR" : "151",
						"NOMBRE" : "Ventas",
						"COD_DIS_TX" : "15",
						"BARRIO_MAY" : "VENTAS",
						"COD_DISBAR" : "151",
						"NUM_BAR" : "1",
						"BARRIO_MT" : "VENTAS",
						"COD_DISB" : "15-1",
						"Area" : null
					}
				},
				{
					"type" : "Polygon",
					"arcs" : [
						[ -166, 208, 209, 210, -190 ]
					],
					"properties" : {
						"CODDIS" : "4",
						"NOMDIS" : "Salamanca",
						"COD_BAR" : "041",
						"NOMBRE" : "Recoletos",
						"COD_DIS_TX" : "04",
						"BARRIO_MAY" : "RECOLETOS",
						"COD_DISBAR" : "41",
						"NUM_BAR" : "1",
						"BARRIO_MT" : "RECOLETOS",
						"COD_DISB" : "4-1",
						"Area" : null
					}
				},
				{
					"type" : "Polygon",
					"arcs" : [
						[ -208, 211, 212, -169 ]
					],
					"properties" : {
						"CODDIS" : "4",
						"NOMDIS" : "Salamanca",
						"COD_BAR" : "043",
						"NOMBRE" : "Fuente del Berro",
						"COD_DIS_TX" : "04",
						"BARRIO_MAY" : "FUENTE DEL BERRO",
						"COD_DISBAR" : "43",
						"NUM_BAR" : "3",
						"BARRIO_MT" : "FUENTE DEL BERRO",
						"COD_DISB" : "4-3",
						"Area" : null
					}
				},
				{
					"type" : "Polygon",
					"arcs" : [
						[ -213, 213, 214, -209, -181 ]
					],
					"properties" : {
						"CODDIS" : "4",
						"NOMDIS" : "Salamanca",
						"COD_BAR" : "042",
						"NOMBRE" : "Goya",
						"COD_DIS_TX" : "04",
						"BARRIO_MAY" : "GOYA",
						"COD_DISBAR" : "42",
						"NUM_BAR" : "2",
						"BARRIO_MT" : "GOYA",
						"COD_DISB" : "4-2",
						"Area" : null
					}
				},
				{
					"type" : "Polygon",
					"arcs" : [
						[ 215, 216, 217, -77, -94, -126, -152, -175, -197 ]
					],
					"properties" : {
						"CODDIS" : "9",
						"NOMDIS" : "Moncloa - Aravaca",
						"COD_BAR" : "091",
						"NOMBRE" : "Casa de Campo",
						"COD_DIS_TX" : "09",
						"BARRIO_MAY" : "CASA DE CAMPO",
						"COD_DISBAR" : "91",
						"NUM_BAR" : "1",
						"BARRIO_MT" : "CASA DE CAMPO",
						"COD_DISB" : "9-1",
						"Area" : null
					}
				},
				{
					"type" : "Polygon",
					"arcs" : [
						[ -189, 218, 219, -183 ]
					],
					"properties" : {
						"CODDIS" : "20",
						"NOMDIS" : "San Blas - Canillejas",
						"COD_BAR" : "203",
						"NOMBRE" : "Amposta",
						"COD_DIS_TX" : "20",
						"BARRIO_MAY" : "AMPOSTA",
						"COD_DISBAR" : "203",
						"NUM_BAR" : "3",
						"BARRIO_MT" : "AMPOSTA",
						"COD_DISB" : "20-3",
						"Area" : null
					}
				},
				{
					"type" : "Polygon",
					"arcs" : [
						[ 220, 221, 222, 223, -184, -220 ]
					],
					"properties" : {
						"CODDIS" : "20",
						"NOMDIS" : "San Blas - Canillejas",
						"COD_BAR" : "201",
						"NOMBRE" : "Simancas",
						"COD_DIS_TX" : "20",
						"BARRIO_MAY" : "SIMANCAS",
						"COD_DISBAR" : "201",
						"NUM_BAR" : "1",
						"BARRIO_MT" : "SIMANCAS",
						"COD_DISB" : "20-1",
						"Area" : null
					}
				},
				{
					"type" : "Polygon",
					"arcs" : [
						[ -211, 224, 225, 226, -191 ]
					],
					"properties" : {
						"CODDIS" : "7",
						"NOMDIS" : "Chamberí",
						"COD_BAR" : "074",
						"NOMBRE" : "Almagro",
						"COD_DIS_TX" : "07",
						"BARRIO_MAY" : "ALMAGRO",
						"COD_DISBAR" : "74",
						"NUM_BAR" : "4",
						"BARRIO_MT" : "ALMAGRO",
						"COD_DISB" : "7-4",
						"Area" : null
					}
				},
				{
					"type" : "Polygon",
					"arcs" : [
						[ 227, -215, 228, 229 ]
					],
					"properties" : {
						"CODDIS" : "4",
						"NOMDIS" : "Salamanca",
						"COD_BAR" : "045",
						"NOMBRE" : "Lista",
						"COD_DIS_TX" : "04",
						"BARRIO_MAY" : "LISTA",
						"COD_DISBAR" : "45",
						"NUM_BAR" : "5",
						"BARRIO_MT" : "LISTA",
						"COD_DISB" : "4-5",
						"Area" : null
					}
				},
				{
					"type" : "Polygon",
					"arcs" : [
						[ -227, 230, 231, -203, -192 ]
					],
					"properties" : {
						"CODDIS" : "7",
						"NOMDIS" : "Chamberí",
						"COD_BAR" : "073",
						"NOMBRE" : "Trafalgar",
						"COD_DIS_TX" : "07",
						"BARRIO_MAY" : "TRAFALGAR",
						"COD_DISBAR" : "73",
						"NUM_BAR" : "3",
						"BARRIO_MT" : "TRAFALGAR",
						"COD_DISB" : "7-3",
						"Area" : null
					}
				},
				{
					"type" : "Polygon",
					"arcs" : [
						[ -212, 232, 233, 234, -229, -214 ]
					],
					"properties" : {
						"CODDIS" : "4",
						"NOMDIS" : "Salamanca",
						"COD_BAR" : "044",
						"NOMBRE" : "Guindalera",
						"COD_DIS_TX" : "04",
						"BARRIO_MAY" : "GUINDALERA",
						"COD_DISBAR" : "44",
						"NUM_BAR" : "4",
						"BARRIO_MT" : "GUINDALERA",
						"COD_DISB" : "4-4",
						"Area" : null
					}
				},
				{
					"type" : "Polygon",
					"arcs" : [
						[ -202, -221, -219, -188 ]
					],
					"properties" : {
						"CODDIS" : "20",
						"NOMDIS" : "San Blas - Canillejas",
						"COD_BAR" : "202",
						"NOMBRE" : "Hellín",
						"COD_DIS_TX" : "20",
						"BARRIO_MAY" : "HELLIN",
						"COD_DISBAR" : "202",
						"NUM_BAR" : "2",
						"BARRIO_MT" : "HELLÍN",
						"COD_DISB" : "20-2",
						"Area" : null
					}
				},
				{
					"type" : "Polygon",
					"arcs" : [
						[ -228, 235, -225, -210 ]
					],
					"properties" : {
						"CODDIS" : "4",
						"NOMDIS" : "Salamanca",
						"COD_BAR" : "046",
						"NOMBRE" : "Castellana",
						"COD_DIS_TX" : "04",
						"BARRIO_MAY" : "CASTELLANA",
						"COD_DISBAR" : "46",
						"NUM_BAR" : "6",
						"BARRIO_MT" : "CASTELLANA",
						"COD_DISB" : "4-6",
						"Area" : null
					}
				},
				{
					"type" : "Polygon",
					"arcs" : [
						[ -232, 236, 237, -204 ]
					],
					"properties" : {
						"CODDIS" : "7",
						"NOMDIS" : "Chamberí",
						"COD_BAR" : "072",
						"NOMBRE" : "Arapiles",
						"COD_DIS_TX" : "07",
						"BARRIO_MAY" : "ARAPILES",
						"COD_DISBAR" : "72",
						"NUM_BAR" : "2",
						"BARRIO_MT" : "ARAPILES",
						"COD_DISB" : "7-2",
						"Area" : null
					}
				},
				{
					"type" : "Polygon",
					"arcs" : [
						[ -238, 238, 239, -195, -205 ]
					],
					"properties" : {
						"CODDIS" : "7",
						"NOMDIS" : "Chamberí",
						"COD_BAR" : "071",
						"NOMBRE" : "Gaztambide",
						"COD_DIS_TX" : "07",
						"BARRIO_MAY" : "GAZTAMBIDE",
						"COD_DISBAR" : "71",
						"NUM_BAR" : "1",
						"BARRIO_MT" : "GAZTAMBIDE",
						"COD_DISB" : "7-1",
						"Area" : null
					}
				},
				{
					"type" : "Polygon",
					"arcs" : [
						[ -185, -224, 240, 241, -206 ]
					],
					"properties" : {
						"CODDIS" : "15",
						"NOMDIS" : "Ciudad Lineal",
						"COD_BAR" : "153",
						"NOMBRE" : "Quintana",
						"COD_DIS_TX" : "15",
						"BARRIO_MAY" : "QUINTANA",
						"COD_DISBAR" : "153",
						"NUM_BAR" : "3",
						"BARRIO_MT" : "QUINTANA",
						"COD_DISB" : "15-3",
						"Area" : null
					}
				},
				{
					"type" : "Polygon",
					"arcs" : [
						[ -242, 242, 243, -233, -207 ]
					],
					"properties" : {
						"CODDIS" : "15",
						"NOMDIS" : "Ciudad Lineal",
						"COD_BAR" : "154",
						"NOMBRE" : "La Concepción",
						"COD_DIS_TX" : "15",
						"BARRIO_MAY" : "LA CONCEPCION",
						"COD_DISBAR" : "154",
						"NUM_BAR" : "4",
						"BARRIO_MT" : "LA CONCEPCIÓN",
						"COD_DISB" : "15-4",
						"Area" : null
					}
				},
				{
					"type" : "Polygon",
					"arcs" : [
						[ 244, -222, -201, 245, 246 ]
					],
					"properties" : {
						"CODDIS" : "20",
						"NOMDIS" : "San Blas - Canillejas",
						"COD_BAR" : "207",
						"NOMBRE" : "Canillejas",
						"COD_DIS_TX" : "20",
						"BARRIO_MAY" : "CANILLEJAS",
						"COD_DISBAR" : "207",
						"NUM_BAR" : "7",
						"BARRIO_MT" : "CANILLEJAS",
						"COD_DISB" : "20-7",
						"Area" : null
					}
				},
				{
					"type" : "Polygon",
					"arcs" : [
						[ -244, 247, 248, -234 ]
					],
					"properties" : {
						"CODDIS" : "15",
						"NOMDIS" : "Ciudad Lineal",
						"COD_BAR" : "155",
						"NOMBRE" : "San Pascual",
						"COD_DIS_TX" : "15",
						"BARRIO_MAY" : "SAN PASCUAL",
						"COD_DISBAR" : "155",
						"NUM_BAR" : "5",
						"BARRIO_MT" : "SAN PASCUAL",
						"COD_DISB" : "15-5",
						"Area" : null
					}
				},
				{
					"type" : "Polygon",
					"arcs" : [
						[ 249, 250, 251, -231, -226 ]
					],
					"properties" : {
						"CODDIS" : "7",
						"NOMDIS" : "Chamberí",
						"COD_BAR" : "075",
						"NOMBRE" : "Ríos Rosas",
						"COD_DIS_TX" : "07",
						"BARRIO_MAY" : "RIOS ROSAS",
						"COD_DISBAR" : "75",
						"NUM_BAR" : "5",
						"BARRIO_MT" : "RÍOS ROSAS",
						"COD_DISB" : "7-5",
						"Area" : null
					}
				},
				{
					"type" : "Polygon",
					"arcs" : [
						[ -235, 252, 253, 254, 255, -230 ]
					],
					"properties" : {
						"CODDIS" : "5",
						"NOMDIS" : "Chamartín",
						"COD_BAR" : "052",
						"NOMBRE" : "Prosperidad",
						"COD_DIS_TX" : "05",
						"BARRIO_MAY" : "PROSPERIDAD",
						"COD_DISBAR" : "52",
						"NUM_BAR" : "2",
						"BARRIO_MT" : "PROSPERIDAD",
						"COD_DISB" : "5-2",
						"Area" : null
					}
				},
				{
					"type" : "Polygon",
					"arcs" : [
						[ 256, 257, -239, -237, -252 ]
					],
					"properties" : {
						"CODDIS" : "7",
						"NOMDIS" : "Chamberí",
						"COD_BAR" : "076",
						"NOMBRE" : "Vallehermoso",
						"COD_DIS_TX" : "07",
						"BARRIO_MAY" : "VALLEHERMOSO",
						"COD_DISBAR" : "76",
						"NUM_BAR" : "6",
						"BARRIO_MT" : "VALLEHERMOSO",
						"COD_DISB" : "7-6",
						"Area" : null
					}
				},
				{
					"type" : "Polygon",
					"arcs" : [
						[ -256, 258, 259, 260, -250, -236 ]
					],
					"properties" : {
						"CODDIS" : "5",
						"NOMDIS" : "Chamartín",
						"COD_BAR" : "051",
						"NOMBRE" : "El Viso",
						"COD_DIS_TX" : "05",
						"BARRIO_MAY" : "EL VISO",
						"COD_DISBAR" : "51",
						"NUM_BAR" : "1",
						"BARRIO_MT" : "EL VISO",
						"COD_DISB" : "5-1",
						"Area" : null
					}
				},
				{
					"type" : "Polygon",
					"arcs" : [
						[ 261, -248, -243, -241, -223, -245, 262 ]
					],
					"properties" : {
						"CODDIS" : "20",
						"NOMDIS" : "San Blas - Canillejas",
						"COD_BAR" : "208",
						"NOMBRE" : "El Salvador",
						"COD_DIS_TX" : "20",
						"BARRIO_MAY" : "EL SALVADOR",
						"COD_DISBAR" : "208",
						"NUM_BAR" : "8",
						"BARRIO_MT" : "EL SALVADOR",
						"COD_DISB" : "20-8",
						"Area" : null
					}
				},
				{
					"type" : "Polygon",
					"arcs" : [
						[ 263, -199, 264, 265 ]
					],
					"properties" : {
						"CODDIS" : "20",
						"NOMDIS" : "San Blas - Canillejas",
						"COD_BAR" : "206",
						"NOMBRE" : "Rejas",
						"COD_DIS_TX" : "20",
						"BARRIO_MAY" : "REJAS",
						"COD_DISBAR" : "206",
						"NUM_BAR" : "6",
						"BARRIO_MT" : "REJAS",
						"COD_DISB" : "20-6",
						"Area" : null
					}
				},
				{
					"type" : "Polygon",
					"arcs" : [
						[ 266, -259, -255 ]
					],
					"properties" : {
						"CODDIS" : "5",
						"NOMDIS" : "Chamartín",
						"COD_BAR" : "053",
						"NOMBRE" : "Ciudad Jardín",
						"COD_DIS_TX" : "05",
						"BARRIO_MAY" : "CIUDAD JARDIN",
						"COD_DISBAR" : "53",
						"NUM_BAR" : "3",
						"BARRIO_MT" : "CIUDAD JARDÍN",
						"COD_DISB" : "5-3",
						"Area" : null
					}
				},
				{
					"type" : "Polygon",
					"arcs" : [
						[ 267, 268, 269, -216, -196, -240, -258, 270, 271, 272, 273 ]
					],
					"properties" : {
						"CODDIS" : "9",
						"NOMDIS" : "Moncloa - Aravaca",
						"COD_BAR" : "093",
						"NOMBRE" : "Ciudad Universitaria",
						"COD_DIS_TX" : "09",
						"BARRIO_MAY" : "CIUDAD UNIVERSITARIA",
						"COD_DISBAR" : "93",
						"NUM_BAR" : "3",
						"BARRIO_MT" : "CIUDAD UNIVERSITARIA",
						"COD_DISB" : "9-3",
						"Area" : null
					}
				},
				{
					"type" : "Polygon",
					"arcs" : [
						[ -261, 274, 275, 276, 277, -251 ]
					],
					"properties" : {
						"CODDIS" : "6",
						"NOMDIS" : "Tetuán",
						"COD_BAR" : "062",
						"NOMBRE" : "Cuatro Caminos",
						"COD_DIS_TX" : "06",
						"BARRIO_MAY" : "CUATRO CAMINOS",
						"COD_DISBAR" : "62",
						"NUM_BAR" : "2",
						"BARRIO_MT" : "CUATRO CAMINOS",
						"COD_DISB" : "6-2",
						"Area" : null
					}
				},
				{
					"type" : "Polygon",
					"arcs" : [
						[ -278, 278, -271, -257 ]
					],
					"properties" : {
						"CODDIS" : "6",
						"NOMDIS" : "Tetuán",
						"COD_BAR" : "061",
						"NOMBRE" : "Bellas Vistas",
						"COD_DIS_TX" : "06",
						"BARRIO_MAY" : "BELLAS VISTAS",
						"COD_DISBAR" : "61",
						"NUM_BAR" : "1",
						"BARRIO_MT" : "BELLAS VISTAS",
						"COD_DISB" : "6-1",
						"Area" : null
					}
				},
				{
					"type" : "Polygon",
					"arcs" : [
						[ -270, 279, 280, 281, -217 ]
					],
					"properties" : {
						"CODDIS" : "9",
						"NOMDIS" : "Moncloa - Aravaca",
						"COD_BAR" : "097",
						"NOMBRE" : "Aravaca",
						"COD_DIS_TX" : "09",
						"BARRIO_MAY" : "ARAVACA",
						"COD_DISBAR" : "97",
						"NUM_BAR" : "7",
						"BARRIO_MT" : "ARAVACA",
						"COD_DISB" : "9-7",
						"Area" : null
					}
				},
				{
					"type" : "Polygon",
					"arcs" : [
						[ -249, 282, 283, -253 ]
					],
					"properties" : {
						"CODDIS" : "15",
						"NOMDIS" : "Ciudad Lineal",
						"COD_BAR" : "156",
						"NOMBRE" : "San Juan Bautista",
						"COD_DIS_TX" : "15",
						"BARRIO_MAY" : "SAN JUAN BAUTISTA",
						"COD_DISBAR" : "156",
						"NUM_BAR" : "6",
						"BARRIO_MT" : "SAN JUAN BAUTISTA",
						"COD_DISB" : "15-6",
						"Area" : null
					}
				},
				{
					"type" : "Polygon",
					"arcs" : [
						[ 284, 285, 286, -246, -200, -264 ]
					],
					"properties" : {
						"CODDIS" : "21",
						"NOMDIS" : "Barajas",
						"COD_BAR" : "211",
						"NOMBRE" : "Alameda de Osuna",
						"COD_DIS_TX" : "21",
						"BARRIO_MAY" : "ALAMEDA DE OSUNA",
						"COD_DISBAR" : "211",
						"NUM_BAR" : "1",
						"BARRIO_MT" : "ALAMEDA DE OSUNA",
						"COD_DISB" : "21-1",
						"Area" : null
					}
				},
				{
					"type" : "Polygon",
					"arcs" : [
						[ 287, 288, -263, -247, -287 ]
					],
					"properties" : {
						"CODDIS" : "16",
						"NOMDIS" : "Hortaleza",
						"COD_BAR" : "161",
						"NOMBRE" : "Palomas",
						"COD_DIS_TX" : "16",
						"BARRIO_MAY" : "PALOMAS",
						"COD_DISBAR" : "161",
						"NUM_BAR" : "1",
						"BARRIO_MT" : "PALOMAS",
						"COD_DISB" : "16-1",
						"Area" : null
					}
				},
				{
					"type" : "Polygon",
					"arcs" : [
						[ 289, 290, 291, -275, -260, -267, -254 ]
					],
					"properties" : {
						"CODDIS" : "5",
						"NOMDIS" : "Chamartín",
						"COD_BAR" : "054",
						"NOMBRE" : "Hispanoamérica",
						"COD_DIS_TX" : "05",
						"BARRIO_MAY" : "HISPANOAMERICA",
						"COD_DISBAR" : "54",
						"NUM_BAR" : "4",
						"BARRIO_MT" : "HISPANOAMÉRICA",
						"COD_DISB" : "5-4",
						"Area" : null
					}
				},
				{
					"type" : "Polygon",
					"arcs" : [
						[ -284, 292, 293, 294, -290 ]
					],
					"properties" : {
						"CODDIS" : "15",
						"NOMDIS" : "Ciudad Lineal",
						"COD_BAR" : "157",
						"NOMBRE" : "Colina",
						"COD_DIS_TX" : "15",
						"BARRIO_MAY" : "COLINA",
						"COD_DISBAR" : "157",
						"NUM_BAR" : "7",
						"BARRIO_MT" : "COLINA",
						"COD_DISB" : "15-7",
						"Area" : null
					}
				},
				{
					"type" : "Polygon",
					"arcs" : [
						[ 295, 296, -279, -277, 297 ]
					],
					"properties" : {
						"CODDIS" : "6",
						"NOMDIS" : "Tetuán",
						"COD_BAR" : "066",
						"NOMBRE" : "Berruguete",
						"COD_DIS_TX" : "06",
						"BARRIO_MAY" : "BERRUGUETE",
						"COD_DISBAR" : "66",
						"NUM_BAR" : "6",
						"BARRIO_MT" : "BERRUGUETE",
						"COD_DISB" : "6-6",
						"Area" : null
					}
				},
				{
					"type" : "Polygon",
					"arcs" : [
						[ 298, -283, -262, -289, 299 ]
					],
					"properties" : {
						"CODDIS" : "16",
						"NOMDIS" : "Hortaleza",
						"COD_BAR" : "162",
						"NOMBRE" : "Piovera",
						"COD_DIS_TX" : "16",
						"BARRIO_MAY" : "PIOVERA",
						"COD_DISBAR" : "162",
						"NUM_BAR" : "2",
						"BARRIO_MT" : "PIOVERA",
						"COD_DISB" : "16-2",
						"Area" : null
					}
				},
				{
					"type" : "Polygon",
					"arcs" : [
						[ 300, 301, 302, -298, -276, -292 ]
					],
					"properties" : {
						"CODDIS" : "6",
						"NOMDIS" : "Tetuán",
						"COD_BAR" : "063",
						"NOMBRE" : "Castillejos",
						"COD_DIS_TX" : "06",
						"BARRIO_MAY" : "CASTILLEJOS",
						"COD_DISBAR" : "63",
						"NUM_BAR" : "3",
						"BARRIO_MT" : "CASTILLEJOS",
						"COD_DISB" : "6-3",
						"Area" : null
					}
				},
				{
					"type" : "Polygon",
					"arcs" : [
						[ 303, -293, -299, 304 ]
					],
					"properties" : {
						"CODDIS" : "16",
						"NOMDIS" : "Hortaleza",
						"COD_BAR" : "163",
						"NOMBRE" : "Canillas",
						"COD_DIS_TX" : "16",
						"BARRIO_MAY" : "CANILLAS",
						"COD_DISBAR" : "163",
						"NUM_BAR" : "3",
						"BARRIO_MT" : "CANILLAS",
						"COD_DISB" : "16-3",
						"Area" : null
					}
				},
				{
					"type" : "Polygon",
					"arcs" : [
						[ 305, -301, -291, 306 ]
					],
					"properties" : {
						"CODDIS" : "5",
						"NOMDIS" : "Chamartín",
						"COD_BAR" : "055",
						"NOMBRE" : "Nueva España",
						"COD_DIS_TX" : "05",
						"BARRIO_MAY" : "NUEVA ESPAÑA",
						"COD_DISBAR" : "55",
						"NUM_BAR" : "5",
						"BARRIO_MT" : "NUEVA ESPAÑA",
						"COD_DISB" : "5-5",
						"Area" : null
					}
				},
				{
					"type" : "Polygon",
					"arcs" : [
						[ -297, 307, 308, 309, -272 ]
					],
					"properties" : {
						"CODDIS" : "9",
						"NOMDIS" : "Moncloa - Aravaca",
						"COD_BAR" : "094",
						"NOMBRE" : "Valdezarza",
						"COD_DIS_TX" : "09",
						"BARRIO_MAY" : "VALDEZARZA",
						"COD_DISBAR" : "94",
						"NUM_BAR" : "4",
						"BARRIO_MT" : "VALDEZARZA",
						"COD_DISB" : "9-4",
						"Area" : null
					}
				},
				{
					"type" : "Polygon",
					"arcs" : [
						[ -303, 310, 311, -308, -296 ]
					],
					"properties" : {
						"CODDIS" : "6",
						"NOMDIS" : "Tetuán",
						"COD_BAR" : "065",
						"NOMBRE" : "Valdeacederas",
						"COD_DIS_TX" : "06",
						"BARRIO_MAY" : "VALDEACEDERAS",
						"COD_DISBAR" : "65",
						"NUM_BAR" : "5",
						"BARRIO_MT" : "VALDEACEDERAS",
						"COD_DISB" : "6-5",
						"Area" : null
					}
				},
				{
					"type" : "Polygon",
					"arcs" : [
						[ -286, 312, 313, 314, -305, -300, -288 ]
					],
					"properties" : {
						"CODDIS" : "21",
						"NOMDIS" : "Barajas",
						"COD_BAR" : "215",
						"NOMBRE" : "Corralejos",
						"COD_DIS_TX" : "21",
						"BARRIO_MAY" : "CORRALEJOS",
						"COD_DISBAR" : "215",
						"NUM_BAR" : "5",
						"BARRIO_MT" : "CORRALEJOS",
						"COD_DISB" : "21-5",
						"Area" : null
					}
				},
				{
					"type" : "Polygon",
					"arcs" : [
						[ 315, 316, -307, -295 ]
					],
					"properties" : {
						"CODDIS" : "15",
						"NOMDIS" : "Ciudad Lineal",
						"COD_BAR" : "158",
						"NOMBRE" : "Atalaya",
						"COD_DIS_TX" : "15",
						"BARRIO_MAY" : "ATALAYA",
						"COD_DISBAR" : "158",
						"NUM_BAR" : "8",
						"BARRIO_MT" : "ATALAYA",
						"COD_DISB" : "15-8",
						"Area" : null
					}
				},
				{
					"type" : "Polygon",
					"arcs" : [
						[ 317, -311, -302, 318 ]
					],
					"properties" : {
						"CODDIS" : "6",
						"NOMDIS" : "Tetuán",
						"COD_BAR" : "064",
						"NOMBRE" : "Almenara",
						"COD_DIS_TX" : "06",
						"BARRIO_MAY" : "ALMENARA",
						"COD_DISBAR" : "64",
						"NUM_BAR" : "4",
						"BARRIO_MT" : "ALMENARA",
						"COD_DISB" : "6-4",
						"Area" : null
					}
				},
				{
					"type" : "Polygon",
					"arcs" : [
						[ 319, 320, -316, -294, -304 ]
					],
					"properties" : {
						"CODDIS" : "16",
						"NOMDIS" : "Hortaleza",
						"COD_BAR" : "164",
						"NOMBRE" : "Pinar del Rey",
						"COD_DIS_TX" : "16",
						"BARRIO_MAY" : "PINAR DEL REY",
						"COD_DISBAR" : "164",
						"NUM_BAR" : "4",
						"BARRIO_MT" : "PINAR DEL REY",
						"COD_DISB" : "16-4",
						"Area" : null
					}
				},
				{
					"type" : "Polygon",
					"arcs" : [
						[ 321, 322, 323, -319, -306 ]
					],
					"properties" : {
						"CODDIS" : "5",
						"NOMDIS" : "Chamartín",
						"COD_BAR" : "056",
						"NOMBRE" : "Castilla",
						"COD_DIS_TX" : "05",
						"BARRIO_MAY" : "CASTILLA",
						"COD_DISBAR" : "56",
						"NUM_BAR" : "6",
						"BARRIO_MT" : "CASTILLA",
						"COD_DISB" : "5-6",
						"Area" : null
					}
				},
				{
					"type" : "Polygon",
					"arcs" : [
						[ 324, 325, 326, -314 ]
					],
					"properties" : {
						"CODDIS" : "21",
						"NOMDIS" : "Barajas",
						"COD_BAR" : "214",
						"NOMBRE" : "Timón",
						"COD_DIS_TX" : "21",
						"BARRIO_MAY" : "TIMON",
						"COD_DISBAR" : "214",
						"NUM_BAR" : "4",
						"BARRIO_MT" : "TIMÓN",
						"COD_DISB" : "21-4",
						"Area" : null
					}
				},
				{
					"type" : "Polygon",
					"arcs" : [
						[ -269, 327, 328, -280 ]
					],
					"properties" : {
						"CODDIS" : "9",
						"NOMDIS" : "Moncloa - Aravaca",
						"COD_BAR" : "095",
						"NOMBRE" : "Valdemarín",
						"COD_DIS_TX" : "09",
						"BARRIO_MAY" : "VALDEMARIN",
						"COD_DISBAR" : "95",
						"NUM_BAR" : "5",
						"BARRIO_MT" : "VALDEMARÍN",
						"COD_DISB" : "9-5",
						"Area" : null
					}
				},
				{
					"type" : "Polygon",
					"arcs" : [
						[ -317, 329, 330, -322 ]
					],
					"properties" : {
						"CODDIS" : "15",
						"NOMDIS" : "Ciudad Lineal",
						"COD_BAR" : "159",
						"NOMBRE" : "Costillares",
						"COD_DIS_TX" : "15",
						"BARRIO_MAY" : "COSTILLARES",
						"COD_DISBAR" : "159",
						"NUM_BAR" : "9",
						"BARRIO_MT" : "COSTILLARES",
						"COD_DISB" : "15-9",
						"Area" : null
					}
				},
				{
					"type" : "Polygon",
					"arcs" : [
						[ 331, -325 ]
					],
					"properties" : {
						"CODDIS" : "21",
						"NOMDIS" : "Barajas",
						"COD_BAR" : "213",
						"NOMBRE" : "Casco Histórico de Barajas",
						"COD_DIS_TX" : "21",
						"BARRIO_MAY" : "CASCO HISTORICO DE BARAJAS",
						"COD_DISBAR" : "213",
						"NUM_BAR" : "3",
						"BARRIO_MT" : "CASCO HISTÓRICO DE BARAJAS",
						"COD_DISB" : "21-3",
						"Area" : null
					}
				},
				{
					"type" : "Polygon",
					"arcs" : [
						[ -321, 332, -330 ]
					],
					"properties" : {
						"CODDIS" : "16",
						"NOMDIS" : "Hortaleza",
						"COD_BAR" : "165",
						"NOMBRE" : "Apóstol Santiago",
						"COD_DIS_TX" : "16",
						"BARRIO_MAY" : "APOSTOL SANTIAGO",
						"COD_DISBAR" : "165",
						"NUM_BAR" : "5",
						"BARRIO_MT" : "APÓSTOL SANTIAGO",
						"COD_DISB" : "16-5",
						"Area" : null
					}
				},
				{
					"type" : "Polygon",
					"arcs" : [
						[ 333, 334, 335, -309, -312 ]
					],
					"properties" : {
						"CODDIS" : "8",
						"NOMDIS" : "Fuencarral - El Pardo",
						"COD_BAR" : "084",
						"NOMBRE" : "Pilar",
						"COD_DIS_TX" : "08",
						"BARRIO_MAY" : "PILAR",
						"COD_DISBAR" : "84",
						"NUM_BAR" : "4",
						"BARRIO_MT" : "PILAR",
						"COD_DISB" : "8-4",
						"Area" : null
					}
				},
				{
					"type" : "Polygon",
					"arcs" : [
						[ 336, 337, -273, -310, -336 ]
					],
					"properties" : {
						"CODDIS" : "8",
						"NOMDIS" : "Fuencarral - El Pardo",
						"COD_BAR" : "083",
						"NOMBRE" : "Peñagrande",
						"COD_DIS_TX" : "08",
						"BARRIO_MAY" : "PEÑAGRANDE",
						"COD_DISBAR" : "83",
						"NUM_BAR" : "3",
						"BARRIO_MT" : "PEÑAGRANDE",
						"COD_DISB" : "8-3",
						"Area" : null
					}
				},
				{
					"type" : "Polygon",
					"arcs" : [
						[ -329, 338, 339, -281 ]
					],
					"properties" : {
						"CODDIS" : "9",
						"NOMDIS" : "Moncloa - Aravaca",
						"COD_BAR" : "096",
						"NOMBRE" : "El Plantío",
						"COD_DIS_TX" : "09",
						"BARRIO_MAY" : "EL PLANTIO",
						"COD_DISBAR" : "96",
						"NUM_BAR" : "6",
						"BARRIO_MT" : "EL PLANTÍO",
						"COD_DISB" : "9-6",
						"Area" : null
					}
				},
				{
					"type" : "Polygon",
					"arcs" : [
						[ -324, 340, 341, -334, -318 ]
					],
					"properties" : {
						"CODDIS" : "8",
						"NOMDIS" : "Fuencarral - El Pardo",
						"COD_BAR" : "085",
						"NOMBRE" : "La Paz",
						"COD_DIS_TX" : "08",
						"BARRIO_MAY" : "LA PAZ",
						"COD_DISBAR" : "85",
						"NUM_BAR" : "5",
						"BARRIO_MT" : "LA PAZ",
						"COD_DISB" : "8-5",
						"Area" : null
					}
				},
				{
					"type" : "Polygon",
					"arcs" : [
						[ 342, 343, -274, -338 ]
					],
					"properties" : {
						"CODDIS" : "8",
						"NOMDIS" : "Fuencarral - El Pardo",
						"COD_BAR" : "082",
						"NOMBRE" : "Fuentelarreina",
						"COD_DIS_TX" : "08",
						"BARRIO_MAY" : "FUENTELARREINA",
						"COD_DISBAR" : "82",
						"NUM_BAR" : "2",
						"BARRIO_MT" : "FUENTELARREINA",
						"COD_DISB" : "8-2",
						"Area" : null
					}
				},
				{
					"type" : "Polygon",
					"arcs" : [
						[ 344, 345, -331, -333, -320, -315, -327, 346 ]
					],
					"properties" : {
						"CODDIS" : "16",
						"NOMDIS" : "Hortaleza",
						"COD_BAR" : "166",
						"NOMBRE" : "Valdefuentes",
						"COD_DIS_TX" : "16",
						"BARRIO_MAY" : "VALDEFUENTES",
						"COD_DISBAR" : "166",
						"NUM_BAR" : "6",
						"BARRIO_MT" : "VALDEFUENTES",
						"COD_DISB" : "16-6",
						"Area" : null
					}
				},
				{
					"type" : "Polygon",
					"arcs" : [
						[ 347, 348, 349, -341, -323, -346 ]
					],
					"properties" : {
						"CODDIS" : "8",
						"NOMDIS" : "Fuencarral - El Pardo",
						"COD_BAR" : "086",
						"NOMBRE" : "Valverde",
						"COD_DIS_TX" : "08",
						"BARRIO_MAY" : "VALVERDE",
						"COD_DISBAR" : "86",
						"NUM_BAR" : "6",
						"BARRIO_MT" : "VALVERDE",
						"COD_DISB" : "8-6",
						"Area" : null
					}
				},
				{
					"type" : "Polygon",
					"arcs" : [
						[ 350, 351, -343, -337, -335, -342, -350 ]
					],
					"properties" : {
						"CODDIS" : "8",
						"NOMDIS" : "Fuencarral - El Pardo",
						"COD_BAR" : "087",
						"NOMBRE" : "Mirasierra",
						"COD_DIS_TX" : "08",
						"BARRIO_MAY" : "MIRASIERRA",
						"COD_DISBAR" : "87",
						"NUM_BAR" : "7",
						"BARRIO_MT" : "MIRASIERRA",
						"COD_DISB" : "8-7",
						"Area" : null
					}
				},
				{
					"type" : "Polygon",
					"arcs" : [
						[ 352, -351, -349, 353 ]
					],
					"properties" : {
						"CODDIS" : "8",
						"NOMDIS" : "Fuencarral - El Pardo",
						"COD_BAR" : "088",
						"NOMBRE" : "El Goloso",
						"COD_DIS_TX" : "08",
						"BARRIO_MAY" : "EL GOLOSO",
						"COD_DISBAR" : "88",
						"NUM_BAR" : "8",
						"BARRIO_MT" : "EL GOLOSO",
						"COD_DISB" : "8-8",
						"Area" : null
					}
				},
				{
					"type" : "Polygon",
					"arcs" : [
						[ 354, -347, -326, -332, -313, -285, -266 ]
					],
					"properties" : {
						"CODDIS" : "21",
						"NOMDIS" : "Barajas",
						"COD_BAR" : "212",
						"NOMBRE" : "Aeropuerto",
						"COD_DIS_TX" : "21",
						"BARRIO_MAY" : "AEROPUERTO",
						"COD_DISBAR" : "212",
						"NUM_BAR" : "2",
						"BARRIO_MT" : "AEROPUERTO",
						"COD_DISB" : "21-2",
						"Area" : null
					}
				},
				{
					"type" : "Polygon",
					"arcs" : [
						[ 355, -339, -328, -268, -344, -352, -353 ]
					],
					"properties" : {
						"CODDIS" : "8",
						"NOMDIS" : "Fuencarral - El Pardo",
						"COD_BAR" : "081",
						"NOMBRE" : "El Pardo",
						"COD_DIS_TX" : "08",
						"BARRIO_MAY" : "EL PARDO",
						"COD_DISBAR" : "81",
						"NUM_BAR" : "1",
						"BARRIO_MT" : "EL PARDO",
						"COD_DISB" : "8-1",
						"Area" : null
					}
				}
			]
		}
	},
	"transform" : {
		"scale" : [ 0.000010000269667, 0.000010000301928 ],
		"translate" : [ -3.888963415890874, 40.31206475756936 ]
	}
}